{
    "Đặc khu Kiên Hải": {
        "Đặc khu Kiên Hải": {
            "state": "An Giang",
            "city": "Đặc khu Kiên Hải",
            "ward": "Đặc khu Kiên Hải"
        }
    },
    "Đặc khu Phú Quốc": {
        "Đặc khu Phú Quốc": {
            "state": "An Giang",
            "city": "Đặc khu Phú Quốc",
            "ward": "Đặc khu Phú Quốc"
        }
    },
    "Đặc khu Thổ Châu": {
        "Đặc khu Thổ Châu": {
            "state": "An Giang",
            "city": "Đặc khu Thổ Châu",
            "ward": "Đặc khu Thổ Châu"
        }
    },
    "Phường Bình Đức": {
        "Phường Bình Đức": {
            "state": "An Giang",
            "city": "Phường Bình Đức",
            "ward": "Phường Bình Đức"
        }
    },
    "Phường Chi Lăng": {
        "Phường Chi Lăng": {
            "state": "An Giang",
            "city": "Phường Chi Lăng",
            "ward": "Phường Chi Lăng"
        }
    },
    "Phường Châu Đốc": {
        "Phường Châu Đốc": {
            "state": "An Giang",
            "city": "Phường Châu Đốc",
            "ward": "Phường Châu Đốc"
        }
    },
    "Phường Hà Tiên": {
        "Phường Hà Tiên": {
            "state": "An Giang",
            "city": "Phường Hà Tiên",
            "ward": "Phường Hà Tiên"
        }
    },
    "Phường Long Phú": {
        "Phường Long Phú": {
            "state": "An Giang",
            "city": "Phường Long Phú",
            "ward": "Phường Long Phú"
        }
    },
    "Phường Long Xuyên": {
        "Phường Long Xuyên": {
            "state": "An Giang",
            "city": "Phường Long Xuyên",
            "ward": "Phường Long Xuyên"
        }
    },
    "Phường Mỹ Thới ": {
        "Phường Mỹ Thới ": {
            "state": "An Giang",
            "city": "Phường Mỹ Thới ",
            "ward": "Phường Mỹ Thới "
        }
    },
    "Phường Rạch Giá": {
        "Phường Rạch Giá": {
            "state": "An Giang",
            "city": "Phường Rạch Giá",
            "ward": "Phường Rạch Giá"
        }
    },
    "Phường Thới Sơn": {
        "Phường Thới Sơn": {
            "state": "An Giang",
            "city": "Phường Thới Sơn",
            "ward": "Phường Thới Sơn"
        }
    },
    "Phường Tân Châu": {
        "Phường Tân Châu": {
            "state": "An Giang",
            "city": "Phường Tân Châu",
            "ward": "Phường Tân Châu"
        }
    },
    "Phường Tô Châu": {
        "Phường Tô Châu": {
            "state": "An Giang",
            "city": "Phường Tô Châu",
            "ward": "Phường Tô Châu"
        }
    },
    "Phường Tịnh Biên": {
        "Phường Tịnh Biên": {
            "state": "An Giang",
            "city": "Phường Tịnh Biên",
            "ward": "Phường Tịnh Biên"
        }
    },
    "Phường Vĩnh Thông": {
        "Phường Vĩnh Thông": {
            "state": "An Giang",
            "city": "Phường Vĩnh Thông",
            "ward": "Phường Vĩnh Thông"
        }
    },
    "Phường Vĩnh Tế": {
        "Phường Vĩnh Tế": {
            "state": "An Giang",
            "city": "Phường Vĩnh Tế",
            "ward": "Phường Vĩnh Tế"
        }
    },
    "Xã An Biên": {
        "Xã An Biên": {
            "state": "An Giang",
            "city": "Xã An Biên",
            "ward": "Xã An Biên"
        }
    },
    "Xã An Châu": {
        "Xã An Châu": {
            "state": "An Giang",
            "city": "Xã An Châu",
            "ward": "Xã An Châu"
        }
    },
    "Xã An Cư": {
        "Xã An Cư": {
            "state": "An Giang",
            "city": "Xã An Cư",
            "ward": "Xã An Cư"
        }
    },
    "Xã An Minh": {
        "Xã An Minh": {
            "state": "An Giang",
            "city": "Xã An Minh",
            "ward": "Xã An Minh"
        }
    },
    "Xã An Phú": {
        "Xã An Phú": {
            "state": "An Giang",
            "city": "Xã An Phú",
            "ward": "Xã An Phú"
        }
    },
    "Xã Ba Chúc": {
        "Xã Ba Chúc": {
            "state": "An Giang",
            "city": "Xã Ba Chúc",
            "ward": "Xã Ba Chúc"
        }
    },
    "Xã Bình An": {
        "Xã Bình An": {
            "state": "An Giang",
            "city": "Xã Bình An",
            "ward": "Xã Bình An"
        }
    },
    "Xã Bình Giang": {
        "Xã Bình Giang": {
            "state": "An Giang",
            "city": "Xã Bình Giang",
            "ward": "Xã Bình Giang"
        }
    },
    "Xã Bình Hòa": {
        "Xã Bình Hòa": {
            "state": "An Giang",
            "city": "Xã Bình Hòa",
            "ward": "Xã Bình Hòa"
        }
    },
    "Xã Bình Mỹ": {
        "Xã Bình Mỹ": {
            "state": "An Giang",
            "city": "Xã Bình Mỹ",
            "ward": "Xã Bình Mỹ"
        }
    },
    "Xã Bình Sơn": {
        "Xã Bình Sơn": {
            "state": "An Giang",
            "city": "Xã Bình Sơn",
            "ward": "Xã Bình Sơn"
        }
    },
    "Xã Bình Thạnh Đông": {
        "Xã Bình Thạnh Đông": {
            "state": "An Giang",
            "city": "Xã Bình Thạnh Đông",
            "ward": "Xã Bình Thạnh Đông"
        }
    },
    "Xã Châu Phong": {
        "Xã Châu Phong": {
            "state": "An Giang",
            "city": "Xã Châu Phong",
            "ward": "Xã Châu Phong"
        }
    },
    "Xã Châu Phú": {
        "Xã Châu Phú": {
            "state": "An Giang",
            "city": "Xã Châu Phú",
            "ward": "Xã Châu Phú"
        }
    },
    "Xã Châu Thành": {
        "Xã Châu Thành": {
            "state": "An Giang",
            "city": "Xã Châu Thành",
            "ward": "Xã Châu Thành"
        }
    },
    "Xã Chợ Mới": {
        "Xã Chợ Mới": {
            "state": "An Giang",
            "city": "Xã Chợ Mới",
            "ward": "Xã Chợ Mới"
        }
    },
    "Xã Chợ Vàm": {
        "Xã Chợ Vàm": {
            "state": "An Giang",
            "city": "Xã Chợ Vàm",
            "ward": "Xã Chợ Vàm"
        }
    },
    "Xã Cô Tô": {
        "Xã Cô Tô": {
            "state": "An Giang",
            "city": "Xã Cô Tô",
            "ward": "Xã Cô Tô"
        }
    },
    "Xã Cù Lao Giêng": {
        "Xã Cù Lao Giêng": {
            "state": "An Giang",
            "city": "Xã Cù Lao Giêng",
            "ward": "Xã Cù Lao Giêng"
        }
    },
    "Xã Cần Đăng": {
        "Xã Cần Đăng": {
            "state": "An Giang",
            "city": "Xã Cần Đăng",
            "ward": "Xã Cần Đăng"
        }
    },
    "Xã Giang Thành": {
        "Xã Giang Thành": {
            "state": "An Giang",
            "city": "Xã Giang Thành",
            "ward": "Xã Giang Thành"
        }
    },
    "Xã Giồng Riềng": {
        "Xã Giồng Riềng": {
            "state": "An Giang",
            "city": "Xã Giồng Riềng",
            "ward": "Xã Giồng Riềng"
        }
    },
    "Xã Gò Quao": {
        "Xã Gò Quao": {
            "state": "An Giang",
            "city": "Xã Gò Quao",
            "ward": "Xã Gò Quao"
        }
    },
    "Xã Hòa Hưng": {
        "Xã Hòa Hưng": {
            "state": "An Giang",
            "city": "Xã Hòa Hưng",
            "ward": "Xã Hòa Hưng"
        }
    },
    "Xã Hòa Lạc": {
        "Xã Hòa Lạc": {
            "state": "An Giang",
            "city": "Xã Hòa Lạc",
            "ward": "Xã Hòa Lạc"
        }
    },
    "Xã Hòa Thuận": {
        "Xã Hòa Thuận": {
            "state": "An Giang",
            "city": "Xã Hòa Thuận",
            "ward": "Xã Hòa Thuận"
        }
    },
    "Xã Hòa Điền": {
        "Xã Hòa Điền": {
            "state": "An Giang",
            "city": "Xã Hòa Điền",
            "ward": "Xã Hòa Điền"
        }
    },
    "Xã Hòn Nghệ": {
        "Xã Hòn Nghệ": {
            "state": "An Giang",
            "city": "Xã Hòn Nghệ",
            "ward": "Xã Hòn Nghệ"
        }
    },
    "Xã Hòn Đất": {
        "Xã Hòn Đất": {
            "state": "An Giang",
            "city": "Xã Hòn Đất",
            "ward": "Xã Hòn Đất"
        }
    },
    "Xã Hội An": {
        "Xã Hội An": {
            "state": "An Giang",
            "city": "Xã Hội An",
            "ward": "Xã Hội An"
        }
    },
    "Xã Khánh Bình": {
        "Xã Khánh Bình": {
            "state": "An Giang",
            "city": "Xã Khánh Bình",
            "ward": "Xã Khánh Bình"
        }
    },
    "Xã Kiên Lương": {
        "Xã Kiên Lương": {
            "state": "An Giang",
            "city": "Xã Kiên Lương",
            "ward": "Xã Kiên Lương"
        }
    },
    "Xã Long Kiến": {
        "Xã Long Kiến": {
            "state": "An Giang",
            "city": "Xã Long Kiến",
            "ward": "Xã Long Kiến"
        }
    },
    "Xã Long Thạnh": {
        "Xã Long Thạnh": {
            "state": "An Giang",
            "city": "Xã Long Thạnh",
            "ward": "Xã Long Thạnh"
        }
    },
    "Xã Long Điền": {
        "Xã Long Điền": {
            "state": "An Giang",
            "city": "Xã Long Điền",
            "ward": "Xã Long Điền"
        }
    },
    "Xã Mỹ Hòa Hưng": {
        "Xã Mỹ Hòa Hưng": {
            "state": "An Giang",
            "city": "Xã Mỹ Hòa Hưng",
            "ward": "Xã Mỹ Hòa Hưng"
        }
    },
    "Xã Mỹ Thuận": {
        "Xã Mỹ Thuận": {
            "state": "An Giang",
            "city": "Xã Mỹ Thuận",
            "ward": "Xã Mỹ Thuận"
        }
    },
    "Xã Mỹ Đức": {
        "Xã Mỹ Đức": {
            "state": "An Giang",
            "city": "Xã Mỹ Đức",
            "ward": "Xã Mỹ Đức"
        }
    },
    "Xã Ngọc Chúc": {
        "Xã Ngọc Chúc": {
            "state": "An Giang",
            "city": "Xã Ngọc Chúc",
            "ward": "Xã Ngọc Chúc"
        }
    },
    "Xã Nhơn Hội ": {
        "Xã Nhơn Hội ": {
            "state": "An Giang",
            "city": "Xã Nhơn Hội ",
            "ward": "Xã Nhơn Hội "
        }
    },
    "Xã Nhơn Mỹ": {
        "Xã Nhơn Mỹ": {
            "state": "An Giang",
            "city": "Xã Nhơn Mỹ",
            "ward": "Xã Nhơn Mỹ"
        }
    },
    "Xã Núi Cấm": {
        "Xã Núi Cấm": {
            "state": "An Giang",
            "city": "Xã Núi Cấm",
            "ward": "Xã Núi Cấm"
        }
    },
    "Xã Phú An": {
        "Xã Phú An": {
            "state": "An Giang",
            "city": "Xã Phú An",
            "ward": "Xã Phú An"
        }
    },
    "Xã Phú Hòa": {
        "Xã Phú Hòa": {
            "state": "An Giang",
            "city": "Xã Phú Hòa",
            "ward": "Xã Phú Hòa"
        }
    },
    "Xã Phú Hữu ": {
        "Xã Phú Hữu ": {
            "state": "An Giang",
            "city": "Xã Phú Hữu ",
            "ward": "Xã Phú Hữu "
        }
    },
    "Xã Phú Lâm": {
        "Xã Phú Lâm": {
            "state": "An Giang",
            "city": "Xã Phú Lâm",
            "ward": "Xã Phú Lâm"
        }
    },
    "Xã Phú Tân": {
        "Xã Phú Tân": {
            "state": "An Giang",
            "city": "Xã Phú Tân",
            "ward": "Xã Phú Tân"
        }
    },
    "Xã Sơn Hải": {
        "Xã Sơn Hải": {
            "state": "An Giang",
            "city": "Xã Sơn Hải",
            "ward": "Xã Sơn Hải"
        }
    },
    "Xã Sơn Kiên": {
        "Xã Sơn Kiên": {
            "state": "An Giang",
            "city": "Xã Sơn Kiên",
            "ward": "Xã Sơn Kiên"
        }
    },
    "Xã Thoại Sơn": {
        "Xã Thoại Sơn": {
            "state": "An Giang",
            "city": "Xã Thoại Sơn",
            "ward": "Xã Thoại Sơn"
        }
    },
    "Xã Thạnh Hưng": {
        "Xã Thạnh Hưng": {
            "state": "An Giang",
            "city": "Xã Thạnh Hưng",
            "ward": "Xã Thạnh Hưng"
        }
    },
    "Xã Thạnh Lộc": {
        "Xã Thạnh Lộc": {
            "state": "An Giang",
            "city": "Xã Thạnh Lộc",
            "ward": "Xã Thạnh Lộc"
        }
    },
    "Xã Thạnh Mỹ Tây": {
        "Xã Thạnh Mỹ Tây": {
            "state": "An Giang",
            "city": "Xã Thạnh Mỹ Tây",
            "ward": "Xã Thạnh Mỹ Tây"
        }
    },
    "Xã Thạnh Đông": {
        "Xã Thạnh Đông": {
            "state": "An Giang",
            "city": "Xã Thạnh Đông",
            "ward": "Xã Thạnh Đông"
        }
    },
    "Xã Tiên Hải": {
        "Xã Tiên Hải": {
            "state": "An Giang",
            "city": "Xã Tiên Hải",
            "ward": "Xã Tiên Hải"
        }
    },
    "Xã Tri Tôn": {
        "Xã Tri Tôn": {
            "state": "An Giang",
            "city": "Xã Tri Tôn",
            "ward": "Xã Tri Tôn"
        }
    },
    "Xã Tân An": {
        "Xã Tân An": {
            "state": "An Giang",
            "city": "Xã Tân An",
            "ward": "Xã Tân An"
        }
    },
    "Xã Tân Hiệp": {
        "Xã Tân Hiệp": {
            "state": "An Giang",
            "city": "Xã Tân Hiệp",
            "ward": "Xã Tân Hiệp"
        }
    },
    "Xã Tân Hội": {
        "Xã Tân Hội": {
            "state": "An Giang",
            "city": "Xã Tân Hội",
            "ward": "Xã Tân Hội"
        }
    },
    "Xã Tân Thạnh": {
        "Xã Tân Thạnh": {
            "state": "An Giang",
            "city": "Xã Tân Thạnh",
            "ward": "Xã Tân Thạnh"
        }
    },
    "Xã Tây Phú": {
        "Xã Tây Phú": {
            "state": "An Giang",
            "city": "Xã Tây Phú",
            "ward": "Xã Tây Phú"
        }
    },
    "Xã Tây Yên": {
        "Xã Tây Yên": {
            "state": "An Giang",
            "city": "Xã Tây Yên",
            "ward": "Xã Tây Yên"
        }
    },
    "Xã U Minh Thượng": {
        "Xã U Minh Thượng": {
            "state": "An Giang",
            "city": "Xã U Minh Thượng",
            "ward": "Xã U Minh Thượng"
        }
    },
    "Xã Vân Khánh": {
        "Xã Vân Khánh": {
            "state": "An Giang",
            "city": "Xã Vân Khánh",
            "ward": "Xã Vân Khánh"
        }
    },
    "Xã Vĩnh An": {
        "Xã Vĩnh An": {
            "state": "An Giang",
            "city": "Xã Vĩnh An",
            "ward": "Xã Vĩnh An"
        }
    },
    "Xã Vĩnh Bình": {
        "Xã Vĩnh Bình": {
            "state": "An Giang",
            "city": "Xã Vĩnh Bình",
            "ward": "Xã Vĩnh Bình"
        }
    },
    "Xã Vĩnh Gia": {
        "Xã Vĩnh Gia": {
            "state": "An Giang",
            "city": "Xã Vĩnh Gia",
            "ward": "Xã Vĩnh Gia"
        }
    },
    "Xã Vĩnh Hanh": {
        "Xã Vĩnh Hanh": {
            "state": "An Giang",
            "city": "Xã Vĩnh Hanh",
            "ward": "Xã Vĩnh Hanh"
        }
    },
    "Xã Vĩnh Hòa": {
        "Xã Vĩnh Hòa": {
            "state": "An Giang",
            "city": "Xã Vĩnh Hòa",
            "ward": "Xã Vĩnh Hòa"
        }
    },
    "Xã Vĩnh Hòa Hưng": {
        "Xã Vĩnh Hòa Hưng": {
            "state": "An Giang",
            "city": "Xã Vĩnh Hòa Hưng",
            "ward": "Xã Vĩnh Hòa Hưng"
        }
    },
    "Xã Vĩnh Hậu ": {
        "Xã Vĩnh Hậu ": {
            "state": "An Giang",
            "city": "Xã Vĩnh Hậu ",
            "ward": "Xã Vĩnh Hậu "
        }
    },
    "Xã Vĩnh Phong": {
        "Xã Vĩnh Phong": {
            "state": "An Giang",
            "city": "Xã Vĩnh Phong",
            "ward": "Xã Vĩnh Phong"
        }
    },
    "Xã Vĩnh Thuận": {
        "Xã Vĩnh Thuận": {
            "state": "An Giang",
            "city": "Xã Vĩnh Thuận",
            "ward": "Xã Vĩnh Thuận"
        }
    },
    "Xã Vĩnh Thạnh Trung": {
        "Xã Vĩnh Thạnh Trung": {
            "state": "An Giang",
            "city": "Xã Vĩnh Thạnh Trung",
            "ward": "Xã Vĩnh Thạnh Trung"
        }
    },
    "Xã Vĩnh Trạch": {
        "Xã Vĩnh Trạch": {
            "state": "An Giang",
            "city": "Xã Vĩnh Trạch",
            "ward": "Xã Vĩnh Trạch"
        }
    },
    "Xã Vĩnh Tuy": {
        "Xã Vĩnh Tuy": {
            "state": "An Giang",
            "city": "Xã Vĩnh Tuy",
            "ward": "Xã Vĩnh Tuy"
        }
    },
    "Xã Vĩnh Xương": {
        "Xã Vĩnh Xương": {
            "state": "An Giang",
            "city": "Xã Vĩnh Xương",
            "ward": "Xã Vĩnh Xương"
        }
    },
    "Xã Vĩnh Điều": {
        "Xã Vĩnh Điều": {
            "state": "An Giang",
            "city": "Xã Vĩnh Điều",
            "ward": "Xã Vĩnh Điều"
        }
    },
    "Xã Óc Eo": {
        "Xã Óc Eo": {
            "state": "An Giang",
            "city": "Xã Óc Eo",
            "ward": "Xã Óc Eo"
        }
    },
    "Xã Ô Lâm": {
        "Xã Ô Lâm": {
            "state": "An Giang",
            "city": "Xã Ô Lâm",
            "ward": "Xã Ô Lâm"
        }
    },
    "Xã Đông Hòa": {
        "Xã Đông Hòa": {
            "state": "An Giang",
            "city": "Xã Đông Hòa",
            "ward": "Xã Đông Hòa"
        }
    },
    "Xã Đông Hưng": {
        "Xã Đông Hưng": {
            "state": "An Giang",
            "city": "Xã Đông Hưng",
            "ward": "Xã Đông Hưng"
        }
    },
    "Xã Đông Thái": {
        "Xã Đông Thái": {
            "state": "An Giang",
            "city": "Xã Đông Thái",
            "ward": "Xã Đông Thái"
        }
    },
    "Xã Định Hòa": {
        "Xã Định Hòa": {
            "state": "An Giang",
            "city": "Xã Định Hòa",
            "ward": "Xã Định Hòa"
        }
    },
    "Xã Định Mỹ": {
        "Xã Định Mỹ": {
            "state": "An Giang",
            "city": "Xã Định Mỹ",
            "ward": "Xã Định Mỹ"
        }
    }
}