{
    "Phường Từ Sơn": {
        "Phường Từ Sơn": {
            "state": "Bắc Ninh",
            "city": "Phường Từ Sơn",
            "ward": "Phường Từ Sơn"
        }
    },
    "Phường Bắc Giang": {
        "Phường Bắc Giang": {
            "state": "Bắc Ninh",
            "city": "Phường Bắc Giang",
            "ward": "Phường Bắc Giang"
        }
    },
    "Phường Bồng Lai": {
        "Phường Bồng Lai": {
            "state": "Bắc Ninh",
            "city": "Phường Bồng Lai",
            "ward": "Phường Bồng Lai"
        }
    },
    "Phường Chũ": {
        "Phường Chũ": {
            "state": "Bắc Ninh",
            "city": "Phường Chũ",
            "ward": "Phường Chũ"
        }
    },
    "Phường Cảnh Thụy": {
        "Phường Cảnh Thụy": {
            "state": "Bắc Ninh",
            "city": "Phường Cảnh Thụy",
            "ward": "Phường Cảnh Thụy"
        }
    },
    "Phường Hạp Lĩnh": {
        "Phường Hạp Lĩnh": {
            "state": "Bắc Ninh",
            "city": "Phường Hạp Lĩnh",
            "ward": "Phường Hạp Lĩnh"
        }
    },
    "Phường Kinh Bắc": {
        "Phường Kinh Bắc": {
            "state": "Bắc Ninh",
            "city": "Phường Kinh Bắc",
            "ward": "Phường Kinh Bắc"
        }
    },
    "Phường Mão Điền": {
        "Phường Mão Điền": {
            "state": "Bắc Ninh",
            "city": "Phường Mão Điền",
            "ward": "Phường Mão Điền"
        }
    },
    "Phường Nam Sơn ": {
        "Phường Nam Sơn ": {
            "state": "Bắc Ninh",
            "city": "Phường Nam Sơn ",
            "ward": "Phường Nam Sơn "
        }
    },
    "Phường Nhân Hòa": {
        "Phường Nhân Hòa": {
            "state": "Bắc Ninh",
            "city": "Phường Nhân Hòa",
            "ward": "Phường Nhân Hòa"
        }
    },
    "Phường Ninh Xá": {
        "Phường Ninh Xá": {
            "state": "Bắc Ninh",
            "city": "Phường Ninh Xá",
            "ward": "Phường Ninh Xá"
        }
    },
    "Phường Nếnh": {
        "Phường Nếnh": {
            "state": "Bắc Ninh",
            "city": "Phường Nếnh",
            "ward": "Phường Nếnh"
        }
    },
    "Phường Phù Khê": {
        "Phường Phù Khê": {
            "state": "Bắc Ninh",
            "city": "Phường Phù Khê",
            "ward": "Phường Phù Khê"
        }
    },
    "Phường Phương Liễu": {
        "Phường Phương Liễu": {
            "state": "Bắc Ninh",
            "city": "Phường Phương Liễu",
            "ward": "Phường Phương Liễu"
        }
    },
    "Phường Phượng Sơn": {
        "Phường Phượng Sơn": {
            "state": "Bắc Ninh",
            "city": "Phường Phượng Sơn",
            "ward": "Phường Phượng Sơn"
        }
    },
    "Phường Quế Võ": {
        "Phường Quế Võ": {
            "state": "Bắc Ninh",
            "city": "Phường Quế Võ",
            "ward": "Phường Quế Võ"
        }
    },
    "Phường Song Liễu": {
        "Phường Song Liễu": {
            "state": "Bắc Ninh",
            "city": "Phường Song Liễu",
            "ward": "Phường Song Liễu"
        }
    },
    "Phường Tam Sơn": {
        "Phường Tam Sơn": {
            "state": "Bắc Ninh",
            "city": "Phường Tam Sơn",
            "ward": "Phường Tam Sơn"
        }
    },
    "Phường Thuận Thành": {
        "Phường Thuận Thành": {
            "state": "Bắc Ninh",
            "city": "Phường Thuận Thành",
            "ward": "Phường Thuận Thành"
        }
    },
    "Phường Tiền Phong": {
        "Phường Tiền Phong": {
            "state": "Bắc Ninh",
            "city": "Phường Tiền Phong",
            "ward": "Phường Tiền Phong"
        }
    },
    "Phường Trí Quả": {
        "Phường Trí Quả": {
            "state": "Bắc Ninh",
            "city": "Phường Trí Quả",
            "ward": "Phường Trí Quả"
        }
    },
    "Phường Trạm Lộ": {
        "Phường Trạm Lộ": {
            "state": "Bắc Ninh",
            "city": "Phường Trạm Lộ",
            "ward": "Phường Trạm Lộ"
        }
    },
    "Phường Tân An": {
        "Phường Tân An": {
            "state": "Bắc Ninh",
            "city": "Phường Tân An",
            "ward": "Phường Tân An"
        }
    },
    "Phường Tân Tiến": {
        "Phường Tân Tiến": {
            "state": "Bắc Ninh",
            "city": "Phường Tân Tiến",
            "ward": "Phường Tân Tiến"
        }
    },
    "Phường Tự Lạn": {
        "Phường Tự Lạn": {
            "state": "Bắc Ninh",
            "city": "Phường Tự Lạn",
            "ward": "Phường Tự Lạn"
        }
    },
    "Phường Việt Yên": {
        "Phường Việt Yên": {
            "state": "Bắc Ninh",
            "city": "Phường Việt Yên",
            "ward": "Phường Việt Yên"
        }
    },
    "Phường Vân Hà": {
        "Phường Vân Hà": {
            "state": "Bắc Ninh",
            "city": "Phường Vân Hà",
            "ward": "Phường Vân Hà"
        }
    },
    "Phường Võ Cường": {
        "Phường Võ Cường": {
            "state": "Bắc Ninh",
            "city": "Phường Võ Cường",
            "ward": "Phường Võ Cường"
        }
    },
    "Phường Vũ Ninh": {
        "Phường Vũ Ninh": {
            "state": "Bắc Ninh",
            "city": "Phường Vũ Ninh",
            "ward": "Phường Vũ Ninh"
        }
    },
    "Phường Yên Dũng": {
        "Phường Yên Dũng": {
            "state": "Bắc Ninh",
            "city": "Phường Yên Dũng",
            "ward": "Phường Yên Dũng"
        }
    },
    "Phường Đa Mai": {
        "Phường Đa Mai": {
            "state": "Bắc Ninh",
            "city": "Phường Đa Mai",
            "ward": "Phường Đa Mai"
        }
    },
    "Phường Đào Viên": {
        "Phường Đào Viên": {
            "state": "Bắc Ninh",
            "city": "Phường Đào Viên",
            "ward": "Phường Đào Viên"
        }
    },
    "Phường Đồng Nguyên": {
        "Phường Đồng Nguyên": {
            "state": "Bắc Ninh",
            "city": "Phường Đồng Nguyên",
            "ward": "Phường Đồng Nguyên"
        }
    },
    "Xã An Lạc": {
        "Xã An Lạc": {
            "state": "Bắc Ninh",
            "city": "Xã An Lạc",
            "ward": "Xã An Lạc"
        }
    },
    "Xã Biên Sơn": {
        "Xã Biên Sơn": {
            "state": "Bắc Ninh",
            "city": "Xã Biên Sơn",
            "ward": "Xã Biên Sơn"
        }
    },
    "Xã Biển Động": {
        "Xã Biển Động": {
            "state": "Bắc Ninh",
            "city": "Xã Biển Động",
            "ward": "Xã Biển Động"
        }
    },
    "Xã Bảo Đài": {
        "Xã Bảo Đài": {
            "state": "Bắc Ninh",
            "city": "Xã Bảo Đài",
            "ward": "Xã Bảo Đài"
        }
    },
    "Xã Bắc Lũng": {
        "Xã Bắc Lũng": {
            "state": "Bắc Ninh",
            "city": "Xã Bắc Lũng",
            "ward": "Xã Bắc Lũng"
        }
    },
    "Xã Bố Hạ": {
        "Xã Bố Hạ": {
            "state": "Bắc Ninh",
            "city": "Xã Bố Hạ",
            "ward": "Xã Bố Hạ"
        }
    },
    "Xã Cao Đức": {
        "Xã Cao Đức": {
            "state": "Bắc Ninh",
            "city": "Xã Cao Đức",
            "ward": "Xã Cao Đức"
        }
    },
    "Xã Chi Lăng": {
        "Xã Chi Lăng": {
            "state": "Bắc Ninh",
            "city": "Xã Chi Lăng",
            "ward": "Xã Chi Lăng"
        }
    },
    "Xã Cẩm Lý": {
        "Xã Cẩm Lý": {
            "state": "Bắc Ninh",
            "city": "Xã Cẩm Lý",
            "ward": "Xã Cẩm Lý"
        }
    },
    "Xã Dương Hưu": {
        "Xã Dương Hưu": {
            "state": "Bắc Ninh",
            "city": "Xã Dương Hưu",
            "ward": "Xã Dương Hưu"
        }
    },
    "Xã Gia Bình": {
        "Xã Gia Bình": {
            "state": "Bắc Ninh",
            "city": "Xã Gia Bình",
            "ward": "Xã Gia Bình"
        }
    },
    "Xã Hiệp Hòa": {
        "Xã Hiệp Hòa": {
            "state": "Bắc Ninh",
            "city": "Xã Hiệp Hòa",
            "ward": "Xã Hiệp Hòa"
        }
    },
    "Xã Hoàng Vân": {
        "Xã Hoàng Vân": {
            "state": "Bắc Ninh",
            "city": "Xã Hoàng Vân",
            "ward": "Xã Hoàng Vân"
        }
    },
    "Xã Hợp Thịnh": {
        "Xã Hợp Thịnh": {
            "state": "Bắc Ninh",
            "city": "Xã Hợp Thịnh",
            "ward": "Xã Hợp Thịnh"
        }
    },
    "Xã Kiên Lao": {
        "Xã Kiên Lao": {
            "state": "Bắc Ninh",
            "city": "Xã Kiên Lao",
            "ward": "Xã Kiên Lao"
        }
    },
    "Xã Kép": {
        "Xã Kép": {
            "state": "Bắc Ninh",
            "city": "Xã Kép",
            "ward": "Xã Kép"
        }
    },
    "Xã Liên Bão": {
        "Xã Liên Bão": {
            "state": "Bắc Ninh",
            "city": "Xã Liên Bão",
            "ward": "Xã Liên Bão"
        }
    },
    "Xã Lâm Thao": {
        "Xã Lâm Thao": {
            "state": "Bắc Ninh",
            "city": "Xã Lâm Thao",
            "ward": "Xã Lâm Thao"
        }
    },
    "Xã Lương Tài": {
        "Xã Lương Tài": {
            "state": "Bắc Ninh",
            "city": "Xã Lương Tài",
            "ward": "Xã Lương Tài"
        }
    },
    "Xã Lạng Giang": {
        "Xã Lạng Giang": {
            "state": "Bắc Ninh",
            "city": "Xã Lạng Giang",
            "ward": "Xã Lạng Giang"
        }
    },
    "Xã Lục Nam": {
        "Xã Lục Nam": {
            "state": "Bắc Ninh",
            "city": "Xã Lục Nam",
            "ward": "Xã Lục Nam"
        }
    },
    "Xã Lục Ngạn": {
        "Xã Lục Ngạn": {
            "state": "Bắc Ninh",
            "city": "Xã Lục Ngạn",
            "ward": "Xã Lục Ngạn"
        }
    },
    "Xã Lục Sơn": {
        "Xã Lục Sơn": {
            "state": "Bắc Ninh",
            "city": "Xã Lục Sơn",
            "ward": "Xã Lục Sơn"
        }
    },
    "Xã Mỹ Thái": {
        "Xã Mỹ Thái": {
            "state": "Bắc Ninh",
            "city": "Xã Mỹ Thái",
            "ward": "Xã Mỹ Thái"
        }
    },
    "Xã Nam Dương": {
        "Xã Nam Dương": {
            "state": "Bắc Ninh",
            "city": "Xã Nam Dương",
            "ward": "Xã Nam Dương"
        }
    },
    "Xã Nghĩa Phương": {
        "Xã Nghĩa Phương": {
            "state": "Bắc Ninh",
            "city": "Xã Nghĩa Phương",
            "ward": "Xã Nghĩa Phương"
        }
    },
    "Xã Ngọc Thiện": {
        "Xã Ngọc Thiện": {
            "state": "Bắc Ninh",
            "city": "Xã Ngọc Thiện",
            "ward": "Xã Ngọc Thiện"
        }
    },
    "Xã Nhân Thắng": {
        "Xã Nhân Thắng": {
            "state": "Bắc Ninh",
            "city": "Xã Nhân Thắng",
            "ward": "Xã Nhân Thắng"
        }
    },
    "Xã Nhã Nam": {
        "Xã Nhã Nam": {
            "state": "Bắc Ninh",
            "city": "Xã Nhã Nam",
            "ward": "Xã Nhã Nam"
        }
    },
    "Xã Phù Lãng": {
        "Xã Phù Lãng": {
            "state": "Bắc Ninh",
            "city": "Xã Phù Lãng",
            "ward": "Xã Phù Lãng"
        }
    },
    "Xã Phúc Hòa": {
        "Xã Phúc Hòa": {
            "state": "Bắc Ninh",
            "city": "Xã Phúc Hòa",
            "ward": "Xã Phúc Hòa"
        }
    },
    "Xã Phật Tích": {
        "Xã Phật Tích": {
            "state": "Bắc Ninh",
            "city": "Xã Phật Tích",
            "ward": "Xã Phật Tích"
        }
    },
    "Xã Quang Trung": {
        "Xã Quang Trung": {
            "state": "Bắc Ninh",
            "city": "Xã Quang Trung",
            "ward": "Xã Quang Trung"
        }
    },
    "Xã Sa Lý": {
        "Xã Sa Lý": {
            "state": "Bắc Ninh",
            "city": "Xã Sa Lý",
            "ward": "Xã Sa Lý"
        }
    },
    "Xã Sơn Hải": {
        "Xã Sơn Hải": {
            "state": "Bắc Ninh",
            "city": "Xã Sơn Hải",
            "ward": "Xã Sơn Hải"
        }
    },
    "Xã Sơn Động": {
        "Xã Sơn Động": {
            "state": "Bắc Ninh",
            "city": "Xã Sơn Động",
            "ward": "Xã Sơn Động"
        }
    },
    "Xã Tam Giang": {
        "Xã Tam Giang": {
            "state": "Bắc Ninh",
            "city": "Xã Tam Giang",
            "ward": "Xã Tam Giang"
        }
    },
    "Xã Tam Tiến": {
        "Xã Tam Tiến": {
            "state": "Bắc Ninh",
            "city": "Xã Tam Tiến",
            "ward": "Xã Tam Tiến"
        }
    },
    "Xã Tam Đa": {
        "Xã Tam Đa": {
            "state": "Bắc Ninh",
            "city": "Xã Tam Đa",
            "ward": "Xã Tam Đa"
        }
    },
    "Xã Tiên Du": {
        "Xã Tiên Du": {
            "state": "Bắc Ninh",
            "city": "Xã Tiên Du",
            "ward": "Xã Tiên Du"
        }
    },
    "Xã Tiên Lục": {
        "Xã Tiên Lục": {
            "state": "Bắc Ninh",
            "city": "Xã Tiên Lục",
            "ward": "Xã Tiên Lục"
        }
    },
    "Xã Trung Chính": {
        "Xã Trung Chính": {
            "state": "Bắc Ninh",
            "city": "Xã Trung Chính",
            "ward": "Xã Trung Chính"
        }
    },
    "Xã Trung Kênh": {
        "Xã Trung Kênh": {
            "state": "Bắc Ninh",
            "city": "Xã Trung Kênh",
            "ward": "Xã Trung Kênh"
        }
    },
    "Xã Trường Sơn": {
        "Xã Trường Sơn": {
            "state": "Bắc Ninh",
            "city": "Xã Trường Sơn",
            "ward": "Xã Trường Sơn"
        }
    },
    "Xã Tuấn Đạo": {
        "Xã Tuấn Đạo": {
            "state": "Bắc Ninh",
            "city": "Xã Tuấn Đạo",
            "ward": "Xã Tuấn Đạo"
        }
    },
    "Xã Tân Chi": {
        "Xã Tân Chi": {
            "state": "Bắc Ninh",
            "city": "Xã Tân Chi",
            "ward": "Xã Tân Chi"
        }
    },
    "Xã Tân Dĩnh": {
        "Xã Tân Dĩnh": {
            "state": "Bắc Ninh",
            "city": "Xã Tân Dĩnh",
            "ward": "Xã Tân Dĩnh"
        }
    },
    "Xã Tân Sơn": {
        "Xã Tân Sơn": {
            "state": "Bắc Ninh",
            "city": "Xã Tân Sơn",
            "ward": "Xã Tân Sơn"
        }
    },
    "Xã Tân Yên": {
        "Xã Tân Yên": {
            "state": "Bắc Ninh",
            "city": "Xã Tân Yên",
            "ward": "Xã Tân Yên"
        }
    },
    "Xã Tây Yên Tử": {
        "Xã Tây Yên Tử": {
            "state": "Bắc Ninh",
            "city": "Xã Tây Yên Tử",
            "ward": "Xã Tây Yên Tử"
        }
    },
    "Xã Vân Sơn": {
        "Xã Vân Sơn": {
            "state": "Bắc Ninh",
            "city": "Xã Vân Sơn",
            "ward": "Xã Vân Sơn"
        }
    },
    "Xã Văn Môn": {
        "Xã Văn Môn": {
            "state": "Bắc Ninh",
            "city": "Xã Văn Môn",
            "ward": "Xã Văn Môn"
        }
    },
    "Xã Xuân Cẩm": {
        "Xã Xuân Cẩm": {
            "state": "Bắc Ninh",
            "city": "Xã Xuân Cẩm",
            "ward": "Xã Xuân Cẩm"
        }
    },
    "Xã Xuân Lương": {
        "Xã Xuân Lương": {
            "state": "Bắc Ninh",
            "city": "Xã Xuân Lương",
            "ward": "Xã Xuân Lương"
        }
    },
    "Xã Yên Phong": {
        "Xã Yên Phong": {
            "state": "Bắc Ninh",
            "city": "Xã Yên Phong",
            "ward": "Xã Yên Phong"
        }
    },
    "Xã Yên Thế": {
        "Xã Yên Thế": {
            "state": "Bắc Ninh",
            "city": "Xã Yên Thế",
            "ward": "Xã Yên Thế"
        }
    },
    "Xã Yên Trung": {
        "Xã Yên Trung": {
            "state": "Bắc Ninh",
            "city": "Xã Yên Trung",
            "ward": "Xã Yên Trung"
        }
    },
    "Xã Yên Định": {
        "Xã Yên Định": {
            "state": "Bắc Ninh",
            "city": "Xã Yên Định",
            "ward": "Xã Yên Định"
        }
    },
    "Xã Đèo Gia": {
        "Xã Đèo Gia": {
            "state": "Bắc Ninh",
            "city": "Xã Đèo Gia",
            "ward": "Xã Đèo Gia"
        }
    },
    "Xã Đông Cứu": {
        "Xã Đông Cứu": {
            "state": "Bắc Ninh",
            "city": "Xã Đông Cứu",
            "ward": "Xã Đông Cứu"
        }
    },
    "Xã Đông Phú": {
        "Xã Đông Phú": {
            "state": "Bắc Ninh",
            "city": "Xã Đông Phú",
            "ward": "Xã Đông Phú"
        }
    },
    "Xã Đại Lai": {
        "Xã Đại Lai": {
            "state": "Bắc Ninh",
            "city": "Xã Đại Lai",
            "ward": "Xã Đại Lai"
        }
    },
    "Xã Đại Sơn": {
        "Xã Đại Sơn": {
            "state": "Bắc Ninh",
            "city": "Xã Đại Sơn",
            "ward": "Xã Đại Sơn"
        }
    },
    "Xã Đại Đồng": {
        "Xã Đại Đồng": {
            "state": "Bắc Ninh",
            "city": "Xã Đại Đồng",
            "ward": "Xã Đại Đồng"
        }
    },
    "Xã Đồng Kỳ": {
        "Xã Đồng Kỳ": {
            "state": "Bắc Ninh",
            "city": "Xã Đồng Kỳ",
            "ward": "Xã Đồng Kỳ"
        }
    },
    "Xã Đồng Việt": {
        "Xã Đồng Việt": {
            "state": "Bắc Ninh",
            "city": "Xã Đồng Việt",
            "ward": "Xã Đồng Việt"
        }
    }
}