{
    "Phường An Xuyên": {
        "Phường An Xuyên": {
            "state": "Cà Mau",
            "city": "Phường An Xuyên",
            "ward": "Phường An Xuyên"
        }
    },
    "Phường Bạc Liêu": {
        "Phường Bạc Liêu": {
            "state": "Cà Mau",
            "city": "Phường Bạc Liêu",
            "ward": "Phường Bạc Liêu"
        }
    },
    "Phường Giá Rai": {
        "Phường Giá Rai": {
            "state": "Cà Mau",
            "city": "Phường Giá Rai",
            "ward": "Phường Giá Rai"
        }
    },
    "Phường Hiệp Thành": {
        "Phường Hiệp Thành": {
            "state": "Cà Mau",
            "city": "Phường Hiệp Thành",
            "ward": "Phường Hiệp Thành"
        }
    },
    "Phường Hòa Thành": {
        "Phường Hòa Thành": {
            "state": "Cà Mau",
            "city": "Phường Hòa Thành",
            "ward": "Phường Hòa Thành"
        }
    },
    "Phường Láng Tròn": {
        "Phường Láng Tròn": {
            "state": "Cà Mau",
            "city": "Phường Láng Tròn",
            "ward": "Phường Láng Tròn"
        }
    },
    "Phường Lý Văn Lâm": {
        "Phường Lý Văn Lâm": {
            "state": "Cà Mau",
            "city": "Phường Lý Văn Lâm",
            "ward": "Phường Lý Văn Lâm"
        }
    },
    "Phường Tân Thành": {
        "Phường Tân Thành": {
            "state": "Cà Mau",
            "city": "Phường Tân Thành",
            "ward": "Phường Tân Thành"
        }
    },
    "Phường Vĩnh Trạch": {
        "Phường Vĩnh Trạch": {
            "state": "Cà Mau",
            "city": "Phường Vĩnh Trạch",
            "ward": "Phường Vĩnh Trạch"
        }
    },
    "Xã An Trạch": {
        "Xã An Trạch": {
            "state": "Cà Mau",
            "city": "Xã An Trạch",
            "ward": "Xã An Trạch"
        }
    },
    "Xã Biển Bạch": {
        "Xã Biển Bạch": {
            "state": "Cà Mau",
            "city": "Xã Biển Bạch",
            "ward": "Xã Biển Bạch"
        }
    },
    "Xã Châu Thới": {
        "Xã Châu Thới": {
            "state": "Cà Mau",
            "city": "Xã Châu Thới",
            "ward": "Xã Châu Thới"
        }
    },
    "Xã Cái Nước": {
        "Xã Cái Nước": {
            "state": "Cà Mau",
            "city": "Xã Cái Nước",
            "ward": "Xã Cái Nước"
        }
    },
    "Xã Cái Đôi Vàm": {
        "Xã Cái Đôi Vàm": {
            "state": "Cà Mau",
            "city": "Xã Cái Đôi Vàm",
            "ward": "Xã Cái Đôi Vàm"
        }
    },
    "Xã Gành Hào": {
        "Xã Gành Hào": {
            "state": "Cà Mau",
            "city": "Xã Gành Hào",
            "ward": "Xã Gành Hào"
        }
    },
    "Xã Hòa Bình": {
        "Xã Hòa Bình": {
            "state": "Cà Mau",
            "city": "Xã Hòa Bình",
            "ward": "Xã Hòa Bình"
        }
    },
    "Xã Hưng Hội": {
        "Xã Hưng Hội": {
            "state": "Cà Mau",
            "city": "Xã Hưng Hội",
            "ward": "Xã Hưng Hội"
        }
    },
    "Xã Hưng Mỹ": {
        "Xã Hưng Mỹ": {
            "state": "Cà Mau",
            "city": "Xã Hưng Mỹ",
            "ward": "Xã Hưng Mỹ"
        }
    },
    "Xã Hồ Thị Kỷ": {
        "Xã Hồ Thị Kỷ": {
            "state": "Cà Mau",
            "city": "Xã Hồ Thị Kỷ",
            "ward": "Xã Hồ Thị Kỷ"
        }
    },
    "Xã Hồng Dân": {
        "Xã Hồng Dân": {
            "state": "Cà Mau",
            "city": "Xã Hồng Dân",
            "ward": "Xã Hồng Dân"
        }
    },
    "Xã Khánh An": {
        "Xã Khánh An": {
            "state": "Cà Mau",
            "city": "Xã Khánh An",
            "ward": "Xã Khánh An"
        }
    },
    "Xã Khánh Bình": {
        "Xã Khánh Bình": {
            "state": "Cà Mau",
            "city": "Xã Khánh Bình",
            "ward": "Xã Khánh Bình"
        }
    },
    "Xã Khánh Hưng": {
        "Xã Khánh Hưng": {
            "state": "Cà Mau",
            "city": "Xã Khánh Hưng",
            "ward": "Xã Khánh Hưng"
        }
    },
    "Xã Khánh Lâm": {
        "Xã Khánh Lâm": {
            "state": "Cà Mau",
            "city": "Xã Khánh Lâm",
            "ward": "Xã Khánh Lâm"
        }
    },
    "Xã Long Điền": {
        "Xã Long Điền": {
            "state": "Cà Mau",
            "city": "Xã Long Điền",
            "ward": "Xã Long Điền"
        }
    },
    "Xã Lương Thế Trân": {
        "Xã Lương Thế Trân": {
            "state": "Cà Mau",
            "city": "Xã Lương Thế Trân",
            "ward": "Xã Lương Thế Trân"
        }
    },
    "Xã Nguyễn Phích": {
        "Xã Nguyễn Phích": {
            "state": "Cà Mau",
            "city": "Xã Nguyễn Phích",
            "ward": "Xã Nguyễn Phích"
        }
    },
    "Xã Nguyễn Việt Khái": {
        "Xã Nguyễn Việt Khái": {
            "state": "Cà Mau",
            "city": "Xã Nguyễn Việt Khái",
            "ward": "Xã Nguyễn Việt Khái"
        }
    },
    "Xã Ninh Quới": {
        "Xã Ninh Quới": {
            "state": "Cà Mau",
            "city": "Xã Ninh Quới",
            "ward": "Xã Ninh Quới"
        }
    },
    "Xã Ninh Thạnh Lợi": {
        "Xã Ninh Thạnh Lợi": {
            "state": "Cà Mau",
            "city": "Xã Ninh Thạnh Lợi",
            "ward": "Xã Ninh Thạnh Lợi"
        }
    },
    "Xã Năm Căn": {
        "Xã Năm Căn": {
            "state": "Cà Mau",
            "city": "Xã Năm Căn",
            "ward": "Xã Năm Căn"
        }
    },
    "Xã Phan Ngọc Hiển": {
        "Xã Phan Ngọc Hiển": {
            "state": "Cà Mau",
            "city": "Xã Phan Ngọc Hiển",
            "ward": "Xã Phan Ngọc Hiển"
        }
    },
    "Xã Phong Hiệp": {
        "Xã Phong Hiệp": {
            "state": "Cà Mau",
            "city": "Xã Phong Hiệp",
            "ward": "Xã Phong Hiệp"
        }
    },
    "Xã Phong Thạnh": {
        "Xã Phong Thạnh": {
            "state": "Cà Mau",
            "city": "Xã Phong Thạnh",
            "ward": "Xã Phong Thạnh"
        }
    },
    "Xã Phú Mỹ": {
        "Xã Phú Mỹ": {
            "state": "Cà Mau",
            "city": "Xã Phú Mỹ",
            "ward": "Xã Phú Mỹ"
        }
    },
    "Xã Phú Tân": {
        "Xã Phú Tân": {
            "state": "Cà Mau",
            "city": "Xã Phú Tân",
            "ward": "Xã Phú Tân"
        }
    },
    "Xã Phước Long": {
        "Xã Phước Long": {
            "state": "Cà Mau",
            "city": "Xã Phước Long",
            "ward": "Xã Phước Long"
        }
    },
    "Xã Quách Phẩm": {
        "Xã Quách Phẩm": {
            "state": "Cà Mau",
            "city": "Xã Quách Phẩm",
            "ward": "Xã Quách Phẩm"
        }
    },
    "Xã Sông Đốc": {
        "Xã Sông Đốc": {
            "state": "Cà Mau",
            "city": "Xã Sông Đốc",
            "ward": "Xã Sông Đốc"
        }
    },
    "Xã Tam Giang": {
        "Xã Tam Giang": {
            "state": "Cà Mau",
            "city": "Xã Tam Giang",
            "ward": "Xã Tam Giang"
        }
    },
    "Xã Thanh Tùng": {
        "Xã Thanh Tùng": {
            "state": "Cà Mau",
            "city": "Xã Thanh Tùng",
            "ward": "Xã Thanh Tùng"
        }
    },
    "Xã Thới Bình": {
        "Xã Thới Bình": {
            "state": "Cà Mau",
            "city": "Xã Thới Bình",
            "ward": "Xã Thới Bình"
        }
    },
    "Xã Trí Phải": {
        "Xã Trí Phải": {
            "state": "Cà Mau",
            "city": "Xã Trí Phải",
            "ward": "Xã Trí Phải"
        }
    },
    "Xã Trần Phán": {
        "Xã Trần Phán": {
            "state": "Cà Mau",
            "city": "Xã Trần Phán",
            "ward": "Xã Trần Phán"
        }
    },
    "Xã Trần Văn Thời": {
        "Xã Trần Văn Thời": {
            "state": "Cà Mau",
            "city": "Xã Trần Văn Thời",
            "ward": "Xã Trần Văn Thời"
        }
    },
    "Xã Tân Hưng": {
        "Xã Tân Hưng": {
            "state": "Cà Mau",
            "city": "Xã Tân Hưng",
            "ward": "Xã Tân Hưng"
        }
    },
    "Xã Tân Lộc ": {
        "Xã Tân Lộc ": {
            "state": "Cà Mau",
            "city": "Xã Tân Lộc ",
            "ward": "Xã Tân Lộc "
        }
    },
    "Xã Tân Thuận": {
        "Xã Tân Thuận": {
            "state": "Cà Mau",
            "city": "Xã Tân Thuận",
            "ward": "Xã Tân Thuận"
        }
    },
    "Xã Tân Tiến": {
        "Xã Tân Tiến": {
            "state": "Cà Mau",
            "city": "Xã Tân Tiến",
            "ward": "Xã Tân Tiến"
        }
    },
    "Xã Tân Ân": {
        "Xã Tân Ân": {
            "state": "Cà Mau",
            "city": "Xã Tân Ân",
            "ward": "Xã Tân Ân"
        }
    },
    "Xã Tạ An Khương": {
        "Xã Tạ An Khương": {
            "state": "Cà Mau",
            "city": "Xã Tạ An Khương",
            "ward": "Xã Tạ An Khương"
        }
    },
    "Xã U Minh": {
        "Xã U Minh": {
            "state": "Cà Mau",
            "city": "Xã U Minh",
            "ward": "Xã U Minh"
        }
    },
    "Xã Vĩnh Hậu": {
        "Xã Vĩnh Hậu": {
            "state": "Cà Mau",
            "city": "Xã Vĩnh Hậu",
            "ward": "Xã Vĩnh Hậu"
        }
    },
    "Xã Vĩnh Lộc": {
        "Xã Vĩnh Lộc": {
            "state": "Cà Mau",
            "city": "Xã Vĩnh Lộc",
            "ward": "Xã Vĩnh Lộc"
        }
    },
    "Xã Vĩnh Lợi": {
        "Xã Vĩnh Lợi": {
            "state": "Cà Mau",
            "city": "Xã Vĩnh Lợi",
            "ward": "Xã Vĩnh Lợi"
        }
    },
    "Xã Vĩnh Mỹ": {
        "Xã Vĩnh Mỹ": {
            "state": "Cà Mau",
            "city": "Xã Vĩnh Mỹ",
            "ward": "Xã Vĩnh Mỹ"
        }
    },
    "Xã Vĩnh Phước": {
        "Xã Vĩnh Phước": {
            "state": "Cà Mau",
            "city": "Xã Vĩnh Phước",
            "ward": "Xã Vĩnh Phước"
        }
    },
    "Xã Vĩnh Thanh": {
        "Xã Vĩnh Thanh": {
            "state": "Cà Mau",
            "city": "Xã Vĩnh Thanh",
            "ward": "Xã Vĩnh Thanh"
        }
    },
    "Xã Đá Bạc": {
        "Xã Đá Bạc": {
            "state": "Cà Mau",
            "city": "Xã Đá Bạc",
            "ward": "Xã Đá Bạc"
        }
    },
    "Xã Đông Hải": {
        "Xã Đông Hải": {
            "state": "Cà Mau",
            "city": "Xã Đông Hải",
            "ward": "Xã Đông Hải"
        }
    },
    "Xã Đất Mũi": {
        "Xã Đất Mũi": {
            "state": "Cà Mau",
            "city": "Xã Đất Mũi",
            "ward": "Xã Đất Mũi"
        }
    },
    "Xã Đất Mới": {
        "Xã Đất Mới": {
            "state": "Cà Mau",
            "city": "Xã Đất Mới",
            "ward": "Xã Đất Mới"
        }
    },
    "Xã Đầm Dơi": {
        "Xã Đầm Dơi": {
            "state": "Cà Mau",
            "city": "Xã Đầm Dơi",
            "ward": "Xã Đầm Dơi"
        }
    },
    "Xã Định Thành": {
        "Xã Định Thành": {
            "state": "Cà Mau",
            "city": "Xã Định Thành",
            "ward": "Xã Định Thành"
        }
    }
}