{
    "Phường An Bình": {
        "Phường An Bình": {
            "state": "Cần Thơ",
            "city": "Phường An Bình",
            "ward": "Phường An Bình"
        }
    },
    "Phường Bình Thủy": {
        "Phường Bình Thủy": {
            "state": "Cần Thơ",
            "city": "Phường Bình Thủy",
            "ward": "Phường Bình Thủy"
        }
    },
    "Phường Cái Khế": {
        "Phường Cái Khế": {
            "state": "Cần Thơ",
            "city": "Phường Cái Khế",
            "ward": "Phường Cái Khế"
        }
    },
    "Phường Cái Răng": {
        "Phường Cái Răng": {
            "state": "Cần Thơ",
            "city": "Phường Cái Răng",
            "ward": "Phường Cái Răng"
        }
    },
    "Phường Hưng Phú": {
        "Phường Hưng Phú": {
            "state": "Cần Thơ",
            "city": "Phường Hưng Phú",
            "ward": "Phường Hưng Phú"
        }
    },
    "Phường Khánh Hòa": {
        "Phường Khánh Hòa": {
            "state": "Cần Thơ",
            "city": "Phường Khánh Hòa",
            "ward": "Phường Khánh Hòa"
        }
    },
    "Phường Long Bình": {
        "Phường Long Bình": {
            "state": "Cần Thơ",
            "city": "Phường Long Bình",
            "ward": "Phường Long Bình"
        }
    },
    "Phường Long Mỹ ": {
        "Phường Long Mỹ ": {
            "state": "Cần Thơ",
            "city": "Phường Long Mỹ ",
            "ward": "Phường Long Mỹ "
        }
    },
    "Phường Long Phú 1 ": {
        "Phường Long Phú 1 ": {
            "state": "Cần Thơ",
            "city": "Phường Long Phú 1 ",
            "ward": "Phường Long Phú 1 "
        }
    },
    "Phường Long Tuyền": {
        "Phường Long Tuyền": {
            "state": "Cần Thơ",
            "city": "Phường Long Tuyền",
            "ward": "Phường Long Tuyền"
        }
    },
    "Phường Mỹ Quới": {
        "Phường Mỹ Quới": {
            "state": "Cần Thơ",
            "city": "Phường Mỹ Quới",
            "ward": "Phường Mỹ Quới"
        }
    },
    "Phường Mỹ Xuyên": {
        "Phường Mỹ Xuyên": {
            "state": "Cần Thơ",
            "city": "Phường Mỹ Xuyên",
            "ward": "Phường Mỹ Xuyên"
        }
    },
    "Phường Ngã Bảy ": {
        "Phường Ngã Bảy ": {
            "state": "Cần Thơ",
            "city": "Phường Ngã Bảy ",
            "ward": "Phường Ngã Bảy "
        }
    },
    "Phường Ngã Năm": {
        "Phường Ngã Năm": {
            "state": "Cần Thơ",
            "city": "Phường Ngã Năm",
            "ward": "Phường Ngã Năm"
        }
    },
    "Phường Ninh Kiều": {
        "Phường Ninh Kiều": {
            "state": "Cần Thơ",
            "city": "Phường Ninh Kiều",
            "ward": "Phường Ninh Kiều"
        }
    },
    "Phường Phú Lợi": {
        "Phường Phú Lợi": {
            "state": "Cần Thơ",
            "city": "Phường Phú Lợi",
            "ward": "Phường Phú Lợi"
        }
    },
    "Phường Phước Thới": {
        "Phường Phước Thới": {
            "state": "Cần Thơ",
            "city": "Phường Phước Thới",
            "ward": "Phường Phước Thới"
        }
    },
    "Phường Sóc Trăng": {
        "Phường Sóc Trăng": {
            "state": "Cần Thơ",
            "city": "Phường Sóc Trăng",
            "ward": "Phường Sóc Trăng"
        }
    },
    "Phường Thuận Hưng": {
        "Phường Thuận Hưng": {
            "state": "Cần Thơ",
            "city": "Phường Thuận Hưng",
            "ward": "Phường Thuận Hưng"
        }
    },
    "Phường Thốt Nốt": {
        "Phường Thốt Nốt": {
            "state": "Cần Thơ",
            "city": "Phường Thốt Nốt",
            "ward": "Phường Thốt Nốt"
        }
    },
    "Phường Thới An Đông": {
        "Phường Thới An Đông": {
            "state": "Cần Thơ",
            "city": "Phường Thới An Đông",
            "ward": "Phường Thới An Đông"
        }
    },
    "Phường Thới Long": {
        "Phường Thới Long": {
            "state": "Cần Thơ",
            "city": "Phường Thới Long",
            "ward": "Phường Thới Long"
        }
    },
    "Phường Trung Nhứt": {
        "Phường Trung Nhứt": {
            "state": "Cần Thơ",
            "city": "Phường Trung Nhứt",
            "ward": "Phường Trung Nhứt"
        }
    },
    "Phường Tân An": {
        "Phường Tân An": {
            "state": "Cần Thơ",
            "city": "Phường Tân An",
            "ward": "Phường Tân An"
        }
    },
    "Phường Tân Lộc": {
        "Phường Tân Lộc": {
            "state": "Cần Thơ",
            "city": "Phường Tân Lộc",
            "ward": "Phường Tân Lộc"
        }
    },
    "Phường Vĩnh Châu": {
        "Phường Vĩnh Châu": {
            "state": "Cần Thơ",
            "city": "Phường Vĩnh Châu",
            "ward": "Phường Vĩnh Châu"
        }
    },
    "Phường Vĩnh Phước": {
        "Phường Vĩnh Phước": {
            "state": "Cần Thơ",
            "city": "Phường Vĩnh Phước",
            "ward": "Phường Vĩnh Phước"
        }
    },
    "Phường Vị Thanh ": {
        "Phường Vị Thanh ": {
            "state": "Cần Thơ",
            "city": "Phường Vị Thanh ",
            "ward": "Phường Vị Thanh "
        }
    },
    "Phường Vị Tân ": {
        "Phường Vị Tân ": {
            "state": "Cần Thơ",
            "city": "Phường Vị Tân ",
            "ward": "Phường Vị Tân "
        }
    },
    "Phường Ô Môn": {
        "Phường Ô Môn": {
            "state": "Cần Thơ",
            "city": "Phường Ô Môn",
            "ward": "Phường Ô Môn"
        }
    },
    "Phường Đại Thành ": {
        "Phường Đại Thành ": {
            "state": "Cần Thơ",
            "city": "Phường Đại Thành ",
            "ward": "Phường Đại Thành "
        }
    },
    "Xã An Lạc Thôn": {
        "Xã An Lạc Thôn": {
            "state": "Cần Thơ",
            "city": "Xã An Lạc Thôn",
            "ward": "Xã An Lạc Thôn"
        }
    },
    "Xã An Ninh": {
        "Xã An Ninh": {
            "state": "Cần Thơ",
            "city": "Xã An Ninh",
            "ward": "Xã An Ninh"
        }
    },
    "Xã An Thạnh": {
        "Xã An Thạnh": {
            "state": "Cần Thơ",
            "city": "Xã An Thạnh",
            "ward": "Xã An Thạnh"
        }
    },
    "Xã Châu Thành ": {
        "Xã Châu Thành ": {
            "state": "Cần Thơ",
            "city": "Xã Châu Thành ",
            "ward": "Xã Châu Thành "
        }
    },
    "Xã Cù Lao Dung": {
        "Xã Cù Lao Dung": {
            "state": "Cần Thơ",
            "city": "Xã Cù Lao Dung",
            "ward": "Xã Cù Lao Dung"
        }
    },
    "Xã Cờ Đỏ": {
        "Xã Cờ Đỏ": {
            "state": "Cần Thơ",
            "city": "Xã Cờ Đỏ",
            "ward": "Xã Cờ Đỏ"
        }
    },
    "Xã Gia Hòa": {
        "Xã Gia Hòa": {
            "state": "Cần Thơ",
            "city": "Xã Gia Hòa",
            "ward": "Xã Gia Hòa"
        }
    },
    "Xã Hiệp Hưng": {
        "Xã Hiệp Hưng": {
            "state": "Cần Thơ",
            "city": "Xã Hiệp Hưng",
            "ward": "Xã Hiệp Hưng"
        }
    },
    "Xã Hòa An ": {
        "Xã Hòa An ": {
            "state": "Cần Thơ",
            "city": "Xã Hòa An ",
            "ward": "Xã Hòa An "
        }
    },
    "Xã Hòa Tú": {
        "Xã Hòa Tú": {
            "state": "Cần Thơ",
            "city": "Xã Hòa Tú",
            "ward": "Xã Hòa Tú"
        }
    },
    "Xã Hỏa Lựu ": {
        "Xã Hỏa Lựu ": {
            "state": "Cần Thơ",
            "city": "Xã Hỏa Lựu ",
            "ward": "Xã Hỏa Lựu "
        }
    },
    "Xã Hồ Đắc Kiện": {
        "Xã Hồ Đắc Kiện": {
            "state": "Cần Thơ",
            "city": "Xã Hồ Đắc Kiện",
            "ward": "Xã Hồ Đắc Kiện"
        }
    },
    "Xã Kế Sách": {
        "Xã Kế Sách": {
            "state": "Cần Thơ",
            "city": "Xã Kế Sách",
            "ward": "Xã Kế Sách"
        }
    },
    "Xã Lai Hòa": {
        "Xã Lai Hòa": {
            "state": "Cần Thơ",
            "city": "Xã Lai Hòa",
            "ward": "Xã Lai Hòa"
        }
    },
    "Xã Liêu Tú": {
        "Xã Liêu Tú": {
            "state": "Cần Thơ",
            "city": "Xã Liêu Tú",
            "ward": "Xã Liêu Tú"
        }
    },
    "Xã Long Hưng": {
        "Xã Long Hưng": {
            "state": "Cần Thơ",
            "city": "Xã Long Hưng",
            "ward": "Xã Long Hưng"
        }
    },
    "Xã Long Phú": {
        "Xã Long Phú": {
            "state": "Cần Thơ",
            "city": "Xã Long Phú",
            "ward": "Xã Long Phú"
        }
    },
    "Xã Lâm Tân": {
        "Xã Lâm Tân": {
            "state": "Cần Thơ",
            "city": "Xã Lâm Tân",
            "ward": "Xã Lâm Tân"
        }
    },
    "Xã Lương Tâm ": {
        "Xã Lương Tâm ": {
            "state": "Cần Thơ",
            "city": "Xã Lương Tâm ",
            "ward": "Xã Lương Tâm "
        }
    },
    "Xã Lịch Hội Thượng": {
        "Xã Lịch Hội Thượng": {
            "state": "Cần Thơ",
            "city": "Xã Lịch Hội Thượng",
            "ward": "Xã Lịch Hội Thượng"
        }
    },
    "Xã Mỹ Hương": {
        "Xã Mỹ Hương": {
            "state": "Cần Thơ",
            "city": "Xã Mỹ Hương",
            "ward": "Xã Mỹ Hương"
        }
    },
    "Xã Mỹ Phước": {
        "Xã Mỹ Phước": {
            "state": "Cần Thơ",
            "city": "Xã Mỹ Phước",
            "ward": "Xã Mỹ Phước"
        }
    },
    "Xã Mỹ Tú": {
        "Xã Mỹ Tú": {
            "state": "Cần Thơ",
            "city": "Xã Mỹ Tú",
            "ward": "Xã Mỹ Tú"
        }
    },
    "Xã Ngọc Tố": {
        "Xã Ngọc Tố": {
            "state": "Cần Thơ",
            "city": "Xã Ngọc Tố",
            "ward": "Xã Ngọc Tố"
        }
    },
    "Xã Nhu Gia": {
        "Xã Nhu Gia": {
            "state": "Cần Thơ",
            "city": "Xã Nhu Gia",
            "ward": "Xã Nhu Gia"
        }
    },
    "Xã Nhơn Mỹ": {
        "Xã Nhơn Mỹ": {
            "state": "Cần Thơ",
            "city": "Xã Nhơn Mỹ",
            "ward": "Xã Nhơn Mỹ"
        }
    },
    "Xã Nhơn Ái": {
        "Xã Nhơn Ái": {
            "state": "Cần Thơ",
            "city": "Xã Nhơn Ái",
            "ward": "Xã Nhơn Ái"
        }
    },
    "Xã Phong Nẫm": {
        "Xã Phong Nẫm": {
            "state": "Cần Thơ",
            "city": "Xã Phong Nẫm",
            "ward": "Xã Phong Nẫm"
        }
    },
    "Xã Phong Điền": {
        "Xã Phong Điền": {
            "state": "Cần Thơ",
            "city": "Xã Phong Điền",
            "ward": "Xã Phong Điền"
        }
    },
    "Xã Phú Hữu": {
        "Xã Phú Hữu": {
            "state": "Cần Thơ",
            "city": "Xã Phú Hữu",
            "ward": "Xã Phú Hữu"
        }
    },
    "Xã Phú Lộc": {
        "Xã Phú Lộc": {
            "state": "Cần Thơ",
            "city": "Xã Phú Lộc",
            "ward": "Xã Phú Lộc"
        }
    },
    "Xã Phú Tâm": {
        "Xã Phú Tâm": {
            "state": "Cần Thơ",
            "city": "Xã Phú Tâm",
            "ward": "Xã Phú Tâm"
        }
    },
    "Xã Phương Bình ": {
        "Xã Phương Bình ": {
            "state": "Cần Thơ",
            "city": "Xã Phương Bình ",
            "ward": "Xã Phương Bình "
        }
    },
    "Xã Phụng Hiệp": {
        "Xã Phụng Hiệp": {
            "state": "Cần Thơ",
            "city": "Xã Phụng Hiệp",
            "ward": "Xã Phụng Hiệp"
        }
    },
    "Xã Thuận Hòa": {
        "Xã Thuận Hòa": {
            "state": "Cần Thơ",
            "city": "Xã Thuận Hòa",
            "ward": "Xã Thuận Hòa"
        }
    },
    "Xã Thạnh An": {
        "Xã Thạnh An": {
            "state": "Cần Thơ",
            "city": "Xã Thạnh An",
            "ward": "Xã Thạnh An"
        }
    },
    "Xã Thạnh Hòa": {
        "Xã Thạnh Hòa": {
            "state": "Cần Thơ",
            "city": "Xã Thạnh Hòa",
            "ward": "Xã Thạnh Hòa"
        }
    },
    "Xã Thạnh Phú": {
        "Xã Thạnh Phú": {
            "state": "Cần Thơ",
            "city": "Xã Thạnh Phú",
            "ward": "Xã Thạnh Phú"
        }
    },
    "Xã Thạnh Quới": {
        "Xã Thạnh Quới": {
            "state": "Cần Thơ",
            "city": "Xã Thạnh Quới",
            "ward": "Xã Thạnh Quới"
        }
    },
    "Xã Thạnh Thới An": {
        "Xã Thạnh Thới An": {
            "state": "Cần Thơ",
            "city": "Xã Thạnh Thới An",
            "ward": "Xã Thạnh Thới An"
        }
    },
    "Xã Thạnh Xuân ": {
        "Xã Thạnh Xuân ": {
            "state": "Cần Thơ",
            "city": "Xã Thạnh Xuân ",
            "ward": "Xã Thạnh Xuân "
        }
    },
    "Xã Thới An Hội": {
        "Xã Thới An Hội": {
            "state": "Cần Thơ",
            "city": "Xã Thới An Hội",
            "ward": "Xã Thới An Hội"
        }
    },
    "Xã Thới Hưng": {
        "Xã Thới Hưng": {
            "state": "Cần Thơ",
            "city": "Xã Thới Hưng",
            "ward": "Xã Thới Hưng"
        }
    },
    "Xã Thới Lai": {
        "Xã Thới Lai": {
            "state": "Cần Thơ",
            "city": "Xã Thới Lai",
            "ward": "Xã Thới Lai"
        }
    },
    "Xã Trung Hưng": {
        "Xã Trung Hưng": {
            "state": "Cần Thơ",
            "city": "Xã Trung Hưng",
            "ward": "Xã Trung Hưng"
        }
    },
    "Xã Trường Khánh": {
        "Xã Trường Khánh": {
            "state": "Cần Thơ",
            "city": "Xã Trường Khánh",
            "ward": "Xã Trường Khánh"
        }
    },
    "Xã Trường Long": {
        "Xã Trường Long": {
            "state": "Cần Thơ",
            "city": "Xã Trường Long",
            "ward": "Xã Trường Long"
        }
    },
    "Xã Trường Long Tây ": {
        "Xã Trường Long Tây ": {
            "state": "Cần Thơ",
            "city": "Xã Trường Long Tây ",
            "ward": "Xã Trường Long Tây "
        }
    },
    "Xã Trường Thành ": {
        "Xã Trường Thành ": {
            "state": "Cần Thơ",
            "city": "Xã Trường Thành ",
            "ward": "Xã Trường Thành "
        }
    },
    "Xã Trường Xuân": {
        "Xã Trường Xuân": {
            "state": "Cần Thơ",
            "city": "Xã Trường Xuân",
            "ward": "Xã Trường Xuân"
        }
    },
    "Xã Trần Đề": {
        "Xã Trần Đề": {
            "state": "Cần Thơ",
            "city": "Xã Trần Đề",
            "ward": "Xã Trần Đề"
        }
    },
    "Xã Tài Văn": {
        "Xã Tài Văn": {
            "state": "Cần Thơ",
            "city": "Xã Tài Văn",
            "ward": "Xã Tài Văn"
        }
    },
    "Xã Tân Bình ": {
        "Xã Tân Bình ": {
            "state": "Cần Thơ",
            "city": "Xã Tân Bình ",
            "ward": "Xã Tân Bình "
        }
    },
    "Xã Tân Hòa ": {
        "Xã Tân Hòa ": {
            "state": "Cần Thơ",
            "city": "Xã Tân Hòa ",
            "ward": "Xã Tân Hòa "
        }
    },
    "Xã Tân Long": {
        "Xã Tân Long": {
            "state": "Cần Thơ",
            "city": "Xã Tân Long",
            "ward": "Xã Tân Long"
        }
    },
    "Xã Tân Phước Hưng ": {
        "Xã Tân Phước Hưng ": {
            "state": "Cần Thơ",
            "city": "Xã Tân Phước Hưng ",
            "ward": "Xã Tân Phước Hưng "
        }
    },
    "Xã Tân Thạnh": {
        "Xã Tân Thạnh": {
            "state": "Cần Thơ",
            "city": "Xã Tân Thạnh",
            "ward": "Xã Tân Thạnh"
        }
    },
    "Xã Vĩnh Hải": {
        "Xã Vĩnh Hải": {
            "state": "Cần Thơ",
            "city": "Xã Vĩnh Hải",
            "ward": "Xã Vĩnh Hải"
        }
    },
    "Xã Vĩnh Lợi": {
        "Xã Vĩnh Lợi": {
            "state": "Cần Thơ",
            "city": "Xã Vĩnh Lợi",
            "ward": "Xã Vĩnh Lợi"
        }
    },
    "Xã Vĩnh Thuận Đông ": {
        "Xã Vĩnh Thuận Đông ": {
            "state": "Cần Thơ",
            "city": "Xã Vĩnh Thuận Đông ",
            "ward": "Xã Vĩnh Thuận Đông "
        }
    },
    "Xã Vĩnh Thạnh": {
        "Xã Vĩnh Thạnh": {
            "state": "Cần Thơ",
            "city": "Xã Vĩnh Thạnh",
            "ward": "Xã Vĩnh Thạnh"
        }
    },
    "Xã Vĩnh Trinh": {
        "Xã Vĩnh Trinh": {
            "state": "Cần Thơ",
            "city": "Xã Vĩnh Trinh",
            "ward": "Xã Vĩnh Trinh"
        }
    },
    "Xã Vĩnh Tường ": {
        "Xã Vĩnh Tường ": {
            "state": "Cần Thơ",
            "city": "Xã Vĩnh Tường ",
            "ward": "Xã Vĩnh Tường "
        }
    },
    "Xã Vĩnh Viễn ": {
        "Xã Vĩnh Viễn ": {
            "state": "Cần Thơ",
            "city": "Xã Vĩnh Viễn ",
            "ward": "Xã Vĩnh Viễn "
        }
    },
    "Xã Vị Thanh 1": {
        "Xã Vị Thanh 1": {
            "state": "Cần Thơ",
            "city": "Xã Vị Thanh 1",
            "ward": "Xã Vị Thanh 1"
        }
    },
    "Xã Vị Thủy ": {
        "Xã Vị Thủy ": {
            "state": "Cần Thơ",
            "city": "Xã Vị Thủy ",
            "ward": "Xã Vị Thủy "
        }
    },
    "Xã Xà Phiên ": {
        "Xã Xà Phiên ": {
            "state": "Cần Thơ",
            "city": "Xã Xà Phiên ",
            "ward": "Xã Xà Phiên "
        }
    },
    "Xã Đông Hiệp": {
        "Xã Đông Hiệp": {
            "state": "Cần Thơ",
            "city": "Xã Đông Hiệp",
            "ward": "Xã Đông Hiệp"
        }
    },
    "Xã Đông Phước ": {
        "Xã Đông Phước ": {
            "state": "Cần Thơ",
            "city": "Xã Đông Phước ",
            "ward": "Xã Đông Phước "
        }
    },
    "Xã Đông Thuận": {
        "Xã Đông Thuận": {
            "state": "Cần Thơ",
            "city": "Xã Đông Thuận",
            "ward": "Xã Đông Thuận"
        }
    },
    "Xã Đại Hải": {
        "Xã Đại Hải": {
            "state": "Cần Thơ",
            "city": "Xã Đại Hải",
            "ward": "Xã Đại Hải"
        }
    },
    "Xã Đại Ngãi": {
        "Xã Đại Ngãi": {
            "state": "Cần Thơ",
            "city": "Xã Đại Ngãi",
            "ward": "Xã Đại Ngãi"
        }
    }
}