{
    "Phường Nùng Trí Cao": {
        "Phường Nùng Trí Cao": {
            "state": "Cao Bằng",
            "city": "Phường Nùng Trí Cao",
            "ward": "Phường Nùng Trí Cao"
        }
    },
    "Phường Thục Phán": {
        "Phường Thục Phán": {
            "state": "Cao Bằng",
            "city": "Phường Thục Phán",
            "ward": "Phường Thục Phán"
        }
    },
    "Phường Tân Giang": {
        "Phường Tân Giang": {
            "state": "Cao Bằng",
            "city": "Phường Tân Giang",
            "ward": "Phường Tân Giang"
        }
    },
    "Xã Bạch Đằng": {
        "Xã Bạch Đằng": {
            "state": "Cao Bằng",
            "city": "Xã Bạch Đằng",
            "ward": "Xã Bạch Đằng"
        }
    },
    "Xã Bảo Lâm": {
        "Xã Bảo Lâm": {
            "state": "Cao Bằng",
            "city": "Xã Bảo Lâm",
            "ward": "Xã Bảo Lâm"
        }
    },
    "Xã Bảo Lạc": {
        "Xã Bảo Lạc": {
            "state": "Cao Bằng",
            "city": "Xã Bảo Lạc",
            "ward": "Xã Bảo Lạc"
        }
    },
    "Xã Bế Văn Đàn": {
        "Xã Bế Văn Đàn": {
            "state": "Cao Bằng",
            "city": "Xã Bế Văn Đàn",
            "ward": "Xã Bế Văn Đàn"
        }
    },
    "Xã Ca Thành": {
        "Xã Ca Thành": {
            "state": "Cao Bằng",
            "city": "Xã Ca Thành",
            "ward": "Xã Ca Thành"
        }
    },
    "Xã Canh Tân": {
        "Xã Canh Tân": {
            "state": "Cao Bằng",
            "city": "Xã Canh Tân",
            "ward": "Xã Canh Tân"
        }
    },
    "Xã Cô Ba": {
        "Xã Cô Ba": {
            "state": "Cao Bằng",
            "city": "Xã Cô Ba",
            "ward": "Xã Cô Ba"
        }
    },
    "Xã Cần Yên": {
        "Xã Cần Yên": {
            "state": "Cao Bằng",
            "city": "Xã Cần Yên",
            "ward": "Xã Cần Yên"
        }
    },
    "Xã Cốc Pàng": {
        "Xã Cốc Pàng": {
            "state": "Cao Bằng",
            "city": "Xã Cốc Pàng",
            "ward": "Xã Cốc Pàng"
        }
    },
    "Xã Huy Giáp": {
        "Xã Huy Giáp": {
            "state": "Cao Bằng",
            "city": "Xã Huy Giáp",
            "ward": "Xã Huy Giáp"
        }
    },
    "Xã Hà Quảng": {
        "Xã Hà Quảng": {
            "state": "Cao Bằng",
            "city": "Xã Hà Quảng",
            "ward": "Xã Hà Quảng"
        }
    },
    "Xã Hòa An": {
        "Xã Hòa An": {
            "state": "Cao Bằng",
            "city": "Xã Hòa An",
            "ward": "Xã Hòa An"
        }
    },
    "Xã Hưng Đạo": {
        "Xã Hưng Đạo": {
            "state": "Cao Bằng",
            "city": "Xã Hưng Đạo",
            "ward": "Xã Hưng Đạo"
        }
    },
    "Xã Hạ Lang": {
        "Xã Hạ Lang": {
            "state": "Cao Bằng",
            "city": "Xã Hạ Lang",
            "ward": "Xã Hạ Lang"
        }
    },
    "Xã Hạnh Phúc": {
        "Xã Hạnh Phúc": {
            "state": "Cao Bằng",
            "city": "Xã Hạnh Phúc",
            "ward": "Xã Hạnh Phúc"
        }
    },
    "Xã Khánh Xuân": {
        "Xã Khánh Xuân": {
            "state": "Cao Bằng",
            "city": "Xã Khánh Xuân",
            "ward": "Xã Khánh Xuân"
        }
    },
    "Xã Kim Đồng": {
        "Xã Kim Đồng": {
            "state": "Cao Bằng",
            "city": "Xã Kim Đồng",
            "ward": "Xã Kim Đồng"
        }
    },
    "Xã Lý Bôn": {
        "Xã Lý Bôn": {
            "state": "Cao Bằng",
            "city": "Xã Lý Bôn",
            "ward": "Xã Lý Bôn"
        }
    },
    "Xã Lý Quốc": {
        "Xã Lý Quốc": {
            "state": "Cao Bằng",
            "city": "Xã Lý Quốc",
            "ward": "Xã Lý Quốc"
        }
    },
    "Xã Lũng Nặm": {
        "Xã Lũng Nặm": {
            "state": "Cao Bằng",
            "city": "Xã Lũng Nặm",
            "ward": "Xã Lũng Nặm"
        }
    },
    "Xã Minh Khai": {
        "Xã Minh Khai": {
            "state": "Cao Bằng",
            "city": "Xã Minh Khai",
            "ward": "Xã Minh Khai"
        }
    },
    "Xã Minh Tâm": {
        "Xã Minh Tâm": {
            "state": "Cao Bằng",
            "city": "Xã Minh Tâm",
            "ward": "Xã Minh Tâm"
        }
    },
    "Xã Nam Quang": {
        "Xã Nam Quang": {
            "state": "Cao Bằng",
            "city": "Xã Nam Quang",
            "ward": "Xã Nam Quang"
        }
    },
    "Xã Nam Tuấn": {
        "Xã Nam Tuấn": {
            "state": "Cao Bằng",
            "city": "Xã Nam Tuấn",
            "ward": "Xã Nam Tuấn"
        }
    },
    "Xã Nguyên Bình": {
        "Xã Nguyên Bình": {
            "state": "Cao Bằng",
            "city": "Xã Nguyên Bình",
            "ward": "Xã Nguyên Bình"
        }
    },
    "Xã Nguyễn Huệ": {
        "Xã Nguyễn Huệ": {
            "state": "Cao Bằng",
            "city": "Xã Nguyễn Huệ",
            "ward": "Xã Nguyễn Huệ"
        }
    },
    "Xã Phan Thanh": {
        "Xã Phan Thanh": {
            "state": "Cao Bằng",
            "city": "Xã Phan Thanh",
            "ward": "Xã Phan Thanh"
        }
    },
    "Xã Phục Hòa": {
        "Xã Phục Hòa": {
            "state": "Cao Bằng",
            "city": "Xã Phục Hòa",
            "ward": "Xã Phục Hòa"
        }
    },
    "Xã Quang Hán": {
        "Xã Quang Hán": {
            "state": "Cao Bằng",
            "city": "Xã Quang Hán",
            "ward": "Xã Quang Hán"
        }
    },
    "Xã Quang Long": {
        "Xã Quang Long": {
            "state": "Cao Bằng",
            "city": "Xã Quang Long",
            "ward": "Xã Quang Long"
        }
    },
    "Xã Quang Trung": {
        "Xã Quang Trung": {
            "state": "Cao Bằng",
            "city": "Xã Quang Trung",
            "ward": "Xã Quang Trung"
        }
    },
    "Xã Quảng Lâm": {
        "Xã Quảng Lâm": {
            "state": "Cao Bằng",
            "city": "Xã Quảng Lâm",
            "ward": "Xã Quảng Lâm"
        }
    },
    "Xã Quảng Uyên": {
        "Xã Quảng Uyên": {
            "state": "Cao Bằng",
            "city": "Xã Quảng Uyên",
            "ward": "Xã Quảng Uyên"
        }
    },
    "Xã Sơn Lộ": {
        "Xã Sơn Lộ": {
            "state": "Cao Bằng",
            "city": "Xã Sơn Lộ",
            "ward": "Xã Sơn Lộ"
        }
    },
    "Xã Tam Kim": {
        "Xã Tam Kim": {
            "state": "Cao Bằng",
            "city": "Xã Tam Kim",
            "ward": "Xã Tam Kim"
        }
    },
    "Xã Thanh Long": {
        "Xã Thanh Long": {
            "state": "Cao Bằng",
            "city": "Xã Thanh Long",
            "ward": "Xã Thanh Long"
        }
    },
    "Xã Thành Công": {
        "Xã Thành Công": {
            "state": "Cao Bằng",
            "city": "Xã Thành Công",
            "ward": "Xã Thành Công"
        }
    },
    "Xã Thông Nông": {
        "Xã Thông Nông": {
            "state": "Cao Bằng",
            "city": "Xã Thông Nông",
            "ward": "Xã Thông Nông"
        }
    },
    "Xã Thạch An": {
        "Xã Thạch An": {
            "state": "Cao Bằng",
            "city": "Xã Thạch An",
            "ward": "Xã Thạch An"
        }
    },
    "Xã Trà Lĩnh": {
        "Xã Trà Lĩnh": {
            "state": "Cao Bằng",
            "city": "Xã Trà Lĩnh",
            "ward": "Xã Trà Lĩnh"
        }
    },
    "Xã Trùng Khánh": {
        "Xã Trùng Khánh": {
            "state": "Cao Bằng",
            "city": "Xã Trùng Khánh",
            "ward": "Xã Trùng Khánh"
        }
    },
    "Xã Trường Hà": {
        "Xã Trường Hà": {
            "state": "Cao Bằng",
            "city": "Xã Trường Hà",
            "ward": "Xã Trường Hà"
        }
    },
    "Xã Tĩnh Túc": {
        "Xã Tĩnh Túc": {
            "state": "Cao Bằng",
            "city": "Xã Tĩnh Túc",
            "ward": "Xã Tĩnh Túc"
        }
    },
    "Xã Tổng Cọt": {
        "Xã Tổng Cọt": {
            "state": "Cao Bằng",
            "city": "Xã Tổng Cọt",
            "ward": "Xã Tổng Cọt"
        }
    },
    "Xã Vinh Quý": {
        "Xã Vinh Quý": {
            "state": "Cao Bằng",
            "city": "Xã Vinh Quý",
            "ward": "Xã Vinh Quý"
        }
    },
    "Xã Xuân Trường": {
        "Xã Xuân Trường": {
            "state": "Cao Bằng",
            "city": "Xã Xuân Trường",
            "ward": "Xã Xuân Trường"
        }
    },
    "Xã Yên Thổ": {
        "Xã Yên Thổ": {
            "state": "Cao Bằng",
            "city": "Xã Yên Thổ",
            "ward": "Xã Yên Thổ"
        }
    },
    "Xã Đoài Dương": {
        "Xã Đoài Dương": {
            "state": "Cao Bằng",
            "city": "Xã Đoài Dương",
            "ward": "Xã Đoài Dương"
        }
    },
    "Xã Đàm Thủy": {
        "Xã Đàm Thủy": {
            "state": "Cao Bằng",
            "city": "Xã Đàm Thủy",
            "ward": "Xã Đàm Thủy"
        }
    },
    "Xã Đình Phong": {
        "Xã Đình Phong": {
            "state": "Cao Bằng",
            "city": "Xã Đình Phong",
            "ward": "Xã Đình Phong"
        }
    },
    "Xã Đông Khê": {
        "Xã Đông Khê": {
            "state": "Cao Bằng",
            "city": "Xã Đông Khê",
            "ward": "Xã Đông Khê"
        }
    },
    "Xã Độc Lập": {
        "Xã Độc Lập": {
            "state": "Cao Bằng",
            "city": "Xã Độc Lập",
            "ward": "Xã Độc Lập"
        }
    },
    "Xã Đức Long": {
        "Xã Đức Long": {
            "state": "Cao Bằng",
            "city": "Xã Đức Long",
            "ward": "Xã Đức Long"
        }
    }
}