{
    "Phường Buôn Hồ": {
        "Phường Buôn Hồ": {
            "state": "Đắk Lắk",
            "city": "Phường Buôn Hồ",
            "ward": "Phường Buôn Hồ"
        }
    },
    "Phường Buôn Ma Thuột": {
        "Phường Buôn Ma Thuột": {
            "state": "Đắk Lắk",
            "city": "Phường Buôn Ma Thuột",
            "ward": "Phường Buôn Ma Thuột"
        }
    },
    "Phường Bình Kiến": {
        "Phường Bình Kiến": {
            "state": "Đắk Lắk",
            "city": "Phường Bình Kiến",
            "ward": "Phường Bình Kiến"
        }
    },
    "Phường Cư Bao": {
        "Phường Cư Bao": {
            "state": "Đắk Lắk",
            "city": "Phường Cư Bao",
            "ward": "Phường Cư Bao"
        }
    },
    "Phường Ea Kao": {
        "Phường Ea Kao": {
            "state": "Đắk Lắk",
            "city": "Phường Ea Kao",
            "ward": "Phường Ea Kao"
        }
    },
    "Phường Hòa Hiệp": {
        "Phường Hòa Hiệp": {
            "state": "Đắk Lắk",
            "city": "Phường Hòa Hiệp",
            "ward": "Phường Hòa Hiệp"
        }
    },
    "Phường Phú Yên": {
        "Phường Phú Yên": {
            "state": "Đắk Lắk",
            "city": "Phường Phú Yên",
            "ward": "Phường Phú Yên"
        }
    },
    "Phường Sông Cầu": {
        "Phường Sông Cầu": {
            "state": "Đắk Lắk",
            "city": "Phường Sông Cầu",
            "ward": "Phường Sông Cầu"
        }
    },
    "Phường Thành Nhất": {
        "Phường Thành Nhất": {
            "state": "Đắk Lắk",
            "city": "Phường Thành Nhất",
            "ward": "Phường Thành Nhất"
        }
    },
    "Phường Tuy Hòa": {
        "Phường Tuy Hòa": {
            "state": "Đắk Lắk",
            "city": "Phường Tuy Hòa",
            "ward": "Phường Tuy Hòa"
        }
    },
    "Phường Tân An": {
        "Phường Tân An": {
            "state": "Đắk Lắk",
            "city": "Phường Tân An",
            "ward": "Phường Tân An"
        }
    },
    "Phường Tân Lập": {
        "Phường Tân Lập": {
            "state": "Đắk Lắk",
            "city": "Phường Tân Lập",
            "ward": "Phường Tân Lập"
        }
    },
    "Phường Xuân Đài": {
        "Phường Xuân Đài": {
            "state": "Đắk Lắk",
            "city": "Phường Xuân Đài",
            "ward": "Phường Xuân Đài"
        }
    },
    "Phường Đông Hòa": {
        "Phường Đông Hòa": {
            "state": "Đắk Lắk",
            "city": "Phường Đông Hòa",
            "ward": "Phường Đông Hòa"
        }
    },
    "Xa Ea Kly": {
        "Xa Ea Kly": {
            "state": "Đắk Lắk",
            "city": "Xa Ea Kly",
            "ward": "Xa Ea Kly"
        }
    },
    "Xã Buôn Đôn": {
        "Xã Buôn Đôn": {
            "state": "Đắk Lắk",
            "city": "Xã Buôn Đôn",
            "ward": "Xã Buôn Đôn"
        }
    },
    "Xã Cuôr Đăng": {
        "Xã Cuôr Đăng": {
            "state": "Đắk Lắk",
            "city": "Xã Cuôr Đăng",
            "ward": "Xã Cuôr Đăng"
        }
    },
    "Xã Cư M'gar": {
        "Xã Cư M'gar": {
            "state": "Đắk Lắk",
            "city": "Xã Cư M'gar",
            "ward": "Xã Cư M'gar"
        }
    },
    "Xã Cư M'ta": {
        "Xã Cư M'ta": {
            "state": "Đắk Lắk",
            "city": "Xã Cư M'ta",
            "ward": "Xã Cư M'ta"
        }
    },
    "Xã Cư Prao": {
        "Xã Cư Prao": {
            "state": "Đắk Lắk",
            "city": "Xã Cư Prao",
            "ward": "Xã Cư Prao"
        }
    },
    "Xã Cư Pui": {
        "Xã Cư Pui": {
            "state": "Đắk Lắk",
            "city": "Xã Cư Pui",
            "ward": "Xã Cư Pui"
        }
    },
    "Xã Cư Pơng": {
        "Xã Cư Pơng": {
            "state": "Đắk Lắk",
            "city": "Xã Cư Pơng",
            "ward": "Xã Cư Pơng"
        }
    },
    "Xã Cư Yang": {
        "Xã Cư Yang": {
            "state": "Đắk Lắk",
            "city": "Xã Cư Yang",
            "ward": "Xã Cư Yang"
        }
    },
    "Xã Dang Kang": {
        "Xã Dang Kang": {
            "state": "Đắk Lắk",
            "city": "Xã Dang Kang",
            "ward": "Xã Dang Kang"
        }
    },
    "Xã Dliê Ya": {
        "Xã Dliê Ya": {
            "state": "Đắk Lắk",
            "city": "Xã Dliê Ya",
            "ward": "Xã Dliê Ya"
        }
    },
    "Xã Dray Bhăng": {
        "Xã Dray Bhăng": {
            "state": "Đắk Lắk",
            "city": "Xã Dray Bhăng",
            "ward": "Xã Dray Bhăng"
        }
    },
    "Xã Dur Kmăl": {
        "Xã Dur Kmăl": {
            "state": "Đắk Lắk",
            "city": "Xã Dur Kmăl",
            "ward": "Xã Dur Kmăl"
        }
    },
    "Xã Ea Bung": {
        "Xã Ea Bung": {
            "state": "Đắk Lắk",
            "city": "Xã Ea Bung",
            "ward": "Xã Ea Bung"
        }
    },
    "Xã Ea Bá": {
        "Xã Ea Bá": {
            "state": "Đắk Lắk",
            "city": "Xã Ea Bá",
            "ward": "Xã Ea Bá"
        }
    },
    "Xã Ea Drông": {
        "Xã Ea Drông": {
            "state": "Đắk Lắk",
            "city": "Xã Ea Drông",
            "ward": "Xã Ea Drông"
        }
    },
    "Xã Ea Drăng": {
        "Xã Ea Drăng": {
            "state": "Đắk Lắk",
            "city": "Xã Ea Drăng",
            "ward": "Xã Ea Drăng"
        }
    },
    "Xã Ea H'Leo": {
        "Xã Ea H'Leo": {
            "state": "Đắk Lắk",
            "city": "Xã Ea H'Leo",
            "ward": "Xã Ea H'Leo"
        }
    },
    "Xã Ea Hiao": {
        "Xã Ea Hiao": {
            "state": "Đắk Lắk",
            "city": "Xã Ea Hiao",
            "ward": "Xã Ea Hiao"
        }
    },
    "Xã Ea Kar": {
        "Xã Ea Kar": {
            "state": "Đắk Lắk",
            "city": "Xã Ea Kar",
            "ward": "Xã Ea Kar"
        }
    },
    "Xã Ea Khăl": {
        "Xã Ea Khăl": {
            "state": "Đắk Lắk",
            "city": "Xã Ea Khăl",
            "ward": "Xã Ea Khăl"
        }
    },
    "Xã Ea Kiết": {
        "Xã Ea Kiết": {
            "state": "Đắk Lắk",
            "city": "Xã Ea Kiết",
            "ward": "Xã Ea Kiết"
        }
    },
    "Xã Ea Knuếc": {
        "Xã Ea Knuếc": {
            "state": "Đắk Lắk",
            "city": "Xã Ea Knuếc",
            "ward": "Xã Ea Knuếc"
        }
    },
    "Xã Ea Knốp": {
        "Xã Ea Knốp": {
            "state": "Đắk Lắk",
            "city": "Xã Ea Knốp",
            "ward": "Xã Ea Knốp"
        }
    },
    "Xã Ea Ktur": {
        "Xã Ea Ktur": {
            "state": "Đắk Lắk",
            "city": "Xã Ea Ktur",
            "ward": "Xã Ea Ktur"
        }
    },
    "Xã Ea Ly": {
        "Xã Ea Ly": {
            "state": "Đắk Lắk",
            "city": "Xã Ea Ly",
            "ward": "Xã Ea Ly"
        }
    },
    "Xã Ea M'Droh": {
        "Xã Ea M'Droh": {
            "state": "Đắk Lắk",
            "city": "Xã Ea M'Droh",
            "ward": "Xã Ea M'Droh"
        }
    },
    "Xã Ea Na": {
        "Xã Ea Na": {
            "state": "Đắk Lắk",
            "city": "Xã Ea Na",
            "ward": "Xã Ea Na"
        }
    },
    "Xã Ea Ning": {
        "Xã Ea Ning": {
            "state": "Đắk Lắk",
            "city": "Xã Ea Ning",
            "ward": "Xã Ea Ning"
        }
    },
    "Xã Ea Nuôl": {
        "Xã Ea Nuôl": {
            "state": "Đắk Lắk",
            "city": "Xã Ea Nuôl",
            "ward": "Xã Ea Nuôl"
        }
    },
    "Xã Ea Phê": {
        "Xã Ea Phê": {
            "state": "Đắk Lắk",
            "city": "Xã Ea Phê",
            "ward": "Xã Ea Phê"
        }
    },
    "Xã Ea Păl": {
        "Xã Ea Păl": {
            "state": "Đắk Lắk",
            "city": "Xã Ea Păl",
            "ward": "Xã Ea Păl"
        }
    },
    "Xã Ea Riêng": {
        "Xã Ea Riêng": {
            "state": "Đắk Lắk",
            "city": "Xã Ea Riêng",
            "ward": "Xã Ea Riêng"
        }
    },
    "Xã Ea Rốk": {
        "Xã Ea Rốk": {
            "state": "Đắk Lắk",
            "city": "Xã Ea Rốk",
            "ward": "Xã Ea Rốk"
        }
    },
    "Xã Ea Súp": {
        "Xã Ea Súp": {
            "state": "Đắk Lắk",
            "city": "Xã Ea Súp",
            "ward": "Xã Ea Súp"
        }
    },
    "Xã Ea Trang": {
        "Xã Ea Trang": {
            "state": "Đắk Lắk",
            "city": "Xã Ea Trang",
            "ward": "Xã Ea Trang"
        }
    },
    "Xã Ea Tul": {
        "Xã Ea Tul": {
            "state": "Đắk Lắk",
            "city": "Xã Ea Tul",
            "ward": "Xã Ea Tul"
        }
    },
    "Xã Ea Wer": {
        "Xã Ea Wer": {
            "state": "Đắk Lắk",
            "city": "Xã Ea Wer",
            "ward": "Xã Ea Wer"
        }
    },
    "Xã Ea Wy": {
        "Xã Ea Wy": {
            "state": "Đắk Lắk",
            "city": "Xã Ea Wy",
            "ward": "Xã Ea Wy"
        }
    },
    "Xã Ea Ô": {
        "Xã Ea Ô": {
            "state": "Đắk Lắk",
            "city": "Xã Ea Ô",
            "ward": "Xã Ea Ô"
        }
    },
    "Xã Hòa Mỹ": {
        "Xã Hòa Mỹ": {
            "state": "Đắk Lắk",
            "city": "Xã Hòa Mỹ",
            "ward": "Xã Hòa Mỹ"
        }
    },
    "Xã Hòa Phú": {
        "Xã Hòa Phú": {
            "state": "Đắk Lắk",
            "city": "Xã Hòa Phú",
            "ward": "Xã Hòa Phú"
        }
    },
    "Xã Hòa Sơn": {
        "Xã Hòa Sơn": {
            "state": "Đắk Lắk",
            "city": "Xã Hòa Sơn",
            "ward": "Xã Hòa Sơn"
        }
    },
    "Xã Hòa Thịnh": {
        "Xã Hòa Thịnh": {
            "state": "Đắk Lắk",
            "city": "Xã Hòa Thịnh",
            "ward": "Xã Hòa Thịnh"
        }
    },
    "Xã Hòa Xuân": {
        "Xã Hòa Xuân": {
            "state": "Đắk Lắk",
            "city": "Xã Hòa Xuân",
            "ward": "Xã Hòa Xuân"
        }
    },
    "Xã Ia Lốp": {
        "Xã Ia Lốp": {
            "state": "Đắk Lắk",
            "city": "Xã Ia Lốp",
            "ward": "Xã Ia Lốp"
        }
    },
    "Xã Ia Rvê": {
        "Xã Ia Rvê": {
            "state": "Đắk Lắk",
            "city": "Xã Ia Rvê",
            "ward": "Xã Ia Rvê"
        }
    },
    "Xã Krông Ana": {
        "Xã Krông Ana": {
            "state": "Đắk Lắk",
            "city": "Xã Krông Ana",
            "ward": "Xã Krông Ana"
        }
    },
    "Xã Krông Bông": {
        "Xã Krông Bông": {
            "state": "Đắk Lắk",
            "city": "Xã Krông Bông",
            "ward": "Xã Krông Bông"
        }
    },
    "Xã Krông Búk": {
        "Xã Krông Búk": {
            "state": "Đắk Lắk",
            "city": "Xã Krông Búk",
            "ward": "Xã Krông Búk"
        }
    },
    "Xã Krông Nô": {
        "Xã Krông Nô": {
            "state": "Đắk Lắk",
            "city": "Xã Krông Nô",
            "ward": "Xã Krông Nô"
        }
    },
    "Xã Krông Năng": {
        "Xã Krông Năng": {
            "state": "Đắk Lắk",
            "city": "Xã Krông Năng",
            "ward": "Xã Krông Năng"
        }
    },
    "Xã Krông Pắc": {
        "Xã Krông Pắc": {
            "state": "Đắk Lắk",
            "city": "Xã Krông Pắc",
            "ward": "Xã Krông Pắc"
        }
    },
    "Xã Krông Á": {
        "Xã Krông Á": {
            "state": "Đắk Lắk",
            "city": "Xã Krông Á",
            "ward": "Xã Krông Á"
        }
    },
    "Xã Liên Sơn Lắk": {
        "Xã Liên Sơn Lắk": {
            "state": "Đắk Lắk",
            "city": "Xã Liên Sơn Lắk",
            "ward": "Xã Liên Sơn Lắk"
        }
    },
    "Xã M'Drắk": {
        "Xã M'Drắk": {
            "state": "Đắk Lắk",
            "city": "Xã M'Drắk",
            "ward": "Xã M'Drắk"
        }
    },
    "Xã Nam Ka": {
        "Xã Nam Ka": {
            "state": "Đắk Lắk",
            "city": "Xã Nam Ka",
            "ward": "Xã Nam Ka"
        }
    },
    "Xã Phú Hòa 1": {
        "Xã Phú Hòa 1": {
            "state": "Đắk Lắk",
            "city": "Xã Phú Hòa 1",
            "ward": "Xã Phú Hòa 1"
        }
    },
    "Xã Phú Hòa 2": {
        "Xã Phú Hòa 2": {
            "state": "Đắk Lắk",
            "city": "Xã Phú Hòa 2",
            "ward": "Xã Phú Hòa 2"
        }
    },
    "Xã Phú Mỡ": {
        "Xã Phú Mỡ": {
            "state": "Đắk Lắk",
            "city": "Xã Phú Mỡ",
            "ward": "Xã Phú Mỡ"
        }
    },
    "Xã Phú Xuân": {
        "Xã Phú Xuân": {
            "state": "Đắk Lắk",
            "city": "Xã Phú Xuân",
            "ward": "Xã Phú Xuân"
        }
    },
    "Xã Pơng Drang": {
        "Xã Pơng Drang": {
            "state": "Đắk Lắk",
            "city": "Xã Pơng Drang",
            "ward": "Xã Pơng Drang"
        }
    },
    "Xã Quảng Phú": {
        "Xã Quảng Phú": {
            "state": "Đắk Lắk",
            "city": "Xã Quảng Phú",
            "ward": "Xã Quảng Phú"
        }
    },
    "Xã Suối Trai": {
        "Xã Suối Trai": {
            "state": "Đắk Lắk",
            "city": "Xã Suối Trai",
            "ward": "Xã Suối Trai"
        }
    },
    "Xã Sông Hinh": {
        "Xã Sông Hinh": {
            "state": "Đắk Lắk",
            "city": "Xã Sông Hinh",
            "ward": "Xã Sông Hinh"
        }
    },
    "Xã Sơn Hòa": {
        "Xã Sơn Hòa": {
            "state": "Đắk Lắk",
            "city": "Xã Sơn Hòa",
            "ward": "Xã Sơn Hòa"
        }
    },
    "Xã Sơn Thành": {
        "Xã Sơn Thành": {
            "state": "Đắk Lắk",
            "city": "Xã Sơn Thành",
            "ward": "Xã Sơn Thành"
        }
    },
    "Xã Tam Giang": {
        "Xã Tam Giang": {
            "state": "Đắk Lắk",
            "city": "Xã Tam Giang",
            "ward": "Xã Tam Giang"
        }
    },
    "Xã Tuy An Bắc": {
        "Xã Tuy An Bắc": {
            "state": "Đắk Lắk",
            "city": "Xã Tuy An Bắc",
            "ward": "Xã Tuy An Bắc"
        }
    },
    "Xã Tuy An Nam": {
        "Xã Tuy An Nam": {
            "state": "Đắk Lắk",
            "city": "Xã Tuy An Nam",
            "ward": "Xã Tuy An Nam"
        }
    },
    "Xã Tuy An Tây": {
        "Xã Tuy An Tây": {
            "state": "Đắk Lắk",
            "city": "Xã Tuy An Tây",
            "ward": "Xã Tuy An Tây"
        }
    },
    "Xã Tuy An Đông": {
        "Xã Tuy An Đông": {
            "state": "Đắk Lắk",
            "city": "Xã Tuy An Đông",
            "ward": "Xã Tuy An Đông"
        }
    },
    "Xã Tân Tiến": {
        "Xã Tân Tiến": {
            "state": "Đắk Lắk",
            "city": "Xã Tân Tiến",
            "ward": "Xã Tân Tiến"
        }
    },
    "Xã Tây Hòa": {
        "Xã Tây Hòa": {
            "state": "Đắk Lắk",
            "city": "Xã Tây Hòa",
            "ward": "Xã Tây Hòa"
        }
    },
    "Xã Tây Sơn": {
        "Xã Tây Sơn": {
            "state": "Đắk Lắk",
            "city": "Xã Tây Sơn",
            "ward": "Xã Tây Sơn"
        }
    },
    "Xã Vân Hòa": {
        "Xã Vân Hòa": {
            "state": "Đắk Lắk",
            "city": "Xã Vân Hòa",
            "ward": "Xã Vân Hòa"
        }
    },
    "Xã Vụ Bổn": {
        "Xã Vụ Bổn": {
            "state": "Đắk Lắk",
            "city": "Xã Vụ Bổn",
            "ward": "Xã Vụ Bổn"
        }
    },
    "Xã Xuân Cảnh": {
        "Xã Xuân Cảnh": {
            "state": "Đắk Lắk",
            "city": "Xã Xuân Cảnh",
            "ward": "Xã Xuân Cảnh"
        }
    },
    "Xã Xuân Lãnh": {
        "Xã Xuân Lãnh": {
            "state": "Đắk Lắk",
            "city": "Xã Xuân Lãnh",
            "ward": "Xã Xuân Lãnh"
        }
    },
    "Xã Xuân Lộc": {
        "Xã Xuân Lộc": {
            "state": "Đắk Lắk",
            "city": "Xã Xuân Lộc",
            "ward": "Xã Xuân Lộc"
        }
    },
    "Xã Xuân Phước": {
        "Xã Xuân Phước": {
            "state": "Đắk Lắk",
            "city": "Xã Xuân Phước",
            "ward": "Xã Xuân Phước"
        }
    },
    "Xã Xuân Thọ": {
        "Xã Xuân Thọ": {
            "state": "Đắk Lắk",
            "city": "Xã Xuân Thọ",
            "ward": "Xã Xuân Thọ"
        }
    },
    "Xã Yang Mao": {
        "Xã Yang Mao": {
            "state": "Đắk Lắk",
            "city": "Xã Yang Mao",
            "ward": "Xã Yang Mao"
        }
    },
    "Xã Ô Loan": {
        "Xã Ô Loan": {
            "state": "Đắk Lắk",
            "city": "Xã Ô Loan",
            "ward": "Xã Ô Loan"
        }
    },
    "Xã Đắk Liêng": {
        "Xã Đắk Liêng": {
            "state": "Đắk Lắk",
            "city": "Xã Đắk Liêng",
            "ward": "Xã Đắk Liêng"
        }
    },
    "Xã Đắk Phơi": {
        "Xã Đắk Phơi": {
            "state": "Đắk Lắk",
            "city": "Xã Đắk Phơi",
            "ward": "Xã Đắk Phơi"
        }
    },
    "Xã Đồng Xuân": {
        "Xã Đồng Xuân": {
            "state": "Đắk Lắk",
            "city": "Xã Đồng Xuân",
            "ward": "Xã Đồng Xuân"
        }
    },
    "Xã Đức Bình": {
        "Xã Đức Bình": {
            "state": "Đắk Lắk",
            "city": "Xã Đức Bình",
            "ward": "Xã Đức Bình"
        }
    }
}