{
    "Phường Mường Lay": {
        "Phường Mường Lay": {
            "state": "Điện Biên",
            "city": "Phường Mường Lay",
            "ward": "Phường Mường Lay"
        }
    },
    "Phường Mường Thanh": {
        "Phường Mường Thanh": {
            "state": "Điện Biên",
            "city": "Phường Mường Thanh",
            "ward": "Phường Mường Thanh"
        }
    },
    "Phường Điện Biên Phủ": {
        "Phường Điện Biên Phủ": {
            "state": "Điện Biên",
            "city": "Phường Điện Biên Phủ",
            "ward": "Phường Điện Biên Phủ"
        }
    },
    "Xã Búng Lao": {
        "Xã Búng Lao": {
            "state": "Điện Biên",
            "city": "Xã Búng Lao",
            "ward": "Xã Búng Lao"
        }
    },
    "Xã Chiềng Sinh": {
        "Xã Chiềng Sinh": {
            "state": "Điện Biên",
            "city": "Xã Chiềng Sinh",
            "ward": "Xã Chiềng Sinh"
        }
    },
    "Xã Chà Tở": {
        "Xã Chà Tở": {
            "state": "Điện Biên",
            "city": "Xã Chà Tở",
            "ward": "Xã Chà Tở"
        }
    },
    "Xã Mường Chà": {
        "Xã Mường Chà": {
            "state": "Điện Biên",
            "city": "Xã Mường Chà",
            "ward": "Xã Mường Chà"
        }
    },
    "Xã Mường Luân": {
        "Xã Mường Luân": {
            "state": "Điện Biên",
            "city": "Xã Mường Luân",
            "ward": "Xã Mường Luân"
        }
    },
    "Xã Mường Lạn": {
        "Xã Mường Lạn": {
            "state": "Điện Biên",
            "city": "Xã Mường Lạn",
            "ward": "Xã Mường Lạn"
        }
    },
    "Xã Mường Mùn": {
        "Xã Mường Mùn": {
            "state": "Điện Biên",
            "city": "Xã Mường Mùn",
            "ward": "Xã Mường Mùn"
        }
    },
    "Xã Mường Nhà": {
        "Xã Mường Nhà": {
            "state": "Điện Biên",
            "city": "Xã Mường Nhà",
            "ward": "Xã Mường Nhà"
        }
    },
    "Xã Mường Nhé": {
        "Xã Mường Nhé": {
            "state": "Điện Biên",
            "city": "Xã Mường Nhé",
            "ward": "Xã Mường Nhé"
        }
    },
    "Xã Mường Phăng": {
        "Xã Mường Phăng": {
            "state": "Điện Biên",
            "city": "Xã Mường Phăng",
            "ward": "Xã Mường Phăng"
        }
    },
    "Xã Mường Pồn": {
        "Xã Mường Pồn": {
            "state": "Điện Biên",
            "city": "Xã Mường Pồn",
            "ward": "Xã Mường Pồn"
        }
    },
    "Xã Mường Toong": {
        "Xã Mường Toong": {
            "state": "Điện Biên",
            "city": "Xã Mường Toong",
            "ward": "Xã Mường Toong"
        }
    },
    "Xã Mường Tùng": {
        "Xã Mường Tùng": {
            "state": "Điện Biên",
            "city": "Xã Mường Tùng",
            "ward": "Xã Mường Tùng"
        }
    },
    "Xã Mường Ảng": {
        "Xã Mường Ảng": {
            "state": "Điện Biên",
            "city": "Xã Mường Ảng",
            "ward": "Xã Mường Ảng"
        }
    },
    "Xã Na Sang": {
        "Xã Na Sang": {
            "state": "Điện Biên",
            "city": "Xã Na Sang",
            "ward": "Xã Na Sang"
        }
    },
    "Xã Na Son": {
        "Xã Na Son": {
            "state": "Điện Biên",
            "city": "Xã Na Son",
            "ward": "Xã Na Son"
        }
    },
    "Xã Nà Bủng": {
        "Xã Nà Bủng": {
            "state": "Điện Biên",
            "city": "Xã Nà Bủng",
            "ward": "Xã Nà Bủng"
        }
    },
    "Xã Nà Hỳ": {
        "Xã Nà Hỳ": {
            "state": "Điện Biên",
            "city": "Xã Nà Hỳ",
            "ward": "Xã Nà Hỳ"
        }
    },
    "Xã Nà Tấu": {
        "Xã Nà Tấu": {
            "state": "Điện Biên",
            "city": "Xã Nà Tấu",
            "ward": "Xã Nà Tấu"
        }
    },
    "Xã Núa Ngam": {
        "Xã Núa Ngam": {
            "state": "Điện Biên",
            "city": "Xã Núa Ngam",
            "ward": "Xã Núa Ngam"
        }
    },
    "Xã Nậm Kè": {
        "Xã Nậm Kè": {
            "state": "Điện Biên",
            "city": "Xã Nậm Kè",
            "ward": "Xã Nậm Kè"
        }
    },
    "Xã Nậm Nèn": {
        "Xã Nậm Nèn": {
            "state": "Điện Biên",
            "city": "Xã Nậm Nèn",
            "ward": "Xã Nậm Nèn"
        }
    },
    "Xã Pa Ham": {
        "Xã Pa Ham": {
            "state": "Điện Biên",
            "city": "Xã Pa Ham",
            "ward": "Xã Pa Ham"
        }
    },
    "Xã Phình Giàng": {
        "Xã Phình Giàng": {
            "state": "Điện Biên",
            "city": "Xã Phình Giàng",
            "ward": "Xã Phình Giàng"
        }
    },
    "Xã Pu Nhi": {
        "Xã Pu Nhi": {
            "state": "Điện Biên",
            "city": "Xã Pu Nhi",
            "ward": "Xã Pu Nhi"
        }
    },
    "Xã Pú Nhung": {
        "Xã Pú Nhung": {
            "state": "Điện Biên",
            "city": "Xã Pú Nhung",
            "ward": "Xã Pú Nhung"
        }
    },
    "Xã Quài Tở": {
        "Xã Quài Tở": {
            "state": "Điện Biên",
            "city": "Xã Quài Tở",
            "ward": "Xã Quài Tở"
        }
    },
    "Xã Quảng Lâm": {
        "Xã Quảng Lâm": {
            "state": "Điện Biên",
            "city": "Xã Quảng Lâm",
            "ward": "Xã Quảng Lâm"
        }
    },
    "Xã Sam Mứn": {
        "Xã Sam Mứn": {
            "state": "Điện Biên",
            "city": "Xã Sam Mứn",
            "ward": "Xã Sam Mứn"
        }
    },
    "Xã Si Pa Phìn": {
        "Xã Si Pa Phìn": {
            "state": "Điện Biên",
            "city": "Xã Si Pa Phìn",
            "ward": "Xã Si Pa Phìn"
        }
    },
    "Xã Sáng Nhè": {
        "Xã Sáng Nhè": {
            "state": "Điện Biên",
            "city": "Xã Sáng Nhè",
            "ward": "Xã Sáng Nhè"
        }
    },
    "Xã Sín Chải": {
        "Xã Sín Chải": {
            "state": "Điện Biên",
            "city": "Xã Sín Chải",
            "ward": "Xã Sín Chải"
        }
    },
    "Xã Sín Thầu": {
        "Xã Sín Thầu": {
            "state": "Điện Biên",
            "city": "Xã Sín Thầu",
            "ward": "Xã Sín Thầu"
        }
    },
    "Xã Sính Phình": {
        "Xã Sính Phình": {
            "state": "Điện Biên",
            "city": "Xã Sính Phình",
            "ward": "Xã Sính Phình"
        }
    },
    "Xã Thanh An": {
        "Xã Thanh An": {
            "state": "Điện Biên",
            "city": "Xã Thanh An",
            "ward": "Xã Thanh An"
        }
    },
    "Xã Thanh Nưa": {
        "Xã Thanh Nưa": {
            "state": "Điện Biên",
            "city": "Xã Thanh Nưa",
            "ward": "Xã Thanh Nưa"
        }
    },
    "Xã Thanh Yên": {
        "Xã Thanh Yên": {
            "state": "Điện Biên",
            "city": "Xã Thanh Yên",
            "ward": "Xã Thanh Yên"
        }
    },
    "Xã Tuần Giáo": {
        "Xã Tuần Giáo": {
            "state": "Điện Biên",
            "city": "Xã Tuần Giáo",
            "ward": "Xã Tuần Giáo"
        }
    },
    "Xã Tìa Dình": {
        "Xã Tìa Dình": {
            "state": "Điện Biên",
            "city": "Xã Tìa Dình",
            "ward": "Xã Tìa Dình"
        }
    },
    "Xã Tủa Chùa": {
        "Xã Tủa Chùa": {
            "state": "Điện Biên",
            "city": "Xã Tủa Chùa",
            "ward": "Xã Tủa Chùa"
        }
    },
    "Xã Tủa Thàng": {
        "Xã Tủa Thàng": {
            "state": "Điện Biên",
            "city": "Xã Tủa Thàng",
            "ward": "Xã Tủa Thàng"
        }
    },
    "Xã Xa Dung": {
        "Xã Xa Dung": {
            "state": "Điện Biên",
            "city": "Xã Xa Dung",
            "ward": "Xã Xa Dung"
        }
    }
}