{
    "Phường An Bình": {
        "Phường An Bình": {
            "state": "Đồng Tháp",
            "city": "Phường An Bình",
            "ward": "Phường An Bình"
        }
    },
    "Phường Bình Xuân": {
        "Phường Bình Xuân": {
            "state": "Đồng Tháp",
            "city": "Phường Bình Xuân",
            "ward": "Phường Bình Xuân"
        }
    },
    "Phường Cai Lậy": {
        "Phường Cai Lậy": {
            "state": "Đồng Tháp",
            "city": "Phường Cai Lậy",
            "ward": "Phường Cai Lậy"
        }
    },
    "Phường Cao Lãnh": {
        "Phường Cao Lãnh": {
            "state": "Đồng Tháp",
            "city": "Phường Cao Lãnh",
            "ward": "Phường Cao Lãnh"
        }
    },
    "Phường Gò Công": {
        "Phường Gò Công": {
            "state": "Đồng Tháp",
            "city": "Phường Gò Công",
            "ward": "Phường Gò Công"
        }
    },
    "Phường Hồng Ngự": {
        "Phường Hồng Ngự": {
            "state": "Đồng Tháp",
            "city": "Phường Hồng Ngự",
            "ward": "Phường Hồng Ngự"
        }
    },
    "Phường Long Thuận": {
        "Phường Long Thuận": {
            "state": "Đồng Tháp",
            "city": "Phường Long Thuận",
            "ward": "Phường Long Thuận"
        }
    },
    "Phường Mỹ Ngãi": {
        "Phường Mỹ Ngãi": {
            "state": "Đồng Tháp",
            "city": "Phường Mỹ Ngãi",
            "ward": "Phường Mỹ Ngãi"
        }
    },
    "Phường Mỹ Phong": {
        "Phường Mỹ Phong": {
            "state": "Đồng Tháp",
            "city": "Phường Mỹ Phong",
            "ward": "Phường Mỹ Phong"
        }
    },
    "Phường Mỹ Phước Tây": {
        "Phường Mỹ Phước Tây": {
            "state": "Đồng Tháp",
            "city": "Phường Mỹ Phước Tây",
            "ward": "Phường Mỹ Phước Tây"
        }
    },
    "Phường Mỹ Tho": {
        "Phường Mỹ Tho": {
            "state": "Đồng Tháp",
            "city": "Phường Mỹ Tho",
            "ward": "Phường Mỹ Tho"
        }
    },
    "Phường Mỹ Trà": {
        "Phường Mỹ Trà": {
            "state": "Đồng Tháp",
            "city": "Phường Mỹ Trà",
            "ward": "Phường Mỹ Trà"
        }
    },
    "Phường Nhị Quý": {
        "Phường Nhị Quý": {
            "state": "Đồng Tháp",
            "city": "Phường Nhị Quý",
            "ward": "Phường Nhị Quý"
        }
    },
    "Phường Sa Đéc": {
        "Phường Sa Đéc": {
            "state": "Đồng Tháp",
            "city": "Phường Sa Đéc",
            "ward": "Phường Sa Đéc"
        }
    },
    "Phường Sơn Qui": {
        "Phường Sơn Qui": {
            "state": "Đồng Tháp",
            "city": "Phường Sơn Qui",
            "ward": "Phường Sơn Qui"
        }
    },
    "Phường Thanh Hòa": {
        "Phường Thanh Hòa": {
            "state": "Đồng Tháp",
            "city": "Phường Thanh Hòa",
            "ward": "Phường Thanh Hòa"
        }
    },
    "Phường Thường Lạc": {
        "Phường Thường Lạc": {
            "state": "Đồng Tháp",
            "city": "Phường Thường Lạc",
            "ward": "Phường Thường Lạc"
        }
    },
    "Phường Thới Sơn": {
        "Phường Thới Sơn": {
            "state": "Đồng Tháp",
            "city": "Phường Thới Sơn",
            "ward": "Phường Thới Sơn"
        }
    },
    "Phường Trung An": {
        "Phường Trung An": {
            "state": "Đồng Tháp",
            "city": "Phường Trung An",
            "ward": "Phường Trung An"
        }
    },
    "Phường Đạo Thạnh": {
        "Phường Đạo Thạnh": {
            "state": "Đồng Tháp",
            "city": "Phường Đạo Thạnh",
            "ward": "Phường Đạo Thạnh"
        }
    },
    "Xã An Hòa": {
        "Xã An Hòa": {
            "state": "Đồng Tháp",
            "city": "Xã An Hòa",
            "ward": "Xã An Hòa"
        }
    },
    "Xã An Hữu": {
        "Xã An Hữu": {
            "state": "Đồng Tháp",
            "city": "Xã An Hữu",
            "ward": "Xã An Hữu"
        }
    },
    "Xã An Long": {
        "Xã An Long": {
            "state": "Đồng Tháp",
            "city": "Xã An Long",
            "ward": "Xã An Long"
        }
    },
    "Xã An Phước": {
        "Xã An Phước": {
            "state": "Đồng Tháp",
            "city": "Xã An Phước",
            "ward": "Xã An Phước"
        }
    },
    "Xã An Thạnh Thủy": {
        "Xã An Thạnh Thủy": {
            "state": "Đồng Tháp",
            "city": "Xã An Thạnh Thủy",
            "ward": "Xã An Thạnh Thủy"
        }
    },
    "Xã Ba Sao": {
        "Xã Ba Sao": {
            "state": "Đồng Tháp",
            "city": "Xã Ba Sao",
            "ward": "Xã Ba Sao"
        }
    },
    "Xã Bình Hàng Trung": {
        "Xã Bình Hàng Trung": {
            "state": "Đồng Tháp",
            "city": "Xã Bình Hàng Trung",
            "ward": "Xã Bình Hàng Trung"
        }
    },
    "Xã Bình Ninh": {
        "Xã Bình Ninh": {
            "state": "Đồng Tháp",
            "city": "Xã Bình Ninh",
            "ward": "Xã Bình Ninh"
        }
    },
    "Xã Bình Phú": {
        "Xã Bình Phú": {
            "state": "Đồng Tháp",
            "city": "Xã Bình Phú",
            "ward": "Xã Bình Phú"
        }
    },
    "Xã Bình Thành": {
        "Xã Bình Thành": {
            "state": "Đồng Tháp",
            "city": "Xã Bình Thành",
            "ward": "Xã Bình Thành"
        }
    },
    "Xã Bình Trưng": {
        "Xã Bình Trưng": {
            "state": "Đồng Tháp",
            "city": "Xã Bình Trưng",
            "ward": "Xã Bình Trưng"
        }
    },
    "Xã Châu Thành": {
        "Xã Châu Thành": {
            "state": "Đồng Tháp",
            "city": "Xã Châu Thành",
            "ward": "Xã Châu Thành"
        }
    },
    "Xã Chợ Gạo": {
        "Xã Chợ Gạo": {
            "state": "Đồng Tháp",
            "city": "Xã Chợ Gạo",
            "ward": "Xã Chợ Gạo"
        }
    },
    "Xã Cái Bè": {
        "Xã Cái Bè": {
            "state": "Đồng Tháp",
            "city": "Xã Cái Bè",
            "ward": "Xã Cái Bè"
        }
    },
    "Xã Gia Thuận": {
        "Xã Gia Thuận": {
            "state": "Đồng Tháp",
            "city": "Xã Gia Thuận",
            "ward": "Xã Gia Thuận"
        }
    },
    "Xã Gò Công Đông": {
        "Xã Gò Công Đông": {
            "state": "Đồng Tháp",
            "city": "Xã Gò Công Đông",
            "ward": "Xã Gò Công Đông"
        }
    },
    "Xã Hiệp Đức": {
        "Xã Hiệp Đức": {
            "state": "Đồng Tháp",
            "city": "Xã Hiệp Đức",
            "ward": "Xã Hiệp Đức"
        }
    },
    "Xã Hòa Long": {
        "Xã Hòa Long": {
            "state": "Đồng Tháp",
            "city": "Xã Hòa Long",
            "ward": "Xã Hòa Long"
        }
    },
    "Xã Hưng Thạnh": {
        "Xã Hưng Thạnh": {
            "state": "Đồng Tháp",
            "city": "Xã Hưng Thạnh",
            "ward": "Xã Hưng Thạnh"
        }
    },
    "Xã Hậu Mỹ": {
        "Xã Hậu Mỹ": {
            "state": "Đồng Tháp",
            "city": "Xã Hậu Mỹ",
            "ward": "Xã Hậu Mỹ"
        }
    },
    "Xã Hội Cư": {
        "Xã Hội Cư": {
            "state": "Đồng Tháp",
            "city": "Xã Hội Cư",
            "ward": "Xã Hội Cư"
        }
    },
    "Xã Kim Sơn": {
        "Xã Kim Sơn": {
            "state": "Đồng Tháp",
            "city": "Xã Kim Sơn",
            "ward": "Xã Kim Sơn"
        }
    },
    "Xã Lai Vung": {
        "Xã Lai Vung": {
            "state": "Đồng Tháp",
            "city": "Xã Lai Vung",
            "ward": "Xã Lai Vung"
        }
    },
    "Xã Long Bình": {
        "Xã Long Bình": {
            "state": "Đồng Tháp",
            "city": "Xã Long Bình",
            "ward": "Xã Long Bình"
        }
    },
    "Xã Long Hưng": {
        "Xã Long Hưng": {
            "state": "Đồng Tháp",
            "city": "Xã Long Hưng",
            "ward": "Xã Long Hưng"
        }
    },
    "Xã Long Khánh": {
        "Xã Long Khánh": {
            "state": "Đồng Tháp",
            "city": "Xã Long Khánh",
            "ward": "Xã Long Khánh"
        }
    },
    "Xã Long Phú Thuận": {
        "Xã Long Phú Thuận": {
            "state": "Đồng Tháp",
            "city": "Xã Long Phú Thuận",
            "ward": "Xã Long Phú Thuận"
        }
    },
    "Xã Long Tiên": {
        "Xã Long Tiên": {
            "state": "Đồng Tháp",
            "city": "Xã Long Tiên",
            "ward": "Xã Long Tiên"
        }
    },
    "Xã Long Định": {
        "Xã Long Định": {
            "state": "Đồng Tháp",
            "city": "Xã Long Định",
            "ward": "Xã Long Định"
        }
    },
    "Xã Lương Hòa Lạc": {
        "Xã Lương Hòa Lạc": {
            "state": "Đồng Tháp",
            "city": "Xã Lương Hòa Lạc",
            "ward": "Xã Lương Hòa Lạc"
        }
    },
    "Xã Lấp Vò": {
        "Xã Lấp Vò": {
            "state": "Đồng Tháp",
            "city": "Xã Lấp Vò",
            "ward": "Xã Lấp Vò"
        }
    },
    "Xã Mỹ An Hưng ": {
        "Xã Mỹ An Hưng ": {
            "state": "Đồng Tháp",
            "city": "Xã Mỹ An Hưng ",
            "ward": "Xã Mỹ An Hưng "
        }
    },
    "Xã Mỹ Hiệp": {
        "Xã Mỹ Hiệp": {
            "state": "Đồng Tháp",
            "city": "Xã Mỹ Hiệp",
            "ward": "Xã Mỹ Hiệp"
        }
    },
    "Xã Mỹ Lợi": {
        "Xã Mỹ Lợi": {
            "state": "Đồng Tháp",
            "city": "Xã Mỹ Lợi",
            "ward": "Xã Mỹ Lợi"
        }
    },
    "Xã Mỹ Quí": {
        "Xã Mỹ Quí": {
            "state": "Đồng Tháp",
            "city": "Xã Mỹ Quí",
            "ward": "Xã Mỹ Quí"
        }
    },
    "Xã Mỹ Thiện": {
        "Xã Mỹ Thiện": {
            "state": "Đồng Tháp",
            "city": "Xã Mỹ Thiện",
            "ward": "Xã Mỹ Thiện"
        }
    },
    "Xã Mỹ Thành": {
        "Xã Mỹ Thành": {
            "state": "Đồng Tháp",
            "city": "Xã Mỹ Thành",
            "ward": "Xã Mỹ Thành"
        }
    },
    "Xã Mỹ Thọ": {
        "Xã Mỹ Thọ": {
            "state": "Đồng Tháp",
            "city": "Xã Mỹ Thọ",
            "ward": "Xã Mỹ Thọ"
        }
    },
    "Xã Mỹ Tịnh An": {
        "Xã Mỹ Tịnh An": {
            "state": "Đồng Tháp",
            "city": "Xã Mỹ Tịnh An",
            "ward": "Xã Mỹ Tịnh An"
        }
    },
    "Xã Mỹ Đức Tây": {
        "Xã Mỹ Đức Tây": {
            "state": "Đồng Tháp",
            "city": "Xã Mỹ Đức Tây",
            "ward": "Xã Mỹ Đức Tây"
        }
    },
    "Xã Ngũ Hiệp": {
        "Xã Ngũ Hiệp": {
            "state": "Đồng Tháp",
            "city": "Xã Ngũ Hiệp",
            "ward": "Xã Ngũ Hiệp"
        }
    },
    "Xã Phong Hòa": {
        "Xã Phong Hòa": {
            "state": "Đồng Tháp",
            "city": "Xã Phong Hòa",
            "ward": "Xã Phong Hòa"
        }
    },
    "Xã Phong Mỹ": {
        "Xã Phong Mỹ": {
            "state": "Đồng Tháp",
            "city": "Xã Phong Mỹ",
            "ward": "Xã Phong Mỹ"
        }
    },
    "Xã Phú Cường": {
        "Xã Phú Cường": {
            "state": "Đồng Tháp",
            "city": "Xã Phú Cường",
            "ward": "Xã Phú Cường"
        }
    },
    "Xã Phú Hựu": {
        "Xã Phú Hựu": {
            "state": "Đồng Tháp",
            "city": "Xã Phú Hựu",
            "ward": "Xã Phú Hựu"
        }
    },
    "Xã Phú Thành": {
        "Xã Phú Thành": {
            "state": "Đồng Tháp",
            "city": "Xã Phú Thành",
            "ward": "Xã Phú Thành"
        }
    },
    "Xã Phú Thọ": {
        "Xã Phú Thọ": {
            "state": "Đồng Tháp",
            "city": "Xã Phú Thọ",
            "ward": "Xã Phú Thọ"
        }
    },
    "Xã Phương Thịnh": {
        "Xã Phương Thịnh": {
            "state": "Đồng Tháp",
            "city": "Xã Phương Thịnh",
            "ward": "Xã Phương Thịnh"
        }
    },
    "Xã Tam Nông": {
        "Xã Tam Nông": {
            "state": "Đồng Tháp",
            "city": "Xã Tam Nông",
            "ward": "Xã Tam Nông"
        }
    },
    "Xã Thanh Bình": {
        "Xã Thanh Bình": {
            "state": "Đồng Tháp",
            "city": "Xã Thanh Bình",
            "ward": "Xã Thanh Bình"
        }
    },
    "Xã Thanh Hưng": {
        "Xã Thanh Hưng": {
            "state": "Đồng Tháp",
            "city": "Xã Thanh Hưng",
            "ward": "Xã Thanh Hưng"
        }
    },
    "Xã Thanh Mỹ": {
        "Xã Thanh Mỹ": {
            "state": "Đồng Tháp",
            "city": "Xã Thanh Mỹ",
            "ward": "Xã Thanh Mỹ"
        }
    },
    "Xã Tháp Mười": {
        "Xã Tháp Mười": {
            "state": "Đồng Tháp",
            "city": "Xã Tháp Mười",
            "ward": "Xã Tháp Mười"
        }
    },
    "Xã Thường Phước": {
        "Xã Thường Phước": {
            "state": "Đồng Tháp",
            "city": "Xã Thường Phước",
            "ward": "Xã Thường Phước"
        }
    },
    "Xã Thạnh Phú": {
        "Xã Thạnh Phú": {
            "state": "Đồng Tháp",
            "city": "Xã Thạnh Phú",
            "ward": "Xã Thạnh Phú"
        }
    },
    "Xã Tràm Chim": {
        "Xã Tràm Chim": {
            "state": "Đồng Tháp",
            "city": "Xã Tràm Chim",
            "ward": "Xã Tràm Chim"
        }
    },
    "Xã Trường Xuân": {
        "Xã Trường Xuân": {
            "state": "Đồng Tháp",
            "city": "Xã Trường Xuân",
            "ward": "Xã Trường Xuân"
        }
    },
    "Xã Tân Dương": {
        "Xã Tân Dương": {
            "state": "Đồng Tháp",
            "city": "Xã Tân Dương",
            "ward": "Xã Tân Dương"
        }
    },
    "Xã Tân Hòa": {
        "Xã Tân Hòa": {
            "state": "Đồng Tháp",
            "city": "Xã Tân Hòa",
            "ward": "Xã Tân Hòa"
        }
    },
    "Xã Tân Hương": {
        "Xã Tân Hương": {
            "state": "Đồng Tháp",
            "city": "Xã Tân Hương",
            "ward": "Xã Tân Hương"
        }
    },
    "Xã Tân Hồng": {
        "Xã Tân Hồng": {
            "state": "Đồng Tháp",
            "city": "Xã Tân Hồng",
            "ward": "Xã Tân Hồng"
        }
    },
    "Xã Tân Hộ Cơ": {
        "Xã Tân Hộ Cơ": {
            "state": "Đồng Tháp",
            "city": "Xã Tân Hộ Cơ",
            "ward": "Xã Tân Hộ Cơ"
        }
    },
    "Xã Tân Khánh Trung": {
        "Xã Tân Khánh Trung": {
            "state": "Đồng Tháp",
            "city": "Xã Tân Khánh Trung",
            "ward": "Xã Tân Khánh Trung"
        }
    },
    "Xã Tân Long": {
        "Xã Tân Long": {
            "state": "Đồng Tháp",
            "city": "Xã Tân Long",
            "ward": "Xã Tân Long"
        }
    },
    "Xã Tân Nhuận Đông": {
        "Xã Tân Nhuận Đông": {
            "state": "Đồng Tháp",
            "city": "Xã Tân Nhuận Đông",
            "ward": "Xã Tân Nhuận Đông"
        }
    },
    "Xã Tân Phú": {
        "Xã Tân Phú": {
            "state": "Đồng Tháp",
            "city": "Xã Tân Phú",
            "ward": "Xã Tân Phú"
        }
    },
    "Xã Tân Phú Trung": {
        "Xã Tân Phú Trung": {
            "state": "Đồng Tháp",
            "city": "Xã Tân Phú Trung",
            "ward": "Xã Tân Phú Trung"
        }
    },
    "Xã Tân Phú Đông": {
        "Xã Tân Phú Đông": {
            "state": "Đồng Tháp",
            "city": "Xã Tân Phú Đông",
            "ward": "Xã Tân Phú Đông"
        }
    },
    "Xã Tân Phước 1": {
        "Xã Tân Phước 1": {
            "state": "Đồng Tháp",
            "city": "Xã Tân Phước 1",
            "ward": "Xã Tân Phước 1"
        }
    },
    "Xã Tân Phước 2": {
        "Xã Tân Phước 2": {
            "state": "Đồng Tháp",
            "city": "Xã Tân Phước 2",
            "ward": "Xã Tân Phước 2"
        }
    },
    "Xã Tân Phước 3": {
        "Xã Tân Phước 3": {
            "state": "Đồng Tháp",
            "city": "Xã Tân Phước 3",
            "ward": "Xã Tân Phước 3"
        }
    },
    "Xã Tân Thuận Bình": {
        "Xã Tân Thuận Bình": {
            "state": "Đồng Tháp",
            "city": "Xã Tân Thuận Bình",
            "ward": "Xã Tân Thuận Bình"
        }
    },
    "Xã Tân Thành": {
        "Xã Tân Thành": {
            "state": "Đồng Tháp",
            "city": "Xã Tân Thành",
            "ward": "Xã Tân Thành"
        }
    },
    "Xã Tân Thạnh": {
        "Xã Tân Thạnh": {
            "state": "Đồng Tháp",
            "city": "Xã Tân Thạnh",
            "ward": "Xã Tân Thạnh"
        }
    },
    "Xã Tân Thới": {
        "Xã Tân Thới": {
            "state": "Đồng Tháp",
            "city": "Xã Tân Thới",
            "ward": "Xã Tân Thới"
        }
    },
    "Xã Tân Điền": {
        "Xã Tân Điền": {
            "state": "Đồng Tháp",
            "city": "Xã Tân Điền",
            "ward": "Xã Tân Điền"
        }
    },
    "Xã Tân Đông": {
        "Xã Tân Đông": {
            "state": "Đồng Tháp",
            "city": "Xã Tân Đông",
            "ward": "Xã Tân Đông"
        }
    },
    "Xã Vĩnh Bình": {
        "Xã Vĩnh Bình": {
            "state": "Đồng Tháp",
            "city": "Xã Vĩnh Bình",
            "ward": "Xã Vĩnh Bình"
        }
    },
    "Xã Vĩnh Hựu": {
        "Xã Vĩnh Hựu": {
            "state": "Đồng Tháp",
            "city": "Xã Vĩnh Hựu",
            "ward": "Xã Vĩnh Hựu"
        }
    },
    "Xã Vĩnh Kim": {
        "Xã Vĩnh Kim": {
            "state": "Đồng Tháp",
            "city": "Xã Vĩnh Kim",
            "ward": "Xã Vĩnh Kim"
        }
    },
    "Xã Đốc Binh Kiều": {
        "Xã Đốc Binh Kiều": {
            "state": "Đồng Tháp",
            "city": "Xã Đốc Binh Kiều",
            "ward": "Xã Đốc Binh Kiều"
        }
    },
    "Xã Đồng Sơn": {
        "Xã Đồng Sơn": {
            "state": "Đồng Tháp",
            "city": "Xã Đồng Sơn",
            "ward": "Xã Đồng Sơn"
        }
    }
}