{
    "Phường An Lộc": {
        "Phường An Lộc": {
            "state": "Đồng Nai",
            "city": "Phường An Lộc",
            "ward": "Phường An Lộc"
        }
    },
    "Phường Biên Hòa": {
        "Phường Biên Hòa": {
            "state": "Đồng Nai",
            "city": "Phường Biên Hòa",
            "ward": "Phường Biên Hòa"
        }
    },
    "Phường Bình Long": {
        "Phường Bình Long": {
            "state": "Đồng Nai",
            "city": "Phường Bình Long",
            "ward": "Phường Bình Long"
        }
    },
    "Phường Bình Lộc": {
        "Phường Bình Lộc": {
            "state": "Đồng Nai",
            "city": "Phường Bình Lộc",
            "ward": "Phường Bình Lộc"
        }
    },
    "Phường Bình Phước": {
        "Phường Bình Phước": {
            "state": "Đồng Nai",
            "city": "Phường Bình Phước",
            "ward": "Phường Bình Phước"
        }
    },
    "Phường Bảo Vinh": {
        "Phường Bảo Vinh": {
            "state": "Đồng Nai",
            "city": "Phường Bảo Vinh",
            "ward": "Phường Bảo Vinh"
        }
    },
    "Phường Chơn Thành": {
        "Phường Chơn Thành": {
            "state": "Đồng Nai",
            "city": "Phường Chơn Thành",
            "ward": "Phường Chơn Thành"
        }
    },
    "Phường Hàng Gòn": {
        "Phường Hàng Gòn": {
            "state": "Đồng Nai",
            "city": "Phường Hàng Gòn",
            "ward": "Phường Hàng Gòn"
        }
    },
    "Phường Hố Nai": {
        "Phường Hố Nai": {
            "state": "Đồng Nai",
            "city": "Phường Hố Nai",
            "ward": "Phường Hố Nai"
        }
    },
    "Phường Long Bình": {
        "Phường Long Bình": {
            "state": "Đồng Nai",
            "city": "Phường Long Bình",
            "ward": "Phường Long Bình"
        }
    },
    "Phường Long Hưng": {
        "Phường Long Hưng": {
            "state": "Đồng Nai",
            "city": "Phường Long Hưng",
            "ward": "Phường Long Hưng"
        }
    },
    "Phường Long Khánh": {
        "Phường Long Khánh": {
            "state": "Đồng Nai",
            "city": "Phường Long Khánh",
            "ward": "Phường Long Khánh"
        }
    },
    "Phường Minh Hưng": {
        "Phường Minh Hưng": {
            "state": "Đồng Nai",
            "city": "Phường Minh Hưng",
            "ward": "Phường Minh Hưng"
        }
    },
    "Phường Phước Bình": {
        "Phường Phước Bình": {
            "state": "Đồng Nai",
            "city": "Phường Phước Bình",
            "ward": "Phường Phước Bình"
        }
    },
    "Phường Phước Long": {
        "Phường Phước Long": {
            "state": "Đồng Nai",
            "city": "Phường Phước Long",
            "ward": "Phường Phước Long"
        }
    },
    "Phường Phước Tân": {
        "Phường Phước Tân": {
            "state": "Đồng Nai",
            "city": "Phường Phước Tân",
            "ward": "Phường Phước Tân"
        }
    },
    "Phường Tam Hiệp": {
        "Phường Tam Hiệp": {
            "state": "Đồng Nai",
            "city": "Phường Tam Hiệp",
            "ward": "Phường Tam Hiệp"
        }
    },
    "Phường Tam Phước": {
        "Phường Tam Phước": {
            "state": "Đồng Nai",
            "city": "Phường Tam Phước",
            "ward": "Phường Tam Phước"
        }
    },
    "Phường Trảng Dài": {
        "Phường Trảng Dài": {
            "state": "Đồng Nai",
            "city": "Phường Trảng Dài",
            "ward": "Phường Trảng Dài"
        }
    },
    "Phường Trấn Biên": {
        "Phường Trấn Biên": {
            "state": "Đồng Nai",
            "city": "Phường Trấn Biên",
            "ward": "Phường Trấn Biên"
        }
    },
    "Phường Tân Triều": {
        "Phường Tân Triều": {
            "state": "Đồng Nai",
            "city": "Phường Tân Triều",
            "ward": "Phường Tân Triều"
        }
    },
    "Phường Xuân Lập": {
        "Phường Xuân Lập": {
            "state": "Đồng Nai",
            "city": "Phường Xuân Lập",
            "ward": "Phường Xuân Lập"
        }
    },
    "Phường Đồng Xoài": {
        "Phường Đồng Xoài": {
            "state": "Đồng Nai",
            "city": "Phường Đồng Xoài",
            "ward": "Phường Đồng Xoài"
        }
    },
    "Xã An Phước": {
        "Xã An Phước": {
            "state": "Đồng Nai",
            "city": "Xã An Phước",
            "ward": "Xã An Phước"
        }
    },
    "Xã An Viễn": {
        "Xã An Viễn": {
            "state": "Đồng Nai",
            "city": "Xã An Viễn",
            "ward": "Xã An Viễn"
        }
    },
    "Xã Bom Bo": {
        "Xã Bom Bo": {
            "state": "Đồng Nai",
            "city": "Xã Bom Bo",
            "ward": "Xã Bom Bo"
        }
    },
    "Xã Bàu Hàm": {
        "Xã Bàu Hàm": {
            "state": "Đồng Nai",
            "city": "Xã Bàu Hàm",
            "ward": "Xã Bàu Hàm"
        }
    },
    "Xã Bình An": {
        "Xã Bình An": {
            "state": "Đồng Nai",
            "city": "Xã Bình An",
            "ward": "Xã Bình An"
        }
    },
    "Xã Bình Minh": {
        "Xã Bình Minh": {
            "state": "Đồng Nai",
            "city": "Xã Bình Minh",
            "ward": "Xã Bình Minh"
        }
    },
    "Xã Bình Tân": {
        "Xã Bình Tân": {
            "state": "Đồng Nai",
            "city": "Xã Bình Tân",
            "ward": "Xã Bình Tân"
        }
    },
    "Xã Bù Gia Mập": {
        "Xã Bù Gia Mập": {
            "state": "Đồng Nai",
            "city": "Xã Bù Gia Mập",
            "ward": "Xã Bù Gia Mập"
        }
    },
    "Xã Bù Đăng": {
        "Xã Bù Đăng": {
            "state": "Đồng Nai",
            "city": "Xã Bù Đăng",
            "ward": "Xã Bù Đăng"
        }
    },
    "Xã Cẩm Mỹ": {
        "Xã Cẩm Mỹ": {
            "state": "Đồng Nai",
            "city": "Xã Cẩm Mỹ",
            "ward": "Xã Cẩm Mỹ"
        }
    },
    "Xã Dầu Giây": {
        "Xã Dầu Giây": {
            "state": "Đồng Nai",
            "city": "Xã Dầu Giây",
            "ward": "Xã Dầu Giây"
        }
    },
    "Xã Gia Kiệm": {
        "Xã Gia Kiệm": {
            "state": "Đồng Nai",
            "city": "Xã Gia Kiệm",
            "ward": "Xã Gia Kiệm"
        }
    },
    "Xã Hưng Phước": {
        "Xã Hưng Phước": {
            "state": "Đồng Nai",
            "city": "Xã Hưng Phước",
            "ward": "Xã Hưng Phước"
        }
    },
    "Xã Hưng Thịnh": {
        "Xã Hưng Thịnh": {
            "state": "Đồng Nai",
            "city": "Xã Hưng Thịnh",
            "ward": "Xã Hưng Thịnh"
        }
    },
    "Xã La Ngà": {
        "Xã La Ngà": {
            "state": "Đồng Nai",
            "city": "Xã La Ngà",
            "ward": "Xã La Ngà"
        }
    },
    "Xã Long Hà": {
        "Xã Long Hà": {
            "state": "Đồng Nai",
            "city": "Xã Long Hà",
            "ward": "Xã Long Hà"
        }
    },
    "Xã Long Phước": {
        "Xã Long Phước": {
            "state": "Đồng Nai",
            "city": "Xã Long Phước",
            "ward": "Xã Long Phước"
        }
    },
    "Xã Long Thành": {
        "Xã Long Thành": {
            "state": "Đồng Nai",
            "city": "Xã Long Thành",
            "ward": "Xã Long Thành"
        }
    },
    "Xã Lộc Hưng": {
        "Xã Lộc Hưng": {
            "state": "Đồng Nai",
            "city": "Xã Lộc Hưng",
            "ward": "Xã Lộc Hưng"
        }
    },
    "Xã Lộc Ninh": {
        "Xã Lộc Ninh": {
            "state": "Đồng Nai",
            "city": "Xã Lộc Ninh",
            "ward": "Xã Lộc Ninh"
        }
    },
    "Xã Lộc Quang": {
        "Xã Lộc Quang": {
            "state": "Đồng Nai",
            "city": "Xã Lộc Quang",
            "ward": "Xã Lộc Quang"
        }
    },
    "Xã Lộc Thành": {
        "Xã Lộc Thành": {
            "state": "Đồng Nai",
            "city": "Xã Lộc Thành",
            "ward": "Xã Lộc Thành"
        }
    },
    "Xã Lộc Thạnh": {
        "Xã Lộc Thạnh": {
            "state": "Đồng Nai",
            "city": "Xã Lộc Thạnh",
            "ward": "Xã Lộc Thạnh"
        }
    },
    "Xã Lộc Tấn": {
        "Xã Lộc Tấn": {
            "state": "Đồng Nai",
            "city": "Xã Lộc Tấn",
            "ward": "Xã Lộc Tấn"
        }
    },
    "Xã Minh Đức": {
        "Xã Minh Đức": {
            "state": "Đồng Nai",
            "city": "Xã Minh Đức",
            "ward": "Xã Minh Đức"
        }
    },
    "Xã Nam Cát Tiên": {
        "Xã Nam Cát Tiên": {
            "state": "Đồng Nai",
            "city": "Xã Nam Cát Tiên",
            "ward": "Xã Nam Cát Tiên"
        }
    },
    "Xã Nghĩa Trung": {
        "Xã Nghĩa Trung": {
            "state": "Đồng Nai",
            "city": "Xã Nghĩa Trung",
            "ward": "Xã Nghĩa Trung"
        }
    },
    "Xã Nha Bích": {
        "Xã Nha Bích": {
            "state": "Đồng Nai",
            "city": "Xã Nha Bích",
            "ward": "Xã Nha Bích"
        }
    },
    "Xã Nhơn Trạch": {
        "Xã Nhơn Trạch": {
            "state": "Đồng Nai",
            "city": "Xã Nhơn Trạch",
            "ward": "Xã Nhơn Trạch"
        }
    },
    "Xã Phú Hòa": {
        "Xã Phú Hòa": {
            "state": "Đồng Nai",
            "city": "Xã Phú Hòa",
            "ward": "Xã Phú Hòa"
        }
    },
    "Xã Phú Lâm": {
        "Xã Phú Lâm": {
            "state": "Đồng Nai",
            "city": "Xã Phú Lâm",
            "ward": "Xã Phú Lâm"
        }
    },
    "Xã Phú Lý": {
        "Xã Phú Lý": {
            "state": "Đồng Nai",
            "city": "Xã Phú Lý",
            "ward": "Xã Phú Lý"
        }
    },
    "Xã Phú Nghĩa": {
        "Xã Phú Nghĩa": {
            "state": "Đồng Nai",
            "city": "Xã Phú Nghĩa",
            "ward": "Xã Phú Nghĩa"
        }
    },
    "Xã Phú Riềng": {
        "Xã Phú Riềng": {
            "state": "Đồng Nai",
            "city": "Xã Phú Riềng",
            "ward": "Xã Phú Riềng"
        }
    },
    "Xã Phú Trung": {
        "Xã Phú Trung": {
            "state": "Đồng Nai",
            "city": "Xã Phú Trung",
            "ward": "Xã Phú Trung"
        }
    },
    "Xã Phú Vinh": {
        "Xã Phú Vinh": {
            "state": "Đồng Nai",
            "city": "Xã Phú Vinh",
            "ward": "Xã Phú Vinh"
        }
    },
    "Xã Phước An": {
        "Xã Phước An": {
            "state": "Đồng Nai",
            "city": "Xã Phước An",
            "ward": "Xã Phước An"
        }
    },
    "Xã Phước Sơn": {
        "Xã Phước Sơn": {
            "state": "Đồng Nai",
            "city": "Xã Phước Sơn",
            "ward": "Xã Phước Sơn"
        }
    },
    "Xã Phước Thái": {
        "Xã Phước Thái": {
            "state": "Đồng Nai",
            "city": "Xã Phước Thái",
            "ward": "Xã Phước Thái"
        }
    },
    "Xã Sông Ray": {
        "Xã Sông Ray": {
            "state": "Đồng Nai",
            "city": "Xã Sông Ray",
            "ward": "Xã Sông Ray"
        }
    },
    "Xã Thanh Sơn": {
        "Xã Thanh Sơn": {
            "state": "Đồng Nai",
            "city": "Xã Thanh Sơn",
            "ward": "Xã Thanh Sơn"
        }
    },
    "Xã Thiện Hưng": {
        "Xã Thiện Hưng": {
            "state": "Đồng Nai",
            "city": "Xã Thiện Hưng",
            "ward": "Xã Thiện Hưng"
        }
    },
    "Xã Thuận Lợi": {
        "Xã Thuận Lợi": {
            "state": "Đồng Nai",
            "city": "Xã Thuận Lợi",
            "ward": "Xã Thuận Lợi"
        }
    },
    "Xã Thọ Sơn": {
        "Xã Thọ Sơn": {
            "state": "Đồng Nai",
            "city": "Xã Thọ Sơn",
            "ward": "Xã Thọ Sơn"
        }
    },
    "Xã Thống Nhất": {
        "Xã Thống Nhất": {
            "state": "Đồng Nai",
            "city": "Xã Thống Nhất",
            "ward": "Xã Thống Nhất"
        }
    },
    "Xã Trảng Bom": {
        "Xã Trảng Bom": {
            "state": "Đồng Nai",
            "city": "Xã Trảng Bom",
            "ward": "Xã Trảng Bom"
        }
    },
    "Xã Trị An": {
        "Xã Trị An": {
            "state": "Đồng Nai",
            "city": "Xã Trị An",
            "ward": "Xã Trị An"
        }
    },
    "Xã Tà Lài": {
        "Xã Tà Lài": {
            "state": "Đồng Nai",
            "city": "Xã Tà Lài",
            "ward": "Xã Tà Lài"
        }
    },
    "Xã Tân An": {
        "Xã Tân An": {
            "state": "Đồng Nai",
            "city": "Xã Tân An",
            "ward": "Xã Tân An"
        }
    },
    "Xã Tân Hưng": {
        "Xã Tân Hưng": {
            "state": "Đồng Nai",
            "city": "Xã Tân Hưng",
            "ward": "Xã Tân Hưng"
        }
    },
    "Xã Tân Khai": {
        "Xã Tân Khai": {
            "state": "Đồng Nai",
            "city": "Xã Tân Khai",
            "ward": "Xã Tân Khai"
        }
    },
    "Xã Tân Lợi": {
        "Xã Tân Lợi": {
            "state": "Đồng Nai",
            "city": "Xã Tân Lợi",
            "ward": "Xã Tân Lợi"
        }
    },
    "Xã Tân Phú": {
        "Xã Tân Phú": {
            "state": "Đồng Nai",
            "city": "Xã Tân Phú",
            "ward": "Xã Tân Phú"
        }
    },
    "Xã Tân Quan": {
        "Xã Tân Quan": {
            "state": "Đồng Nai",
            "city": "Xã Tân Quan",
            "ward": "Xã Tân Quan"
        }
    },
    "Xã Tân Tiến": {
        "Xã Tân Tiến": {
            "state": "Đồng Nai",
            "city": "Xã Tân Tiến",
            "ward": "Xã Tân Tiến"
        }
    },
    "Xã Xuân Bắc": {
        "Xã Xuân Bắc": {
            "state": "Đồng Nai",
            "city": "Xã Xuân Bắc",
            "ward": "Xã Xuân Bắc"
        }
    },
    "Xã Xuân Hòa": {
        "Xã Xuân Hòa": {
            "state": "Đồng Nai",
            "city": "Xã Xuân Hòa",
            "ward": "Xã Xuân Hòa"
        }
    },
    "Xã Xuân Lộc": {
        "Xã Xuân Lộc": {
            "state": "Đồng Nai",
            "city": "Xã Xuân Lộc",
            "ward": "Xã Xuân Lộc"
        }
    },
    "Xã Xuân Phú": {
        "Xã Xuân Phú": {
            "state": "Đồng Nai",
            "city": "Xã Xuân Phú",
            "ward": "Xã Xuân Phú"
        }
    },
    "Xã Xuân Quế": {
        "Xã Xuân Quế": {
            "state": "Đồng Nai",
            "city": "Xã Xuân Quế",
            "ward": "Xã Xuân Quế"
        }
    },
    "Xã Xuân Thành": {
        "Xã Xuân Thành": {
            "state": "Đồng Nai",
            "city": "Xã Xuân Thành",
            "ward": "Xã Xuân Thành"
        }
    },
    "Xã Xuân Đông": {
        "Xã Xuân Đông": {
            "state": "Đồng Nai",
            "city": "Xã Xuân Đông",
            "ward": "Xã Xuân Đông"
        }
    },
    "Xã Xuân Đường": {
        "Xã Xuân Đường": {
            "state": "Đồng Nai",
            "city": "Xã Xuân Đường",
            "ward": "Xã Xuân Đường"
        }
    },
    "Xã Xuân Định": {
        "Xã Xuân Định": {
            "state": "Đồng Nai",
            "city": "Xã Xuân Định",
            "ward": "Xã Xuân Định"
        }
    },
    "Xã Đa Kia": {
        "Xã Đa Kia": {
            "state": "Đồng Nai",
            "city": "Xã Đa Kia",
            "ward": "Xã Đa Kia"
        }
    },
    "Xã Đak Lua": {
        "Xã Đak Lua": {
            "state": "Đồng Nai",
            "city": "Xã Đak Lua",
            "ward": "Xã Đak Lua"
        }
    },
    "Xã Đak Nhau": {
        "Xã Đak Nhau": {
            "state": "Đồng Nai",
            "city": "Xã Đak Nhau",
            "ward": "Xã Đak Nhau"
        }
    },
    "Xã Đăk Ơ": {
        "Xã Đăk Ơ": {
            "state": "Đồng Nai",
            "city": "Xã Đăk Ơ",
            "ward": "Xã Đăk Ơ"
        }
    },
    "Xã Đại Phước": {
        "Xã Đại Phước": {
            "state": "Đồng Nai",
            "city": "Xã Đại Phước",
            "ward": "Xã Đại Phước"
        }
    },
    "Xã Định Quán": {
        "Xã Định Quán": {
            "state": "Đồng Nai",
            "city": "Xã Định Quán",
            "ward": "Xã Định Quán"
        }
    },
    "Xã Đồng Phú": {
        "Xã Đồng Phú": {
            "state": "Đồng Nai",
            "city": "Xã Đồng Phú",
            "ward": "Xã Đồng Phú"
        }
    },
    "Xã Đồng Tâm": {
        "Xã Đồng Tâm": {
            "state": "Đồng Nai",
            "city": "Xã Đồng Tâm",
            "ward": "Xã Đồng Tâm"
        }
    }
}