{
    "Phường An Bình": {
        "Phường An Bình": {
            "state": "Gia Lai",
            "city": "Phường An Bình",
            "ward": "Phường An Bình"
        }
    },
    "Phường An Khê": {
        "Phường An Khê": {
            "state": "Gia Lai",
            "city": "Phường An Khê",
            "ward": "Phường An Khê"
        }
    },
    "Phường An Nhơn": {
        "Phường An Nhơn": {
            "state": "Gia Lai",
            "city": "Phường An Nhơn",
            "ward": "Phường An Nhơn"
        }
    },
    "Phường An Nhơn Bắc": {
        "Phường An Nhơn Bắc": {
            "state": "Gia Lai",
            "city": "Phường An Nhơn Bắc",
            "ward": "Phường An Nhơn Bắc"
        }
    },
    "Phường An Nhơn Nam": {
        "Phường An Nhơn Nam": {
            "state": "Gia Lai",
            "city": "Phường An Nhơn Nam",
            "ward": "Phường An Nhơn Nam"
        }
    },
    "Phường An Nhơn Đông": {
        "Phường An Nhơn Đông": {
            "state": "Gia Lai",
            "city": "Phường An Nhơn Đông",
            "ward": "Phường An Nhơn Đông"
        }
    },
    "Phường An Phú": {
        "Phường An Phú": {
            "state": "Gia Lai",
            "city": "Phường An Phú",
            "ward": "Phường An Phú"
        }
    },
    "Phường Ayun Pa": {
        "Phường Ayun Pa": {
            "state": "Gia Lai",
            "city": "Phường Ayun Pa",
            "ward": "Phường Ayun Pa"
        }
    },
    "Phường Bình Định": {
        "Phường Bình Định": {
            "state": "Gia Lai",
            "city": "Phường Bình Định",
            "ward": "Phường Bình Định"
        }
    },
    "Phường Bồng Sơn": {
        "Phường Bồng Sơn": {
            "state": "Gia Lai",
            "city": "Phường Bồng Sơn",
            "ward": "Phường Bồng Sơn"
        }
    },
    "Phường Diên Hồng": {
        "Phường Diên Hồng": {
            "state": "Gia Lai",
            "city": "Phường Diên Hồng",
            "ward": "Phường Diên Hồng"
        }
    },
    "Phường Hoài Nhơn": {
        "Phường Hoài Nhơn": {
            "state": "Gia Lai",
            "city": "Phường Hoài Nhơn",
            "ward": "Phường Hoài Nhơn"
        }
    },
    "Phường Hoài Nhơn Bắc": {
        "Phường Hoài Nhơn Bắc": {
            "state": "Gia Lai",
            "city": "Phường Hoài Nhơn Bắc",
            "ward": "Phường Hoài Nhơn Bắc"
        }
    },
    "Phường Hoài Nhơn Nam": {
        "Phường Hoài Nhơn Nam": {
            "state": "Gia Lai",
            "city": "Phường Hoài Nhơn Nam",
            "ward": "Phường Hoài Nhơn Nam"
        }
    },
    "Phường Hoài Nhơn Tây": {
        "Phường Hoài Nhơn Tây": {
            "state": "Gia Lai",
            "city": "Phường Hoài Nhơn Tây",
            "ward": "Phường Hoài Nhơn Tây"
        }
    },
    "Phường Hoài Nhơn Đông": {
        "Phường Hoài Nhơn Đông": {
            "state": "Gia Lai",
            "city": "Phường Hoài Nhơn Đông",
            "ward": "Phường Hoài Nhơn Đông"
        }
    },
    "Phường Hội Phú": {
        "Phường Hội Phú": {
            "state": "Gia Lai",
            "city": "Phường Hội Phú",
            "ward": "Phường Hội Phú"
        }
    },
    "Phường Pleiku": {
        "Phường Pleiku": {
            "state": "Gia Lai",
            "city": "Phường Pleiku",
            "ward": "Phường Pleiku"
        }
    },
    "Phường Quy Nhơn": {
        "Phường Quy Nhơn": {
            "state": "Gia Lai",
            "city": "Phường Quy Nhơn",
            "ward": "Phường Quy Nhơn"
        }
    },
    "Phường Quy Nhơn Bắc": {
        "Phường Quy Nhơn Bắc": {
            "state": "Gia Lai",
            "city": "Phường Quy Nhơn Bắc",
            "ward": "Phường Quy Nhơn Bắc"
        }
    },
    "Phường Quy Nhơn Nam": {
        "Phường Quy Nhơn Nam": {
            "state": "Gia Lai",
            "city": "Phường Quy Nhơn Nam",
            "ward": "Phường Quy Nhơn Nam"
        }
    },
    "Phường Quy Nhơn Tây": {
        "Phường Quy Nhơn Tây": {
            "state": "Gia Lai",
            "city": "Phường Quy Nhơn Tây",
            "ward": "Phường Quy Nhơn Tây"
        }
    },
    "Phường Quy Nhơn Đông": {
        "Phường Quy Nhơn Đông": {
            "state": "Gia Lai",
            "city": "Phường Quy Nhơn Đông",
            "ward": "Phường Quy Nhơn Đông"
        }
    },
    "Phường Tam Quan": {
        "Phường Tam Quan": {
            "state": "Gia Lai",
            "city": "Phường Tam Quan",
            "ward": "Phường Tam Quan"
        }
    },
    "Phường Thống Nhất": {
        "Phường Thống Nhất": {
            "state": "Gia Lai",
            "city": "Phường Thống Nhất",
            "ward": "Phường Thống Nhất"
        }
    },
    "Xã Al Bá": {
        "Xã Al Bá": {
            "state": "Gia Lai",
            "city": "Xã Al Bá",
            "ward": "Xã Al Bá"
        }
    },
    "Xã An Hòa": {
        "Xã An Hòa": {
            "state": "Gia Lai",
            "city": "Xã An Hòa",
            "ward": "Xã An Hòa"
        }
    },
    "Xã An Lão": {
        "Xã An Lão": {
            "state": "Gia Lai",
            "city": "Xã An Lão",
            "ward": "Xã An Lão"
        }
    },
    "Xã An Lương": {
        "Xã An Lương": {
            "state": "Gia Lai",
            "city": "Xã An Lương",
            "ward": "Xã An Lương"
        }
    },
    "Xã An Nhơn Tây": {
        "Xã An Nhơn Tây": {
            "state": "Gia Lai",
            "city": "Xã An Nhơn Tây",
            "ward": "Xã An Nhơn Tây"
        }
    },
    "Xã An Toàn": {
        "Xã An Toàn": {
            "state": "Gia Lai",
            "city": "Xã An Toàn",
            "ward": "Xã An Toàn"
        }
    },
    "Xã An Vinh": {
        "Xã An Vinh": {
            "state": "Gia Lai",
            "city": "Xã An Vinh",
            "ward": "Xã An Vinh"
        }
    },
    "Xã Ayun": {
        "Xã Ayun": {
            "state": "Gia Lai",
            "city": "Xã Ayun",
            "ward": "Xã Ayun"
        }
    },
    "Xã Biển Hồ": {
        "Xã Biển Hồ": {
            "state": "Gia Lai",
            "city": "Xã Biển Hồ",
            "ward": "Xã Biển Hồ"
        }
    },
    "Xã Bàu Cạn": {
        "Xã Bàu Cạn": {
            "state": "Gia Lai",
            "city": "Xã Bàu Cạn",
            "ward": "Xã Bàu Cạn"
        }
    },
    "Xã Bình An": {
        "Xã Bình An": {
            "state": "Gia Lai",
            "city": "Xã Bình An",
            "ward": "Xã Bình An"
        }
    },
    "Xã Bình Dương": {
        "Xã Bình Dương": {
            "state": "Gia Lai",
            "city": "Xã Bình Dương",
            "ward": "Xã Bình Dương"
        }
    },
    "Xã Bình Hiệp": {
        "Xã Bình Hiệp": {
            "state": "Gia Lai",
            "city": "Xã Bình Hiệp",
            "ward": "Xã Bình Hiệp"
        }
    },
    "Xã Bình Khê": {
        "Xã Bình Khê": {
            "state": "Gia Lai",
            "city": "Xã Bình Khê",
            "ward": "Xã Bình Khê"
        }
    },
    "Xã Bình Phú": {
        "Xã Bình Phú": {
            "state": "Gia Lai",
            "city": "Xã Bình Phú",
            "ward": "Xã Bình Phú"
        }
    },
    "Xã Bờ Ngoong": {
        "Xã Bờ Ngoong": {
            "state": "Gia Lai",
            "city": "Xã Bờ Ngoong",
            "ward": "Xã Bờ Ngoong"
        }
    },
    "Xã Canh Liên": {
        "Xã Canh Liên": {
            "state": "Gia Lai",
            "city": "Xã Canh Liên",
            "ward": "Xã Canh Liên"
        }
    },
    "Xã Canh Vinh": {
        "Xã Canh Vinh": {
            "state": "Gia Lai",
            "city": "Xã Canh Vinh",
            "ward": "Xã Canh Vinh"
        }
    },
    "Xã Chơ Long": {
        "Xã Chơ Long": {
            "state": "Gia Lai",
            "city": "Xã Chơ Long",
            "ward": "Xã Chơ Long"
        }
    },
    "Xã Chư A Thai": {
        "Xã Chư A Thai": {
            "state": "Gia Lai",
            "city": "Xã Chư A Thai",
            "ward": "Xã Chư A Thai"
        }
    },
    "Xã Chư Krey": {
        "Xã Chư Krey": {
            "state": "Gia Lai",
            "city": "Xã Chư Krey",
            "ward": "Xã Chư Krey"
        }
    },
    "Xã Chư Prông": {
        "Xã Chư Prông": {
            "state": "Gia Lai",
            "city": "Xã Chư Prông",
            "ward": "Xã Chư Prông"
        }
    },
    "Xã Chư Păh": {
        "Xã Chư Păh": {
            "state": "Gia Lai",
            "city": "Xã Chư Păh",
            "ward": "Xã Chư Păh"
        }
    },
    "Xã Chư Pưh": {
        "Xã Chư Pưh": {
            "state": "Gia Lai",
            "city": "Xã Chư Pưh",
            "ward": "Xã Chư Pưh"
        }
    },
    "Xã Chư Sê": {
        "Xã Chư Sê": {
            "state": "Gia Lai",
            "city": "Xã Chư Sê",
            "ward": "Xã Chư Sê"
        }
    },
    "Xã Cát Tiến": {
        "Xã Cát Tiến": {
            "state": "Gia Lai",
            "city": "Xã Cát Tiến",
            "ward": "Xã Cát Tiến"
        }
    },
    "Xã Cửu An": {
        "Xã Cửu An": {
            "state": "Gia Lai",
            "city": "Xã Cửu An",
            "ward": "Xã Cửu An"
        }
    },
    "Xã Gào": {
        "Xã Gào": {
            "state": "Gia Lai",
            "city": "Xã Gào",
            "ward": "Xã Gào"
        }
    },
    "Xã Hoài Ân": {
        "Xã Hoài Ân": {
            "state": "Gia Lai",
            "city": "Xã Hoài Ân",
            "ward": "Xã Hoài Ân"
        }
    },
    "Xã Hra": {
        "Xã Hra": {
            "state": "Gia Lai",
            "city": "Xã Hra",
            "ward": "Xã Hra"
        }
    },
    "Xã Hòa Hội": {
        "Xã Hòa Hội": {
            "state": "Gia Lai",
            "city": "Xã Hòa Hội",
            "ward": "Xã Hòa Hội"
        }
    },
    "Xã Hội Sơn": {
        "Xã Hội Sơn": {
            "state": "Gia Lai",
            "city": "Xã Hội Sơn",
            "ward": "Xã Hội Sơn"
        }
    },
    "Xã Ia Boòng": {
        "Xã Ia Boòng": {
            "state": "Gia Lai",
            "city": "Xã Ia Boòng",
            "ward": "Xã Ia Boòng"
        }
    },
    "Xã Ia Băng": {
        "Xã Ia Băng": {
            "state": "Gia Lai",
            "city": "Xã Ia Băng",
            "ward": "Xã Ia Băng"
        }
    },
    "Xã Ia Chia": {
        "Xã Ia Chia": {
            "state": "Gia Lai",
            "city": "Xã Ia Chia",
            "ward": "Xã Ia Chia"
        }
    },
    "Xã Ia Dom": {
        "Xã Ia Dom": {
            "state": "Gia Lai",
            "city": "Xã Ia Dom",
            "ward": "Xã Ia Dom"
        }
    },
    "Xã Ia Dreh": {
        "Xã Ia Dreh": {
            "state": "Gia Lai",
            "city": "Xã Ia Dreh",
            "ward": "Xã Ia Dreh"
        }
    },
    "Xã Ia Dơk": {
        "Xã Ia Dơk": {
            "state": "Gia Lai",
            "city": "Xã Ia Dơk",
            "ward": "Xã Ia Dơk"
        }
    },
    "Xã Ia Grai": {
        "Xã Ia Grai": {
            "state": "Gia Lai",
            "city": "Xã Ia Grai",
            "ward": "Xã Ia Grai"
        }
    },
    "Xã Ia Hiao": {
        "Xã Ia Hiao": {
            "state": "Gia Lai",
            "city": "Xã Ia Hiao",
            "ward": "Xã Ia Hiao"
        }
    },
    "Xã Ia Hrung": {
        "Xã Ia Hrung": {
            "state": "Gia Lai",
            "city": "Xã Ia Hrung",
            "ward": "Xã Ia Hrung"
        }
    },
    "Xã Ia Hrú": {
        "Xã Ia Hrú": {
            "state": "Gia Lai",
            "city": "Xã Ia Hrú",
            "ward": "Xã Ia Hrú"
        }
    },
    "Xã Ia Khươl": {
        "Xã Ia Khươl": {
            "state": "Gia Lai",
            "city": "Xã Ia Khươl",
            "ward": "Xã Ia Khươl"
        }
    },
    "Xã Ia Ko": {
        "Xã Ia Ko": {
            "state": "Gia Lai",
            "city": "Xã Ia Ko",
            "ward": "Xã Ia Ko"
        }
    },
    "Xã Ia Krái": {
        "Xã Ia Krái": {
            "state": "Gia Lai",
            "city": "Xã Ia Krái",
            "ward": "Xã Ia Krái"
        }
    },
    "Xã Ia Krêl": {
        "Xã Ia Krêl": {
            "state": "Gia Lai",
            "city": "Xã Ia Krêl",
            "ward": "Xã Ia Krêl"
        }
    },
    "Xã Ia Le": {
        "Xã Ia Le": {
            "state": "Gia Lai",
            "city": "Xã Ia Le",
            "ward": "Xã Ia Le"
        }
    },
    "Xã Ia Ly": {
        "Xã Ia Ly": {
            "state": "Gia Lai",
            "city": "Xã Ia Ly",
            "ward": "Xã Ia Ly"
        }
    },
    "Xã Ia Lâu": {
        "Xã Ia Lâu": {
            "state": "Gia Lai",
            "city": "Xã Ia Lâu",
            "ward": "Xã Ia Lâu"
        }
    },
    "Xã Ia Mơ": {
        "Xã Ia Mơ": {
            "state": "Gia Lai",
            "city": "Xã Ia Mơ",
            "ward": "Xã Ia Mơ"
        }
    },
    "Xã Ia Nan": {
        "Xã Ia Nan": {
            "state": "Gia Lai",
            "city": "Xã Ia Nan",
            "ward": "Xã Ia Nan"
        }
    },
    "Xã Ia O": {
        "Xã Ia O": {
            "state": "Gia Lai",
            "city": "Xã Ia O",
            "ward": "Xã Ia O"
        }
    },
    "Xã Ia Pa": {
        "Xã Ia Pa": {
            "state": "Gia Lai",
            "city": "Xã Ia Pa",
            "ward": "Xã Ia Pa"
        }
    },
    "Xã Ia Phí": {
        "Xã Ia Phí": {
            "state": "Gia Lai",
            "city": "Xã Ia Phí",
            "ward": "Xã Ia Phí"
        }
    },
    "Xã Ia Pia": {
        "Xã Ia Pia": {
            "state": "Gia Lai",
            "city": "Xã Ia Pia",
            "ward": "Xã Ia Pia"
        }
    },
    "Xã Ia Pnôn": {
        "Xã Ia Pnôn": {
            "state": "Gia Lai",
            "city": "Xã Ia Pnôn",
            "ward": "Xã Ia Pnôn"
        }
    },
    "Xã Ia Púch": {
        "Xã Ia Púch": {
            "state": "Gia Lai",
            "city": "Xã Ia Púch",
            "ward": "Xã Ia Púch"
        }
    },
    "Xã Ia Rbol": {
        "Xã Ia Rbol": {
            "state": "Gia Lai",
            "city": "Xã Ia Rbol",
            "ward": "Xã Ia Rbol"
        }
    },
    "Xã Ia Rsai": {
        "Xã Ia Rsai": {
            "state": "Gia Lai",
            "city": "Xã Ia Rsai",
            "ward": "Xã Ia Rsai"
        }
    },
    "Xã Ia Sao": {
        "Xã Ia Sao": {
            "state": "Gia Lai",
            "city": "Xã Ia Sao",
            "ward": "Xã Ia Sao"
        }
    },
    "Xã Ia Tul": {
        "Xã Ia Tul": {
            "state": "Gia Lai",
            "city": "Xã Ia Tul",
            "ward": "Xã Ia Tul"
        }
    },
    "Xã Ia Tôr": {
        "Xã Ia Tôr": {
            "state": "Gia Lai",
            "city": "Xã Ia Tôr",
            "ward": "Xã Ia Tôr"
        }
    },
    "Xã Kbang": {
        "Xã Kbang": {
            "state": "Gia Lai",
            "city": "Xã Kbang",
            "ward": "Xã Kbang"
        }
    },
    "Xã KDang": {
        "Xã KDang": {
            "state": "Gia Lai",
            "city": "Xã KDang",
            "ward": "Xã KDang"
        }
    },
    "Xã Kim Sơn": {
        "Xã Kim Sơn": {
            "state": "Gia Lai",
            "city": "Xã Kim Sơn",
            "ward": "Xã Kim Sơn"
        }
    },
    "Xã Kon Chiêng": {
        "Xã Kon Chiêng": {
            "state": "Gia Lai",
            "city": "Xã Kon Chiêng",
            "ward": "Xã Kon Chiêng"
        }
    },
    "Xã Kon Gang": {
        "Xã Kon Gang": {
            "state": "Gia Lai",
            "city": "Xã Kon Gang",
            "ward": "Xã Kon Gang"
        }
    },
    "Xã Krong": {
        "Xã Krong": {
            "state": "Gia Lai",
            "city": "Xã Krong",
            "ward": "Xã Krong"
        }
    },
    "Xã Kông Bơ La": {
        "Xã Kông Bơ La": {
            "state": "Gia Lai",
            "city": "Xã Kông Bơ La",
            "ward": "Xã Kông Bơ La"
        }
    },
    "Xã Kông Chro": {
        "Xã Kông Chro": {
            "state": "Gia Lai",
            "city": "Xã Kông Chro",
            "ward": "Xã Kông Chro"
        }
    },
    "Xã Lơ Pang": {
        "Xã Lơ Pang": {
            "state": "Gia Lai",
            "city": "Xã Lơ Pang",
            "ward": "Xã Lơ Pang"
        }
    },
    "Xã Mang Yang": {
        "Xã Mang Yang": {
            "state": "Gia Lai",
            "city": "Xã Mang Yang",
            "ward": "Xã Mang Yang"
        }
    },
    "Xã Ngô Mây": {
        "Xã Ngô Mây": {
            "state": "Gia Lai",
            "city": "Xã Ngô Mây",
            "ward": "Xã Ngô Mây"
        }
    },
    "Xã Nhơn Châu": {
        "Xã Nhơn Châu": {
            "state": "Gia Lai",
            "city": "Xã Nhơn Châu",
            "ward": "Xã Nhơn Châu"
        }
    },
    "Xã Phù Cát": {
        "Xã Phù Cát": {
            "state": "Gia Lai",
            "city": "Xã Phù Cát",
            "ward": "Xã Phù Cát"
        }
    },
    "Xã Phù Mỹ": {
        "Xã Phù Mỹ": {
            "state": "Gia Lai",
            "city": "Xã Phù Mỹ",
            "ward": "Xã Phù Mỹ"
        }
    },
    "Xã Phù Mỹ Bắc": {
        "Xã Phù Mỹ Bắc": {
            "state": "Gia Lai",
            "city": "Xã Phù Mỹ Bắc",
            "ward": "Xã Phù Mỹ Bắc"
        }
    },
    "Xã Phù Mỹ Nam": {
        "Xã Phù Mỹ Nam": {
            "state": "Gia Lai",
            "city": "Xã Phù Mỹ Nam",
            "ward": "Xã Phù Mỹ Nam"
        }
    },
    "Xã Phù Mỹ Tây": {
        "Xã Phù Mỹ Tây": {
            "state": "Gia Lai",
            "city": "Xã Phù Mỹ Tây",
            "ward": "Xã Phù Mỹ Tây"
        }
    },
    "Xã Phù Mỹ Đông": {
        "Xã Phù Mỹ Đông": {
            "state": "Gia Lai",
            "city": "Xã Phù Mỹ Đông",
            "ward": "Xã Phù Mỹ Đông"
        }
    },
    "Xã Phú Thiện": {
        "Xã Phú Thiện": {
            "state": "Gia Lai",
            "city": "Xã Phú Thiện",
            "ward": "Xã Phú Thiện"
        }
    },
    "Xã Phú Túc": {
        "Xã Phú Túc": {
            "state": "Gia Lai",
            "city": "Xã Phú Túc",
            "ward": "Xã Phú Túc"
        }
    },
    "Xã Pờ Tó": {
        "Xã Pờ Tó": {
            "state": "Gia Lai",
            "city": "Xã Pờ Tó",
            "ward": "Xã Pờ Tó"
        }
    },
    "Xã SRó": {
        "Xã SRó": {
            "state": "Gia Lai",
            "city": "Xã SRó",
            "ward": "Xã SRó"
        }
    },
    "Xã Sơn Lang": {
        "Xã Sơn Lang": {
            "state": "Gia Lai",
            "city": "Xã Sơn Lang",
            "ward": "Xã Sơn Lang"
        }
    },
    "Xã Tuy Phước": {
        "Xã Tuy Phước": {
            "state": "Gia Lai",
            "city": "Xã Tuy Phước",
            "ward": "Xã Tuy Phước"
        }
    },
    "Xã Tuy Phước Bắc": {
        "Xã Tuy Phước Bắc": {
            "state": "Gia Lai",
            "city": "Xã Tuy Phước Bắc",
            "ward": "Xã Tuy Phước Bắc"
        }
    },
    "Xã Tuy Phước Tây": {
        "Xã Tuy Phước Tây": {
            "state": "Gia Lai",
            "city": "Xã Tuy Phước Tây",
            "ward": "Xã Tuy Phước Tây"
        }
    },
    "Xã Tuy Phước Đông": {
        "Xã Tuy Phước Đông": {
            "state": "Gia Lai",
            "city": "Xã Tuy Phước Đông",
            "ward": "Xã Tuy Phước Đông"
        }
    },
    "Xã Tây Sơn": {
        "Xã Tây Sơn": {
            "state": "Gia Lai",
            "city": "Xã Tây Sơn",
            "ward": "Xã Tây Sơn"
        }
    },
    "Xã Tơ Tung": {
        "Xã Tơ Tung": {
            "state": "Gia Lai",
            "city": "Xã Tơ Tung",
            "ward": "Xã Tơ Tung"
        }
    },
    "Xã Uar": {
        "Xã Uar": {
            "state": "Gia Lai",
            "city": "Xã Uar",
            "ward": "Xã Uar"
        }
    },
    "Xã Vân Canh": {
        "Xã Vân Canh": {
            "state": "Gia Lai",
            "city": "Xã Vân Canh",
            "ward": "Xã Vân Canh"
        }
    },
    "Xã Vĩnh Quang": {
        "Xã Vĩnh Quang": {
            "state": "Gia Lai",
            "city": "Xã Vĩnh Quang",
            "ward": "Xã Vĩnh Quang"
        }
    },
    "Xã Vĩnh Sơn": {
        "Xã Vĩnh Sơn": {
            "state": "Gia Lai",
            "city": "Xã Vĩnh Sơn",
            "ward": "Xã Vĩnh Sơn"
        }
    },
    "Xã Vĩnh Thạnh": {
        "Xã Vĩnh Thạnh": {
            "state": "Gia Lai",
            "city": "Xã Vĩnh Thạnh",
            "ward": "Xã Vĩnh Thạnh"
        }
    },
    "Xã Vĩnh Thịnh": {
        "Xã Vĩnh Thịnh": {
            "state": "Gia Lai",
            "city": "Xã Vĩnh Thịnh",
            "ward": "Xã Vĩnh Thịnh"
        }
    },
    "Xã Vạn Đức": {
        "Xã Vạn Đức": {
            "state": "Gia Lai",
            "city": "Xã Vạn Đức",
            "ward": "Xã Vạn Đức"
        }
    },
    "Xã Xuân An": {
        "Xã Xuân An": {
            "state": "Gia Lai",
            "city": "Xã Xuân An",
            "ward": "Xã Xuân An"
        }
    },
    "Xã Ya Hội": {
        "Xã Ya Hội": {
            "state": "Gia Lai",
            "city": "Xã Ya Hội",
            "ward": "Xã Ya Hội"
        }
    },
    "Xã Ya Ma": {
        "Xã Ya Ma": {
            "state": "Gia Lai",
            "city": "Xã Ya Ma",
            "ward": "Xã Ya Ma"
        }
    },
    "Xã Ân Hảo": {
        "Xã Ân Hảo": {
            "state": "Gia Lai",
            "city": "Xã Ân Hảo",
            "ward": "Xã Ân Hảo"
        }
    },
    "Xã Ân Tường": {
        "Xã Ân Tường": {
            "state": "Gia Lai",
            "city": "Xã Ân Tường",
            "ward": "Xã Ân Tường"
        }
    },
    "Xã Đak Pơ": {
        "Xã Đak Pơ": {
            "state": "Gia Lai",
            "city": "Xã Đak Pơ",
            "ward": "Xã Đak Pơ"
        }
    },
    "Xã Đak Rong": {
        "Xã Đak Rong": {
            "state": "Gia Lai",
            "city": "Xã Đak Rong",
            "ward": "Xã Đak Rong"
        }
    },
    "Xã Đak Sơmei": {
        "Xã Đak Sơmei": {
            "state": "Gia Lai",
            "city": "Xã Đak Sơmei",
            "ward": "Xã Đak Sơmei"
        }
    },
    "Xã Đak Đoa": {
        "Xã Đak Đoa": {
            "state": "Gia Lai",
            "city": "Xã Đak Đoa",
            "ward": "Xã Đak Đoa"
        }
    },
    "Xã Đăk Song": {
        "Xã Đăk Song": {
            "state": "Gia Lai",
            "city": "Xã Đăk Song",
            "ward": "Xã Đăk Song"
        }
    },
    "Xã Đề Gi": {
        "Xã Đề Gi": {
            "state": "Gia Lai",
            "city": "Xã Đề Gi",
            "ward": "Xã Đề Gi"
        }
    },
    "Xã Đức Cơ": {
        "Xã Đức Cơ": {
            "state": "Gia Lai",
            "city": "Xã Đức Cơ",
            "ward": "Xã Đức Cơ"
        }
    }
}