{
    "Đặc khu Bạch Long Vĩ": {
        "Đặc khu Bạch Long Vĩ": {
            "state": "Hải Phòng",
            "city": "Đặc khu Bạch Long Vĩ",
            "ward": "Đặc khu Bạch Long Vĩ"
        }
    },
    "Đặc khu Cát Hải": {
        "Đặc khu Cát Hải": {
            "state": "Hải Phòng",
            "city": "Đặc khu Cát Hải",
            "ward": "Đặc khu Cát Hải"
        }
    },
    "Phường An Biên": {
        "Phường An Biên": {
            "state": "Hải Phòng",
            "city": "Phường An Biên",
            "ward": "Phường An Biên"
        }
    },
    "Phường An Dương": {
        "Phường An Dương": {
            "state": "Hải Phòng",
            "city": "Phường An Dương",
            "ward": "Phường An Dương"
        }
    },
    "Phường An Hải": {
        "Phường An Hải": {
            "state": "Hải Phòng",
            "city": "Phường An Hải",
            "ward": "Phường An Hải"
        }
    },
    "Phường An Phong": {
        "Phường An Phong": {
            "state": "Hải Phòng",
            "city": "Phường An Phong",
            "ward": "Phường An Phong"
        }
    },
    "Phường Bạch Đằng": {
        "Phường Bạch Đằng": {
            "state": "Hải Phòng",
            "city": "Phường Bạch Đằng",
            "ward": "Phường Bạch Đằng"
        }
    },
    "Phường Bắc An Phụ": {
        "Phường Bắc An Phụ": {
            "state": "Hải Phòng",
            "city": "Phường Bắc An Phụ",
            "ward": "Phường Bắc An Phụ"
        }
    },
    "Phường Chu Văn An": {
        "Phường Chu Văn An": {
            "state": "Hải Phòng",
            "city": "Phường Chu Văn An",
            "ward": "Phường Chu Văn An"
        }
    },
    "Phường Chí Linh ": {
        "Phường Chí Linh ": {
            "state": "Hải Phòng",
            "city": "Phường Chí Linh ",
            "ward": "Phường Chí Linh "
        }
    },
    "Phường Dương Kinh": {
        "Phường Dương Kinh": {
            "state": "Hải Phòng",
            "city": "Phường Dương Kinh",
            "ward": "Phường Dương Kinh"
        }
    },
    "Phường Gia Viên": {
        "Phường Gia Viên": {
            "state": "Hải Phòng",
            "city": "Phường Gia Viên",
            "ward": "Phường Gia Viên"
        }
    },
    "Phường Hòa Bình": {
        "Phường Hòa Bình": {
            "state": "Hải Phòng",
            "city": "Phường Hòa Bình",
            "ward": "Phường Hòa Bình"
        }
    },
    "Phường Hưng Đạo": {
        "Phường Hưng Đạo": {
            "state": "Hải Phòng",
            "city": "Phường Hưng Đạo",
            "ward": "Phường Hưng Đạo"
        }
    },
    "Phường Hải An": {
        "Phường Hải An": {
            "state": "Hải Phòng",
            "city": "Phường Hải An",
            "ward": "Phường Hải An"
        }
    },
    "Phường Hải Dương": {
        "Phường Hải Dương": {
            "state": "Hải Phòng",
            "city": "Phường Hải Dương",
            "ward": "Phường Hải Dương"
        }
    },
    "Phường Hồng An": {
        "Phường Hồng An": {
            "state": "Hải Phòng",
            "city": "Phường Hồng An",
            "ward": "Phường Hồng An"
        }
    },
    "Phường Hồng Bàng": {
        "Phường Hồng Bàng": {
            "state": "Hải Phòng",
            "city": "Phường Hồng Bàng",
            "ward": "Phường Hồng Bàng"
        }
    },
    "Phường Kinh Môn                      ": {
        "Phường Kinh Môn                      ": {
            "state": "Hải Phòng",
            "city": "Phường Kinh Môn                      ",
            "ward": "Phường Kinh Môn                      "
        }
    },
    "Phường Kiến An": {
        "Phường Kiến An": {
            "state": "Hải Phòng",
            "city": "Phường Kiến An",
            "ward": "Phường Kiến An"
        }
    },
    "Phường Lê Chân": {
        "Phường Lê Chân": {
            "state": "Hải Phòng",
            "city": "Phường Lê Chân",
            "ward": "Phường Lê Chân"
        }
    },
    "Phường Lê Thanh Nghị": {
        "Phường Lê Thanh Nghị": {
            "state": "Hải Phòng",
            "city": "Phường Lê Thanh Nghị",
            "ward": "Phường Lê Thanh Nghị"
        }
    },
    "Phường Lê Ích Mộc": {
        "Phường Lê Ích Mộc": {
            "state": "Hải Phòng",
            "city": "Phường Lê Ích Mộc",
            "ward": "Phường Lê Ích Mộc"
        }
    },
    "Phường Lê Đại Hành": {
        "Phường Lê Đại Hành": {
            "state": "Hải Phòng",
            "city": "Phường Lê Đại Hành",
            "ward": "Phường Lê Đại Hành"
        }
    },
    "Phường Lưu Kiếm": {
        "Phường Lưu Kiếm": {
            "state": "Hải Phòng",
            "city": "Phường Lưu Kiếm",
            "ward": "Phường Lưu Kiếm"
        }
    },
    "Phường Nam Triệu": {
        "Phường Nam Triệu": {
            "state": "Hải Phòng",
            "city": "Phường Nam Triệu",
            "ward": "Phường Nam Triệu"
        }
    },
    "Phường Nam Đồ Sơn ": {
        "Phường Nam Đồ Sơn ": {
            "state": "Hải Phòng",
            "city": "Phường Nam Đồ Sơn ",
            "ward": "Phường Nam Đồ Sơn "
        }
    },
    "Phường Nam Đồng": {
        "Phường Nam Đồng": {
            "state": "Hải Phòng",
            "city": "Phường Nam Đồng",
            "ward": "Phường Nam Đồng"
        }
    },
    "Phường Nguyễn Trãi": {
        "Phường Nguyễn Trãi": {
            "state": "Hải Phòng",
            "city": "Phường Nguyễn Trãi",
            "ward": "Phường Nguyễn Trãi"
        }
    },
    "Phường Nguyễn Đại Năng": {
        "Phường Nguyễn Đại Năng": {
            "state": "Hải Phòng",
            "city": "Phường Nguyễn Đại Năng",
            "ward": "Phường Nguyễn Đại Năng"
        }
    },
    "Phường Ngô Quyền": {
        "Phường Ngô Quyền": {
            "state": "Hải Phòng",
            "city": "Phường Ngô Quyền",
            "ward": "Phường Ngô Quyền"
        }
    },
    "Phường Nhị Chiểu": {
        "Phường Nhị Chiểu": {
            "state": "Hải Phòng",
            "city": "Phường Nhị Chiểu",
            "ward": "Phường Nhị Chiểu"
        }
    },
    "Phường Phù Liễn": {
        "Phường Phù Liễn": {
            "state": "Hải Phòng",
            "city": "Phường Phù Liễn",
            "ward": "Phường Phù Liễn"
        }
    },
    "Phường Phạm Sư Mạnh": {
        "Phường Phạm Sư Mạnh": {
            "state": "Hải Phòng",
            "city": "Phường Phạm Sư Mạnh",
            "ward": "Phường Phạm Sư Mạnh"
        }
    },
    "Phường Thiên Hương": {
        "Phường Thiên Hương": {
            "state": "Hải Phòng",
            "city": "Phường Thiên Hương",
            "ward": "Phường Thiên Hương"
        }
    },
    "Phường Thành Đông": {
        "Phường Thành Đông": {
            "state": "Hải Phòng",
            "city": "Phường Thành Đông",
            "ward": "Phường Thành Đông"
        }
    },
    "Phường Thạch Khôi": {
        "Phường Thạch Khôi": {
            "state": "Hải Phòng",
            "city": "Phường Thạch Khôi",
            "ward": "Phường Thạch Khôi"
        }
    },
    "Phường Thủy Nguyên": {
        "Phường Thủy Nguyên": {
            "state": "Hải Phòng",
            "city": "Phường Thủy Nguyên",
            "ward": "Phường Thủy Nguyên"
        }
    },
    "Phường Trần Hưng Đạo": {
        "Phường Trần Hưng Đạo": {
            "state": "Hải Phòng",
            "city": "Phường Trần Hưng Đạo",
            "ward": "Phường Trần Hưng Đạo"
        }
    },
    "Phường Trần Liễu": {
        "Phường Trần Liễu": {
            "state": "Hải Phòng",
            "city": "Phường Trần Liễu",
            "ward": "Phường Trần Liễu"
        }
    },
    "Phường Trần Nhân Tông": {
        "Phường Trần Nhân Tông": {
            "state": "Hải Phòng",
            "city": "Phường Trần Nhân Tông",
            "ward": "Phường Trần Nhân Tông"
        }
    },
    "Phường Tân Hưng": {
        "Phường Tân Hưng": {
            "state": "Hải Phòng",
            "city": "Phường Tân Hưng",
            "ward": "Phường Tân Hưng"
        }
    },
    "Phường Tứ Minh": {
        "Phường Tứ Minh": {
            "state": "Hải Phòng",
            "city": "Phường Tứ Minh",
            "ward": "Phường Tứ Minh"
        }
    },
    "Phường Việt Hòa": {
        "Phường Việt Hòa": {
            "state": "Hải Phòng",
            "city": "Phường Việt Hòa",
            "ward": "Phường Việt Hòa"
        }
    },
    "Phường Ái Quốc": {
        "Phường Ái Quốc": {
            "state": "Hải Phòng",
            "city": "Phường Ái Quốc",
            "ward": "Phường Ái Quốc"
        }
    },
    "Phường Đông Hải": {
        "Phường Đông Hải": {
            "state": "Hải Phòng",
            "city": "Phường Đông Hải",
            "ward": "Phường Đông Hải"
        }
    },
    "Phường Đồ Sơn": {
        "Phường Đồ Sơn": {
            "state": "Hải Phòng",
            "city": "Phường Đồ Sơn",
            "ward": "Phường Đồ Sơn"
        }
    },
    "Xã An Hưng": {
        "Xã An Hưng": {
            "state": "Hải Phòng",
            "city": "Xã An Hưng",
            "ward": "Xã An Hưng"
        }
    },
    "Xã An Khánh": {
        "Xã An Khánh": {
            "state": "Hải Phòng",
            "city": "Xã An Khánh",
            "ward": "Xã An Khánh"
        }
    },
    "Xã An Lão": {
        "Xã An Lão": {
            "state": "Hải Phòng",
            "city": "Xã An Lão",
            "ward": "Xã An Lão"
        }
    },
    "Xã An Phú": {
        "Xã An Phú": {
            "state": "Hải Phòng",
            "city": "Xã An Phú",
            "ward": "Xã An Phú"
        }
    },
    "Xã An Quang ": {
        "Xã An Quang ": {
            "state": "Hải Phòng",
            "city": "Xã An Quang ",
            "ward": "Xã An Quang "
        }
    },
    "Xã An Thành": {
        "Xã An Thành": {
            "state": "Hải Phòng",
            "city": "Xã An Thành",
            "ward": "Xã An Thành"
        }
    },
    "Xã An Trường ": {
        "Xã An Trường ": {
            "state": "Hải Phòng",
            "city": "Xã An Trường ",
            "ward": "Xã An Trường "
        }
    },
    "Xã Bình Giang ": {
        "Xã Bình Giang ": {
            "state": "Hải Phòng",
            "city": "Xã Bình Giang ",
            "ward": "Xã Bình Giang "
        }
    },
    "Xã Bắc Thanh Miện": {
        "Xã Bắc Thanh Miện": {
            "state": "Hải Phòng",
            "city": "Xã Bắc Thanh Miện",
            "ward": "Xã Bắc Thanh Miện"
        }
    },
    "Xã Chí Minh": {
        "Xã Chí Minh": {
            "state": "Hải Phòng",
            "city": "Xã Chí Minh",
            "ward": "Xã Chí Minh"
        }
    },
    "Xã Chấn Hưng": {
        "Xã Chấn Hưng": {
            "state": "Hải Phòng",
            "city": "Xã Chấn Hưng",
            "ward": "Xã Chấn Hưng"
        }
    },
    "Xã Cẩm Giang": {
        "Xã Cẩm Giang": {
            "state": "Hải Phòng",
            "city": "Xã Cẩm Giang",
            "ward": "Xã Cẩm Giang"
        }
    },
    "Xã Cẩm Giàng ": {
        "Xã Cẩm Giàng ": {
            "state": "Hải Phòng",
            "city": "Xã Cẩm Giàng ",
            "ward": "Xã Cẩm Giàng "
        }
    },
    "Xã Gia Lộc": {
        "Xã Gia Lộc": {
            "state": "Hải Phòng",
            "city": "Xã Gia Lộc",
            "ward": "Xã Gia Lộc"
        }
    },
    "Xã Gia Phúc": {
        "Xã Gia Phúc": {
            "state": "Hải Phòng",
            "city": "Xã Gia Phúc",
            "ward": "Xã Gia Phúc"
        }
    },
    "Xã Hà Bắc": {
        "Xã Hà Bắc": {
            "state": "Hải Phòng",
            "city": "Xã Hà Bắc",
            "ward": "Xã Hà Bắc"
        }
    },
    "Xã Hà Nam": {
        "Xã Hà Nam": {
            "state": "Hải Phòng",
            "city": "Xã Hà Nam",
            "ward": "Xã Hà Nam"
        }
    },
    "Xã Hà Tây": {
        "Xã Hà Tây": {
            "state": "Hải Phòng",
            "city": "Xã Hà Tây",
            "ward": "Xã Hà Tây"
        }
    },
    "Xã Hà Đông": {
        "Xã Hà Đông": {
            "state": "Hải Phòng",
            "city": "Xã Hà Đông",
            "ward": "Xã Hà Đông"
        }
    },
    "Xã Hùng Thắng": {
        "Xã Hùng Thắng": {
            "state": "Hải Phòng",
            "city": "Xã Hùng Thắng",
            "ward": "Xã Hùng Thắng"
        }
    },
    "Xã Hải Hưng": {
        "Xã Hải Hưng": {
            "state": "Hải Phòng",
            "city": "Xã Hải Hưng",
            "ward": "Xã Hải Hưng"
        }
    },
    "Xã Hồng Châu": {
        "Xã Hồng Châu": {
            "state": "Hải Phòng",
            "city": "Xã Hồng Châu",
            "ward": "Xã Hồng Châu"
        }
    },
    "Xã Hợp Tiến": {
        "Xã Hợp Tiến": {
            "state": "Hải Phòng",
            "city": "Xã Hợp Tiến",
            "ward": "Xã Hợp Tiến"
        }
    },
    "Xã Khúc Thừa Dụ": {
        "Xã Khúc Thừa Dụ": {
            "state": "Hải Phòng",
            "city": "Xã Khúc Thừa Dụ",
            "ward": "Xã Khúc Thừa Dụ"
        }
    },
    "Xã Kim Thành": {
        "Xã Kim Thành": {
            "state": "Hải Phòng",
            "city": "Xã Kim Thành",
            "ward": "Xã Kim Thành"
        }
    },
    "Xã Kiến Hưng": {
        "Xã Kiến Hưng": {
            "state": "Hải Phòng",
            "city": "Xã Kiến Hưng",
            "ward": "Xã Kiến Hưng"
        }
    },
    "Xã Kiến Hải": {
        "Xã Kiến Hải": {
            "state": "Hải Phòng",
            "city": "Xã Kiến Hải",
            "ward": "Xã Kiến Hải"
        }
    },
    "Xã Kiến Minh": {
        "Xã Kiến Minh": {
            "state": "Hải Phòng",
            "city": "Xã Kiến Minh",
            "ward": "Xã Kiến Minh"
        }
    },
    "Xã Kiến Thụy": {
        "Xã Kiến Thụy": {
            "state": "Hải Phòng",
            "city": "Xã Kiến Thụy",
            "ward": "Xã Kiến Thụy"
        }
    },
    "Xã Kẻ Sặt": {
        "Xã Kẻ Sặt": {
            "state": "Hải Phòng",
            "city": "Xã Kẻ Sặt",
            "ward": "Xã Kẻ Sặt"
        }
    },
    "Xã Lai Khê": {
        "Xã Lai Khê": {
            "state": "Hải Phòng",
            "city": "Xã Lai Khê",
            "ward": "Xã Lai Khê"
        }
    },
    "Xã Lạc Phượng": {
        "Xã Lạc Phượng": {
            "state": "Hải Phòng",
            "city": "Xã Lạc Phượng",
            "ward": "Xã Lạc Phượng"
        }
    },
    "Xã Mao Điền": {
        "Xã Mao Điền": {
            "state": "Hải Phòng",
            "city": "Xã Mao Điền",
            "ward": "Xã Mao Điền"
        }
    },
    "Xã Nam An Phụ": {
        "Xã Nam An Phụ": {
            "state": "Hải Phòng",
            "city": "Xã Nam An Phụ",
            "ward": "Xã Nam An Phụ"
        }
    },
    "Xã Nam Sách": {
        "Xã Nam Sách": {
            "state": "Hải Phòng",
            "city": "Xã Nam Sách",
            "ward": "Xã Nam Sách"
        }
    },
    "Xã Nam Thanh Miện": {
        "Xã Nam Thanh Miện": {
            "state": "Hải Phòng",
            "city": "Xã Nam Thanh Miện",
            "ward": "Xã Nam Thanh Miện"
        }
    },
    "Xã Nghi Dương": {
        "Xã Nghi Dương": {
            "state": "Hải Phòng",
            "city": "Xã Nghi Dương",
            "ward": "Xã Nghi Dương"
        }
    },
    "Xã Nguyên Giáp": {
        "Xã Nguyên Giáp": {
            "state": "Hải Phòng",
            "city": "Xã Nguyên Giáp",
            "ward": "Xã Nguyên Giáp"
        }
    },
    "Xã Nguyễn Bỉnh Khiêm": {
        "Xã Nguyễn Bỉnh Khiêm": {
            "state": "Hải Phòng",
            "city": "Xã Nguyễn Bỉnh Khiêm",
            "ward": "Xã Nguyễn Bỉnh Khiêm"
        }
    },
    "Xã Nguyễn Lương Bằng": {
        "Xã Nguyễn Lương Bằng": {
            "state": "Hải Phòng",
            "city": "Xã Nguyễn Lương Bằng",
            "ward": "Xã Nguyễn Lương Bằng"
        }
    },
    "Xã Ninh Giang ": {
        "Xã Ninh Giang ": {
            "state": "Hải Phòng",
            "city": "Xã Ninh Giang ",
            "ward": "Xã Ninh Giang "
        }
    },
    "Xã Phú Thái": {
        "Xã Phú Thái": {
            "state": "Hải Phòng",
            "city": "Xã Phú Thái",
            "ward": "Xã Phú Thái"
        }
    },
    "Xã Quyết Thắng": {
        "Xã Quyết Thắng": {
            "state": "Hải Phòng",
            "city": "Xã Quyết Thắng",
            "ward": "Xã Quyết Thắng"
        }
    },
    "Xã Thanh Hà ": {
        "Xã Thanh Hà ": {
            "state": "Hải Phòng",
            "city": "Xã Thanh Hà ",
            "ward": "Xã Thanh Hà "
        }
    },
    "Xã Thanh Miện ": {
        "Xã Thanh Miện ": {
            "state": "Hải Phòng",
            "city": "Xã Thanh Miện ",
            "ward": "Xã Thanh Miện "
        }
    },
    "Xã Thái Tân": {
        "Xã Thái Tân": {
            "state": "Hải Phòng",
            "city": "Xã Thái Tân",
            "ward": "Xã Thái Tân"
        }
    },
    "Xã Thượng Hồng": {
        "Xã Thượng Hồng": {
            "state": "Hải Phòng",
            "city": "Xã Thượng Hồng",
            "ward": "Xã Thượng Hồng"
        }
    },
    "Xã Tiên Lãng": {
        "Xã Tiên Lãng": {
            "state": "Hải Phòng",
            "city": "Xã Tiên Lãng",
            "ward": "Xã Tiên Lãng"
        }
    },
    "Xã Tiên Minh": {
        "Xã Tiên Minh": {
            "state": "Hải Phòng",
            "city": "Xã Tiên Minh",
            "ward": "Xã Tiên Minh"
        }
    },
    "Xã Trường Tân": {
        "Xã Trường Tân": {
            "state": "Hải Phòng",
            "city": "Xã Trường Tân",
            "ward": "Xã Trường Tân"
        }
    },
    "Xã Trần Phú": {
        "Xã Trần Phú": {
            "state": "Hải Phòng",
            "city": "Xã Trần Phú",
            "ward": "Xã Trần Phú"
        }
    },
    "Xã Tuệ Tĩnh": {
        "Xã Tuệ Tĩnh": {
            "state": "Hải Phòng",
            "city": "Xã Tuệ Tĩnh",
            "ward": "Xã Tuệ Tĩnh"
        }
    },
    "Xã Tân An": {
        "Xã Tân An": {
            "state": "Hải Phòng",
            "city": "Xã Tân An",
            "ward": "Xã Tân An"
        }
    },
    "Xã Tân Kỳ": {
        "Xã Tân Kỳ": {
            "state": "Hải Phòng",
            "city": "Xã Tân Kỳ",
            "ward": "Xã Tân Kỳ"
        }
    },
    "Xã Tân Minh": {
        "Xã Tân Minh": {
            "state": "Hải Phòng",
            "city": "Xã Tân Minh",
            "ward": "Xã Tân Minh"
        }
    },
    "Xã Tứ Kỳ ": {
        "Xã Tứ Kỳ ": {
            "state": "Hải Phòng",
            "city": "Xã Tứ Kỳ ",
            "ward": "Xã Tứ Kỳ "
        }
    },
    "Xã Việt Khê": {
        "Xã Việt Khê": {
            "state": "Hải Phòng",
            "city": "Xã Việt Khê",
            "ward": "Xã Việt Khê"
        }
    },
    "Xã Vĩnh Am": {
        "Xã Vĩnh Am": {
            "state": "Hải Phòng",
            "city": "Xã Vĩnh Am",
            "ward": "Xã Vĩnh Am"
        }
    },
    "Xã Vĩnh Bảo": {
        "Xã Vĩnh Bảo": {
            "state": "Hải Phòng",
            "city": "Xã Vĩnh Bảo",
            "ward": "Xã Vĩnh Bảo"
        }
    },
    "Xã Vĩnh Hòa": {
        "Xã Vĩnh Hòa": {
            "state": "Hải Phòng",
            "city": "Xã Vĩnh Hòa",
            "ward": "Xã Vĩnh Hòa"
        }
    },
    "Xã Vĩnh Hải": {
        "Xã Vĩnh Hải": {
            "state": "Hải Phòng",
            "city": "Xã Vĩnh Hải",
            "ward": "Xã Vĩnh Hải"
        }
    },
    "Xã Vĩnh Lại": {
        "Xã Vĩnh Lại": {
            "state": "Hải Phòng",
            "city": "Xã Vĩnh Lại",
            "ward": "Xã Vĩnh Lại"
        }
    },
    "Xã Vĩnh Thuận": {
        "Xã Vĩnh Thuận": {
            "state": "Hải Phòng",
            "city": "Xã Vĩnh Thuận",
            "ward": "Xã Vĩnh Thuận"
        }
    },
    "Xã Vĩnh Thịnh": {
        "Xã Vĩnh Thịnh": {
            "state": "Hải Phòng",
            "city": "Xã Vĩnh Thịnh",
            "ward": "Xã Vĩnh Thịnh"
        }
    },
    "Xã Yết Kiêu": {
        "Xã Yết Kiêu": {
            "state": "Hải Phòng",
            "city": "Xã Yết Kiêu",
            "ward": "Xã Yết Kiêu"
        }
    },
    "Xã Đường An": {
        "Xã Đường An": {
            "state": "Hải Phòng",
            "city": "Xã Đường An",
            "ward": "Xã Đường An"
        }
    },
    "Xã Đại Sơn": {
        "Xã Đại Sơn": {
            "state": "Hải Phòng",
            "city": "Xã Đại Sơn",
            "ward": "Xã Đại Sơn"
        }
    }
}