{
    "Phường Ba Đình": {
        "Phường Ba Đình": {
            "state": "Hà Nội",
            "city": "Phường Ba Đình",
            "ward": "Phường Ba Đình"
        }
    },
    "Phường Bạch Mai": {
        "Phường Bạch Mai": {
            "state": "Hà Nội",
            "city": "Phường Bạch Mai",
            "ward": "Phường Bạch Mai"
        }
    },
    "Phường Bồ Đề": {
        "Phường Bồ Đề": {
            "state": "Hà Nội",
            "city": "Phường Bồ Đề",
            "ward": "Phường Bồ Đề"
        }
    },
    "Phường Chương Mỹ": {
        "Phường Chương Mỹ": {
            "state": "Hà Nội",
            "city": "Phường Chương Mỹ",
            "ward": "Phường Chương Mỹ"
        }
    },
    "Phường Cầu Giấy": {
        "Phường Cầu Giấy": {
            "state": "Hà Nội",
            "city": "Phường Cầu Giấy",
            "ward": "Phường Cầu Giấy"
        }
    },
    "Phường Cửa Nam": {
        "Phường Cửa Nam": {
            "state": "Hà Nội",
            "city": "Phường Cửa Nam",
            "ward": "Phường Cửa Nam"
        }
    },
    "Phường Dương Nội": {
        "Phường Dương Nội": {
            "state": "Hà Nội",
            "city": "Phường Dương Nội",
            "ward": "Phường Dương Nội"
        }
    },
    "Phường Giảng Võ": {
        "Phường Giảng Võ": {
            "state": "Hà Nội",
            "city": "Phường Giảng Võ",
            "ward": "Phường Giảng Võ"
        }
    },
    "Phường Hai Bà Trưng": {
        "Phường Hai Bà Trưng": {
            "state": "Hà Nội",
            "city": "Phường Hai Bà Trưng",
            "ward": "Phường Hai Bà Trưng"
        }
    },
    "Phường Hoàn Kiếm": {
        "Phường Hoàn Kiếm": {
            "state": "Hà Nội",
            "city": "Phường Hoàn Kiếm",
            "ward": "Phường Hoàn Kiếm"
        }
    },
    "Phường Hoàng Liệt": {
        "Phường Hoàng Liệt": {
            "state": "Hà Nội",
            "city": "Phường Hoàng Liệt",
            "ward": "Phường Hoàng Liệt"
        }
    },
    "Phường Hoàng Mai": {
        "Phường Hoàng Mai": {
            "state": "Hà Nội",
            "city": "Phường Hoàng Mai",
            "ward": "Phường Hoàng Mai"
        }
    },
    "Phường Hà Đông": {
        "Phường Hà Đông": {
            "state": "Hà Nội",
            "city": "Phường Hà Đông",
            "ward": "Phường Hà Đông"
        }
    },
    "Phường Hồng Hà": {
        "Phường Hồng Hà": {
            "state": "Hà Nội",
            "city": "Phường Hồng Hà",
            "ward": "Phường Hồng Hà"
        }
    },
    "Phường Khương Đình": {
        "Phường Khương Đình": {
            "state": "Hà Nội",
            "city": "Phường Khương Đình",
            "ward": "Phường Khương Đình"
        }
    },
    "Phường Kim Liên": {
        "Phường Kim Liên": {
            "state": "Hà Nội",
            "city": "Phường Kim Liên",
            "ward": "Phường Kim Liên"
        }
    },
    "Phường Kiến Hưng": {
        "Phường Kiến Hưng": {
            "state": "Hà Nội",
            "city": "Phường Kiến Hưng",
            "ward": "Phường Kiến Hưng"
        }
    },
    "Phường Long Biên": {
        "Phường Long Biên": {
            "state": "Hà Nội",
            "city": "Phường Long Biên",
            "ward": "Phường Long Biên"
        }
    },
    "Phường Láng": {
        "Phường Láng": {
            "state": "Hà Nội",
            "city": "Phường Láng",
            "ward": "Phường Láng"
        }
    },
    "Phường Lĩnh Nam": {
        "Phường Lĩnh Nam": {
            "state": "Hà Nội",
            "city": "Phường Lĩnh Nam",
            "ward": "Phường Lĩnh Nam"
        }
    },
    "Phường Nghĩa Đô": {
        "Phường Nghĩa Đô": {
            "state": "Hà Nội",
            "city": "Phường Nghĩa Đô",
            "ward": "Phường Nghĩa Đô"
        }
    },
    "Phường Ngọc Hà": {
        "Phường Ngọc Hà": {
            "state": "Hà Nội",
            "city": "Phường Ngọc Hà",
            "ward": "Phường Ngọc Hà"
        }
    },
    "Phường Phú Diễn": {
        "Phường Phú Diễn": {
            "state": "Hà Nội",
            "city": "Phường Phú Diễn",
            "ward": "Phường Phú Diễn"
        }
    },
    "Phường Phú Lương": {
        "Phường Phú Lương": {
            "state": "Hà Nội",
            "city": "Phường Phú Lương",
            "ward": "Phường Phú Lương"
        }
    },
    "Phường Phú Thượng": {
        "Phường Phú Thượng": {
            "state": "Hà Nội",
            "city": "Phường Phú Thượng",
            "ward": "Phường Phú Thượng"
        }
    },
    "Phường Phúc Lợi": {
        "Phường Phúc Lợi": {
            "state": "Hà Nội",
            "city": "Phường Phúc Lợi",
            "ward": "Phường Phúc Lợi"
        }
    },
    "Phường Phương Liệt": {
        "Phường Phương Liệt": {
            "state": "Hà Nội",
            "city": "Phường Phương Liệt",
            "ward": "Phường Phương Liệt"
        }
    },
    "Phường Sơn Tây": {
        "Phường Sơn Tây": {
            "state": "Hà Nội",
            "city": "Phường Sơn Tây",
            "ward": "Phường Sơn Tây"
        }
    },
    "Phường Thanh Liệt": {
        "Phường Thanh Liệt": {
            "state": "Hà Nội",
            "city": "Phường Thanh Liệt",
            "ward": "Phường Thanh Liệt"
        }
    },
    "Phường Thanh Xuân": {
        "Phường Thanh Xuân": {
            "state": "Hà Nội",
            "city": "Phường Thanh Xuân",
            "ward": "Phường Thanh Xuân"
        }
    },
    "Phường Thượng Cát": {
        "Phường Thượng Cát": {
            "state": "Hà Nội",
            "city": "Phường Thượng Cát",
            "ward": "Phường Thượng Cát"
        }
    },
    "Phường Tây Hồ": {
        "Phường Tây Hồ": {
            "state": "Hà Nội",
            "city": "Phường Tây Hồ",
            "ward": "Phường Tây Hồ"
        }
    },
    "Phường Tây Mỗ": {
        "Phường Tây Mỗ": {
            "state": "Hà Nội",
            "city": "Phường Tây Mỗ",
            "ward": "Phường Tây Mỗ"
        }
    },
    "Phường Tây Tựu": {
        "Phường Tây Tựu": {
            "state": "Hà Nội",
            "city": "Phường Tây Tựu",
            "ward": "Phường Tây Tựu"
        }
    },
    "Phường Tùng Thiện": {
        "Phường Tùng Thiện": {
            "state": "Hà Nội",
            "city": "Phường Tùng Thiện",
            "ward": "Phường Tùng Thiện"
        }
    },
    "Phường Tương Mai": {
        "Phường Tương Mai": {
            "state": "Hà Nội",
            "city": "Phường Tương Mai",
            "ward": "Phường Tương Mai"
        }
    },
    "Phường Từ Liêm": {
        "Phường Từ Liêm": {
            "state": "Hà Nội",
            "city": "Phường Từ Liêm",
            "ward": "Phường Từ Liêm"
        }
    },
    "Phường Việt Hưng": {
        "Phường Việt Hưng": {
            "state": "Hà Nội",
            "city": "Phường Việt Hưng",
            "ward": "Phường Việt Hưng"
        }
    },
    "Phường Văn Miếu - Quốc Tử Giám": {
        "Phường Văn Miếu - Quốc Tử Giám": {
            "state": "Hà Nội",
            "city": "Phường Văn Miếu - Quốc Tử Giám",
            "ward": "Phường Văn Miếu - Quốc Tử Giám"
        }
    },
    "Phường Vĩnh Hưng": {
        "Phường Vĩnh Hưng": {
            "state": "Hà Nội",
            "city": "Phường Vĩnh Hưng",
            "ward": "Phường Vĩnh Hưng"
        }
    },
    "Phường Vĩnh Tuy": {
        "Phường Vĩnh Tuy": {
            "state": "Hà Nội",
            "city": "Phường Vĩnh Tuy",
            "ward": "Phường Vĩnh Tuy"
        }
    },
    "Phường Xuân Phương": {
        "Phường Xuân Phương": {
            "state": "Hà Nội",
            "city": "Phường Xuân Phương",
            "ward": "Phường Xuân Phương"
        }
    },
    "Phường Xuân Đỉnh": {
        "Phường Xuân Đỉnh": {
            "state": "Hà Nội",
            "city": "Phường Xuân Đỉnh",
            "ward": "Phường Xuân Đỉnh"
        }
    },
    "Phường Yên Hòa": {
        "Phường Yên Hòa": {
            "state": "Hà Nội",
            "city": "Phường Yên Hòa",
            "ward": "Phường Yên Hòa"
        }
    },
    "Phường Yên Nghĩa": {
        "Phường Yên Nghĩa": {
            "state": "Hà Nội",
            "city": "Phường Yên Nghĩa",
            "ward": "Phường Yên Nghĩa"
        }
    },
    "Phường Yên Sở": {
        "Phường Yên Sở": {
            "state": "Hà Nội",
            "city": "Phường Yên Sở",
            "ward": "Phường Yên Sở"
        }
    },
    "Phường Ô Chợ Dừa": {
        "Phường Ô Chợ Dừa": {
            "state": "Hà Nội",
            "city": "Phường Ô Chợ Dừa",
            "ward": "Phường Ô Chợ Dừa"
        }
    },
    "Phường Đông Ngạc": {
        "Phường Đông Ngạc": {
            "state": "Hà Nội",
            "city": "Phường Đông Ngạc",
            "ward": "Phường Đông Ngạc"
        }
    },
    "Phường Đại Mỗ": {
        "Phường Đại Mỗ": {
            "state": "Hà Nội",
            "city": "Phường Đại Mỗ",
            "ward": "Phường Đại Mỗ"
        }
    },
    "Phường Định Công": {
        "Phường Định Công": {
            "state": "Hà Nội",
            "city": "Phường Định Công",
            "ward": "Phường Định Công"
        }
    },
    "Phường Đống Đa": {
        "Phường Đống Đa": {
            "state": "Hà Nội",
            "city": "Phường Đống Đa",
            "ward": "Phường Đống Đa"
        }
    },
    "Xã An Khánh": {
        "Xã An Khánh": {
            "state": "Hà Nội",
            "city": "Xã An Khánh",
            "ward": "Xã An Khánh"
        }
    },
    "Xã Ba Vì": {
        "Xã Ba Vì": {
            "state": "Hà Nội",
            "city": "Xã Ba Vì",
            "ward": "Xã Ba Vì"
        }
    },
    "Xã Bát Tràng": {
        "Xã Bát Tràng": {
            "state": "Hà Nội",
            "city": "Xã Bát Tràng",
            "ward": "Xã Bát Tràng"
        }
    },
    "Xã Bình Minh": {
        "Xã Bình Minh": {
            "state": "Hà Nội",
            "city": "Xã Bình Minh",
            "ward": "Xã Bình Minh"
        }
    },
    "Xã Bất Bạt": {
        "Xã Bất Bạt": {
            "state": "Hà Nội",
            "city": "Xã Bất Bạt",
            "ward": "Xã Bất Bạt"
        }
    },
    "Xã Chuyên Mỹ": {
        "Xã Chuyên Mỹ": {
            "state": "Hà Nội",
            "city": "Xã Chuyên Mỹ",
            "ward": "Xã Chuyên Mỹ"
        }
    },
    "Xã Chương Dương": {
        "Xã Chương Dương": {
            "state": "Hà Nội",
            "city": "Xã Chương Dương",
            "ward": "Xã Chương Dương"
        }
    },
    "Xã Cổ Đô": {
        "Xã Cổ Đô": {
            "state": "Hà Nội",
            "city": "Xã Cổ Đô",
            "ward": "Xã Cổ Đô"
        }
    },
    "Xã Dân Hòa": {
        "Xã Dân Hòa": {
            "state": "Hà Nội",
            "city": "Xã Dân Hòa",
            "ward": "Xã Dân Hòa"
        }
    },
    "Xã Dương Hòa": {
        "Xã Dương Hòa": {
            "state": "Hà Nội",
            "city": "Xã Dương Hòa",
            "ward": "Xã Dương Hòa"
        }
    },
    "Xã Gia Lâm": {
        "Xã Gia Lâm": {
            "state": "Hà Nội",
            "city": "Xã Gia Lâm",
            "ward": "Xã Gia Lâm"
        }
    },
    "Xã Hoài Đức": {
        "Xã Hoài Đức": {
            "state": "Hà Nội",
            "city": "Xã Hoài Đức",
            "ward": "Xã Hoài Đức"
        }
    },
    "Xã Hát Môn": {
        "Xã Hát Môn": {
            "state": "Hà Nội",
            "city": "Xã Hát Môn",
            "ward": "Xã Hát Môn"
        }
    },
    "Xã Hòa Lạc": {
        "Xã Hòa Lạc": {
            "state": "Hà Nội",
            "city": "Xã Hòa Lạc",
            "ward": "Xã Hòa Lạc"
        }
    },
    "Xã Hòa Phú": {
        "Xã Hòa Phú": {
            "state": "Hà Nội",
            "city": "Xã Hòa Phú",
            "ward": "Xã Hòa Phú"
        }
    },
    "Xã Hòa Xá": {
        "Xã Hòa Xá": {
            "state": "Hà Nội",
            "city": "Xã Hòa Xá",
            "ward": "Xã Hòa Xá"
        }
    },
    "Xã Hưng Đạo": {
        "Xã Hưng Đạo": {
            "state": "Hà Nội",
            "city": "Xã Hưng Đạo",
            "ward": "Xã Hưng Đạo"
        }
    },
    "Xã Hương Sơn": {
        "Xã Hương Sơn": {
            "state": "Hà Nội",
            "city": "Xã Hương Sơn",
            "ward": "Xã Hương Sơn"
        }
    },
    "Xã Hạ Bằng": {
        "Xã Hạ Bằng": {
            "state": "Hà Nội",
            "city": "Xã Hạ Bằng",
            "ward": "Xã Hạ Bằng"
        }
    },
    "Xã Hồng Sơn": {
        "Xã Hồng Sơn": {
            "state": "Hà Nội",
            "city": "Xã Hồng Sơn",
            "ward": "Xã Hồng Sơn"
        }
    },
    "Xã Hồng Vân": {
        "Xã Hồng Vân": {
            "state": "Hà Nội",
            "city": "Xã Hồng Vân",
            "ward": "Xã Hồng Vân"
        }
    },
    "Xã Kim Anh": {
        "Xã Kim Anh": {
            "state": "Hà Nội",
            "city": "Xã Kim Anh",
            "ward": "Xã Kim Anh"
        }
    },
    "Xã Kiều Phú": {
        "Xã Kiều Phú": {
            "state": "Hà Nội",
            "city": "Xã Kiều Phú",
            "ward": "Xã Kiều Phú"
        }
    },
    "Xã Liên Minh": {
        "Xã Liên Minh": {
            "state": "Hà Nội",
            "city": "Xã Liên Minh",
            "ward": "Xã Liên Minh"
        }
    },
    "Xã Minh Châu": {
        "Xã Minh Châu": {
            "state": "Hà Nội",
            "city": "Xã Minh Châu",
            "ward": "Xã Minh Châu"
        }
    },
    "Xã Mê Linh": {
        "Xã Mê Linh": {
            "state": "Hà Nội",
            "city": "Xã Mê Linh",
            "ward": "Xã Mê Linh"
        }
    },
    "Xã Mỹ Đức": {
        "Xã Mỹ Đức": {
            "state": "Hà Nội",
            "city": "Xã Mỹ Đức",
            "ward": "Xã Mỹ Đức"
        }
    },
    "Xã Nam Phù": {
        "Xã Nam Phù": {
            "state": "Hà Nội",
            "city": "Xã Nam Phù",
            "ward": "Xã Nam Phù"
        }
    },
    "Xã Ngọc Hồi": {
        "Xã Ngọc Hồi": {
            "state": "Hà Nội",
            "city": "Xã Ngọc Hồi",
            "ward": "Xã Ngọc Hồi"
        }
    },
    "Xã Nội Bài": {
        "Xã Nội Bài": {
            "state": "Hà Nội",
            "city": "Xã Nội Bài",
            "ward": "Xã Nội Bài"
        }
    },
    "Xã Phù Đổng": {
        "Xã Phù Đổng": {
            "state": "Hà Nội",
            "city": "Xã Phù Đổng",
            "ward": "Xã Phù Đổng"
        }
    },
    "Xã Phú Cát": {
        "Xã Phú Cát": {
            "state": "Hà Nội",
            "city": "Xã Phú Cát",
            "ward": "Xã Phú Cát"
        }
    },
    "Xã Phú Nghĩa": {
        "Xã Phú Nghĩa": {
            "state": "Hà Nội",
            "city": "Xã Phú Nghĩa",
            "ward": "Xã Phú Nghĩa"
        }
    },
    "Xã Phú Xuyên": {
        "Xã Phú Xuyên": {
            "state": "Hà Nội",
            "city": "Xã Phú Xuyên",
            "ward": "Xã Phú Xuyên"
        }
    },
    "Xã Phúc Lộc": {
        "Xã Phúc Lộc": {
            "state": "Hà Nội",
            "city": "Xã Phúc Lộc",
            "ward": "Xã Phúc Lộc"
        }
    },
    "Xã Phúc Sơn": {
        "Xã Phúc Sơn": {
            "state": "Hà Nội",
            "city": "Xã Phúc Sơn",
            "ward": "Xã Phúc Sơn"
        }
    },
    "Xã Phúc Thịnh": {
        "Xã Phúc Thịnh": {
            "state": "Hà Nội",
            "city": "Xã Phúc Thịnh",
            "ward": "Xã Phúc Thịnh"
        }
    },
    "Xã Phúc Thọ": {
        "Xã Phúc Thọ": {
            "state": "Hà Nội",
            "city": "Xã Phúc Thọ",
            "ward": "Xã Phúc Thọ"
        }
    },
    "Xã Phượng Dực": {
        "Xã Phượng Dực": {
            "state": "Hà Nội",
            "city": "Xã Phượng Dực",
            "ward": "Xã Phượng Dực"
        }
    },
    "Xã Quang Minh": {
        "Xã Quang Minh": {
            "state": "Hà Nội",
            "city": "Xã Quang Minh",
            "ward": "Xã Quang Minh"
        }
    },
    "Xã Quảng Bị": {
        "Xã Quảng Bị": {
            "state": "Hà Nội",
            "city": "Xã Quảng Bị",
            "ward": "Xã Quảng Bị"
        }
    },
    "Xã Quảng Oai": {
        "Xã Quảng Oai": {
            "state": "Hà Nội",
            "city": "Xã Quảng Oai",
            "ward": "Xã Quảng Oai"
        }
    },
    "Xã Quốc Oai": {
        "Xã Quốc Oai": {
            "state": "Hà Nội",
            "city": "Xã Quốc Oai",
            "ward": "Xã Quốc Oai"
        }
    },
    "Xã Suối Hai": {
        "Xã Suối Hai": {
            "state": "Hà Nội",
            "city": "Xã Suối Hai",
            "ward": "Xã Suối Hai"
        }
    },
    "Xã Sóc Sơn": {
        "Xã Sóc Sơn": {
            "state": "Hà Nội",
            "city": "Xã Sóc Sơn",
            "ward": "Xã Sóc Sơn"
        }
    },
    "Xã Sơn Đồng": {
        "Xã Sơn Đồng": {
            "state": "Hà Nội",
            "city": "Xã Sơn Đồng",
            "ward": "Xã Sơn Đồng"
        }
    },
    "Xã Tam Hưng": {
        "Xã Tam Hưng": {
            "state": "Hà Nội",
            "city": "Xã Tam Hưng",
            "ward": "Xã Tam Hưng"
        }
    },
    "Xã Thanh Oai": {
        "Xã Thanh Oai": {
            "state": "Hà Nội",
            "city": "Xã Thanh Oai",
            "ward": "Xã Thanh Oai"
        }
    },
    "Xã Thanh Trì": {
        "Xã Thanh Trì": {
            "state": "Hà Nội",
            "city": "Xã Thanh Trì",
            "ward": "Xã Thanh Trì"
        }
    },
    "Xã Thiên Lộc": {
        "Xã Thiên Lộc": {
            "state": "Hà Nội",
            "city": "Xã Thiên Lộc",
            "ward": "Xã Thiên Lộc"
        }
    },
    "Xã Thuận An": {
        "Xã Thuận An": {
            "state": "Hà Nội",
            "city": "Xã Thuận An",
            "ward": "Xã Thuận An"
        }
    },
    "Xã Thư Lâm": {
        "Xã Thư Lâm": {
            "state": "Hà Nội",
            "city": "Xã Thư Lâm",
            "ward": "Xã Thư Lâm"
        }
    },
    "Xã Thường Tín": {
        "Xã Thường Tín": {
            "state": "Hà Nội",
            "city": "Xã Thường Tín",
            "ward": "Xã Thường Tín"
        }
    },
    "Xã Thượng Phúc": {
        "Xã Thượng Phúc": {
            "state": "Hà Nội",
            "city": "Xã Thượng Phúc",
            "ward": "Xã Thượng Phúc"
        }
    },
    "Xã Thạch Thất": {
        "Xã Thạch Thất": {
            "state": "Hà Nội",
            "city": "Xã Thạch Thất",
            "ward": "Xã Thạch Thất"
        }
    },
    "Xã Tiến Thắng": {
        "Xã Tiến Thắng": {
            "state": "Hà Nội",
            "city": "Xã Tiến Thắng",
            "ward": "Xã Tiến Thắng"
        }
    },
    "Xã Trung Giã": {
        "Xã Trung Giã": {
            "state": "Hà Nội",
            "city": "Xã Trung Giã",
            "ward": "Xã Trung Giã"
        }
    },
    "Xã Trần Phú": {
        "Xã Trần Phú": {
            "state": "Hà Nội",
            "city": "Xã Trần Phú",
            "ward": "Xã Trần Phú"
        }
    },
    "Xã Tây Phương": {
        "Xã Tây Phương": {
            "state": "Hà Nội",
            "city": "Xã Tây Phương",
            "ward": "Xã Tây Phương"
        }
    },
    "Xã Vân Đình": {
        "Xã Vân Đình": {
            "state": "Hà Nội",
            "city": "Xã Vân Đình",
            "ward": "Xã Vân Đình"
        }
    },
    "Xã Vĩnh Thanh": {
        "Xã Vĩnh Thanh": {
            "state": "Hà Nội",
            "city": "Xã Vĩnh Thanh",
            "ward": "Xã Vĩnh Thanh"
        }
    },
    "Xã Vật Lại": {
        "Xã Vật Lại": {
            "state": "Hà Nội",
            "city": "Xã Vật Lại",
            "ward": "Xã Vật Lại"
        }
    },
    "Xã Xuân Mai": {
        "Xã Xuân Mai": {
            "state": "Hà Nội",
            "city": "Xã Xuân Mai",
            "ward": "Xã Xuân Mai"
        }
    },
    "Xã Yên Bài": {
        "Xã Yên Bài": {
            "state": "Hà Nội",
            "city": "Xã Yên Bài",
            "ward": "Xã Yên Bài"
        }
    },
    "Xã Yên Lãng": {
        "Xã Yên Lãng": {
            "state": "Hà Nội",
            "city": "Xã Yên Lãng",
            "ward": "Xã Yên Lãng"
        }
    },
    "Xã Yên Xuân": {
        "Xã Yên Xuân": {
            "state": "Hà Nội",
            "city": "Xã Yên Xuân",
            "ward": "Xã Yên Xuân"
        }
    },
    "Xã Ô Diên": {
        "Xã Ô Diên": {
            "state": "Hà Nội",
            "city": "Xã Ô Diên",
            "ward": "Xã Ô Diên"
        }
    },
    "Xã Đa Phúc": {
        "Xã Đa Phúc": {
            "state": "Hà Nội",
            "city": "Xã Đa Phúc",
            "ward": "Xã Đa Phúc"
        }
    },
    "Xã Đan Phượng": {
        "Xã Đan Phượng": {
            "state": "Hà Nội",
            "city": "Xã Đan Phượng",
            "ward": "Xã Đan Phượng"
        }
    },
    "Xã Đoài Phương": {
        "Xã Đoài Phương": {
            "state": "Hà Nội",
            "city": "Xã Đoài Phương",
            "ward": "Xã Đoài Phương"
        }
    },
    "Xã Đông Anh": {
        "Xã Đông Anh": {
            "state": "Hà Nội",
            "city": "Xã Đông Anh",
            "ward": "Xã Đông Anh"
        }
    },
    "Xã Đại Thanh": {
        "Xã Đại Thanh": {
            "state": "Hà Nội",
            "city": "Xã Đại Thanh",
            "ward": "Xã Đại Thanh"
        }
    },
    "Xã Đại Xuyên": {
        "Xã Đại Xuyên": {
            "state": "Hà Nội",
            "city": "Xã Đại Xuyên",
            "ward": "Xã Đại Xuyên"
        }
    },
    "Xã Ứng Hòa": {
        "Xã Ứng Hòa": {
            "state": "Hà Nội",
            "city": "Xã Ứng Hòa",
            "ward": "Xã Ứng Hòa"
        }
    },
    "Xã Ứng Thiên": {
        "Xã Ứng Thiên": {
            "state": "Hà Nội",
            "city": "Xã Ứng Thiên",
            "ward": "Xã Ứng Thiên"
        }
    }
}