{
    "Phường Bắc Hồng Lĩnh": {
        "Phường Bắc Hồng Lĩnh": {
            "state": "Hà Tĩnh",
            "city": "Phường Bắc Hồng Lĩnh",
            "ward": "Phường Bắc Hồng Lĩnh"
        }
    },
    "Phường Hoành Sơn": {
        "Phường Hoành Sơn": {
            "state": "Hà Tĩnh",
            "city": "Phường Hoành Sơn",
            "ward": "Phường Hoành Sơn"
        }
    },
    "Phường Hà Huy Tập": {
        "Phường Hà Huy Tập": {
            "state": "Hà Tĩnh",
            "city": "Phường Hà Huy Tập",
            "ward": "Phường Hà Huy Tập"
        }
    },
    "Phường Hải Ninh": {
        "Phường Hải Ninh": {
            "state": "Hà Tĩnh",
            "city": "Phường Hải Ninh",
            "ward": "Phường Hải Ninh"
        }
    },
    "Phường Nam Hồng Lĩnh": {
        "Phường Nam Hồng Lĩnh": {
            "state": "Hà Tĩnh",
            "city": "Phường Nam Hồng Lĩnh",
            "ward": "Phường Nam Hồng Lĩnh"
        }
    },
    "Phường Sông Trí": {
        "Phường Sông Trí": {
            "state": "Hà Tĩnh",
            "city": "Phường Sông Trí",
            "ward": "Phường Sông Trí"
        }
    },
    "Phường Thành Sen": {
        "Phường Thành Sen": {
            "state": "Hà Tĩnh",
            "city": "Phường Thành Sen",
            "ward": "Phường Thành Sen"
        }
    },
    "Phường Trần Phú": {
        "Phường Trần Phú": {
            "state": "Hà Tĩnh",
            "city": "Phường Trần Phú",
            "ward": "Phường Trần Phú"
        }
    },
    "Phường Vũng Áng": {
        "Phường Vũng Áng": {
            "state": "Hà Tĩnh",
            "city": "Phường Vũng Áng",
            "ward": "Phường Vũng Áng"
        }
    },
    "Xã Can Lộc": {
        "Xã Can Lộc": {
            "state": "Hà Tĩnh",
            "city": "Xã Can Lộc",
            "ward": "Xã Can Lộc"
        }
    },
    "Xã Cẩm Bình": {
        "Xã Cẩm Bình": {
            "state": "Hà Tĩnh",
            "city": "Xã Cẩm Bình",
            "ward": "Xã Cẩm Bình"
        }
    },
    "Xã Cẩm Duệ": {
        "Xã Cẩm Duệ": {
            "state": "Hà Tĩnh",
            "city": "Xã Cẩm Duệ",
            "ward": "Xã Cẩm Duệ"
        }
    },
    "Xã Cẩm Hưng": {
        "Xã Cẩm Hưng": {
            "state": "Hà Tĩnh",
            "city": "Xã Cẩm Hưng",
            "ward": "Xã Cẩm Hưng"
        }
    },
    "Xã Cẩm Lạc": {
        "Xã Cẩm Lạc": {
            "state": "Hà Tĩnh",
            "city": "Xã Cẩm Lạc",
            "ward": "Xã Cẩm Lạc"
        }
    },
    "Xã Cẩm Trung": {
        "Xã Cẩm Trung": {
            "state": "Hà Tĩnh",
            "city": "Xã Cẩm Trung",
            "ward": "Xã Cẩm Trung"
        }
    },
    "Xã Cẩm Xuyên": {
        "Xã Cẩm Xuyên": {
            "state": "Hà Tĩnh",
            "city": "Xã Cẩm Xuyên",
            "ward": "Xã Cẩm Xuyên"
        }
    },
    "Xã Cổ Đạm": {
        "Xã Cổ Đạm": {
            "state": "Hà Tĩnh",
            "city": "Xã Cổ Đạm",
            "ward": "Xã Cổ Đạm"
        }
    },
    "Xã Gia Hanh": {
        "Xã Gia Hanh": {
            "state": "Hà Tĩnh",
            "city": "Xã Gia Hanh",
            "ward": "Xã Gia Hanh"
        }
    },
    "Xã Hà Linh": {
        "Xã Hà Linh": {
            "state": "Hà Tĩnh",
            "city": "Xã Hà Linh",
            "ward": "Xã Hà Linh"
        }
    },
    "Xã Hương Bình": {
        "Xã Hương Bình": {
            "state": "Hà Tĩnh",
            "city": "Xã Hương Bình",
            "ward": "Xã Hương Bình"
        }
    },
    "Xã Hương Khê": {
        "Xã Hương Khê": {
            "state": "Hà Tĩnh",
            "city": "Xã Hương Khê",
            "ward": "Xã Hương Khê"
        }
    },
    "Xã Hương Phố": {
        "Xã Hương Phố": {
            "state": "Hà Tĩnh",
            "city": "Xã Hương Phố",
            "ward": "Xã Hương Phố"
        }
    },
    "Xã Hương Sơn": {
        "Xã Hương Sơn": {
            "state": "Hà Tĩnh",
            "city": "Xã Hương Sơn",
            "ward": "Xã Hương Sơn"
        }
    },
    "Xã Hương Xuân": {
        "Xã Hương Xuân": {
            "state": "Hà Tĩnh",
            "city": "Xã Hương Xuân",
            "ward": "Xã Hương Xuân"
        }
    },
    "Xã Hương Đô": {
        "Xã Hương Đô": {
            "state": "Hà Tĩnh",
            "city": "Xã Hương Đô",
            "ward": "Xã Hương Đô"
        }
    },
    "Xã Hồng Lộc": {
        "Xã Hồng Lộc": {
            "state": "Hà Tĩnh",
            "city": "Xã Hồng Lộc",
            "ward": "Xã Hồng Lộc"
        }
    },
    "Xã Kim Hoa": {
        "Xã Kim Hoa": {
            "state": "Hà Tĩnh",
            "city": "Xã Kim Hoa",
            "ward": "Xã Kim Hoa"
        }
    },
    "Xã Kỳ Anh": {
        "Xã Kỳ Anh": {
            "state": "Hà Tĩnh",
            "city": "Xã Kỳ Anh",
            "ward": "Xã Kỳ Anh"
        }
    },
    "Xã Kỳ Hoa": {
        "Xã Kỳ Hoa": {
            "state": "Hà Tĩnh",
            "city": "Xã Kỳ Hoa",
            "ward": "Xã Kỳ Hoa"
        }
    },
    "Xã Kỳ Khang": {
        "Xã Kỳ Khang": {
            "state": "Hà Tĩnh",
            "city": "Xã Kỳ Khang",
            "ward": "Xã Kỳ Khang"
        }
    },
    "Xã Kỳ Lạc": {
        "Xã Kỳ Lạc": {
            "state": "Hà Tĩnh",
            "city": "Xã Kỳ Lạc",
            "ward": "Xã Kỳ Lạc"
        }
    },
    "Xã Kỳ Thượng": {
        "Xã Kỳ Thượng": {
            "state": "Hà Tĩnh",
            "city": "Xã Kỳ Thượng",
            "ward": "Xã Kỳ Thượng"
        }
    },
    "Xã Kỳ Văn": {
        "Xã Kỳ Văn": {
            "state": "Hà Tĩnh",
            "city": "Xã Kỳ Văn",
            "ward": "Xã Kỳ Văn"
        }
    },
    "Xã Kỳ Xuân": {
        "Xã Kỳ Xuân": {
            "state": "Hà Tĩnh",
            "city": "Xã Kỳ Xuân",
            "ward": "Xã Kỳ Xuân"
        }
    },
    "Xã Lộc Hà": {
        "Xã Lộc Hà": {
            "state": "Hà Tĩnh",
            "city": "Xã Lộc Hà",
            "ward": "Xã Lộc Hà"
        }
    },
    "Xã Mai Hoa": {
        "Xã Mai Hoa": {
            "state": "Hà Tĩnh",
            "city": "Xã Mai Hoa",
            "ward": "Xã Mai Hoa"
        }
    },
    "Xã Mai Phụ": {
        "Xã Mai Phụ": {
            "state": "Hà Tĩnh",
            "city": "Xã Mai Phụ",
            "ward": "Xã Mai Phụ"
        }
    },
    "Xã Nghi Xuân": {
        "Xã Nghi Xuân": {
            "state": "Hà Tĩnh",
            "city": "Xã Nghi Xuân",
            "ward": "Xã Nghi Xuân"
        }
    },
    "Xã Phúc Trạch": {
        "Xã Phúc Trạch": {
            "state": "Hà Tĩnh",
            "city": "Xã Phúc Trạch",
            "ward": "Xã Phúc Trạch"
        }
    },
    "Xã Sơn Giang": {
        "Xã Sơn Giang": {
            "state": "Hà Tĩnh",
            "city": "Xã Sơn Giang",
            "ward": "Xã Sơn Giang"
        }
    },
    "Xã Sơn Hồng": {
        "Xã Sơn Hồng": {
            "state": "Hà Tĩnh",
            "city": "Xã Sơn Hồng",
            "ward": "Xã Sơn Hồng"
        }
    },
    "Xã Sơn Kim 1": {
        "Xã Sơn Kim 1": {
            "state": "Hà Tĩnh",
            "city": "Xã Sơn Kim 1",
            "ward": "Xã Sơn Kim 1"
        }
    },
    "Xã Sơn Kim 2": {
        "Xã Sơn Kim 2": {
            "state": "Hà Tĩnh",
            "city": "Xã Sơn Kim 2",
            "ward": "Xã Sơn Kim 2"
        }
    },
    "Xã Sơn Tiến": {
        "Xã Sơn Tiến": {
            "state": "Hà Tĩnh",
            "city": "Xã Sơn Tiến",
            "ward": "Xã Sơn Tiến"
        }
    },
    "Xã Sơn Tây": {
        "Xã Sơn Tây": {
            "state": "Hà Tĩnh",
            "city": "Xã Sơn Tây",
            "ward": "Xã Sơn Tây"
        }
    },
    "Xã Thiên Cầm": {
        "Xã Thiên Cầm": {
            "state": "Hà Tĩnh",
            "city": "Xã Thiên Cầm",
            "ward": "Xã Thiên Cầm"
        }
    },
    "Xã Thượng Đức": {
        "Xã Thượng Đức": {
            "state": "Hà Tĩnh",
            "city": "Xã Thượng Đức",
            "ward": "Xã Thượng Đức"
        }
    },
    "Xã Thạch Hà": {
        "Xã Thạch Hà": {
            "state": "Hà Tĩnh",
            "city": "Xã Thạch Hà",
            "ward": "Xã Thạch Hà"
        }
    },
    "Xã Thạch Khê": {
        "Xã Thạch Khê": {
            "state": "Hà Tĩnh",
            "city": "Xã Thạch Khê",
            "ward": "Xã Thạch Khê"
        }
    },
    "Xã Thạch Lạc": {
        "Xã Thạch Lạc": {
            "state": "Hà Tĩnh",
            "city": "Xã Thạch Lạc",
            "ward": "Xã Thạch Lạc"
        }
    },
    "Xã Thạch Xuân": {
        "Xã Thạch Xuân": {
            "state": "Hà Tĩnh",
            "city": "Xã Thạch Xuân",
            "ward": "Xã Thạch Xuân"
        }
    },
    "Xã Tiên Điền": {
        "Xã Tiên Điền": {
            "state": "Hà Tĩnh",
            "city": "Xã Tiên Điền",
            "ward": "Xã Tiên Điền"
        }
    },
    "Xã Toàn Lưu": {
        "Xã Toàn Lưu": {
            "state": "Hà Tĩnh",
            "city": "Xã Toàn Lưu",
            "ward": "Xã Toàn Lưu"
        }
    },
    "Xã Trường Lưu": {
        "Xã Trường Lưu": {
            "state": "Hà Tĩnh",
            "city": "Xã Trường Lưu",
            "ward": "Xã Trường Lưu"
        }
    },
    "Xã Tùng Lộc": {
        "Xã Tùng Lộc": {
            "state": "Hà Tĩnh",
            "city": "Xã Tùng Lộc",
            "ward": "Xã Tùng Lộc"
        }
    },
    "Xã Tứ Mỹ": {
        "Xã Tứ Mỹ": {
            "state": "Hà Tĩnh",
            "city": "Xã Tứ Mỹ",
            "ward": "Xã Tứ Mỹ"
        }
    },
    "Xã Việt Xuyên": {
        "Xã Việt Xuyên": {
            "state": "Hà Tĩnh",
            "city": "Xã Việt Xuyên",
            "ward": "Xã Việt Xuyên"
        }
    },
    "Xã Vũ Quang": {
        "Xã Vũ Quang": {
            "state": "Hà Tĩnh",
            "city": "Xã Vũ Quang",
            "ward": "Xã Vũ Quang"
        }
    },
    "Xã Xuân Lộc": {
        "Xã Xuân Lộc": {
            "state": "Hà Tĩnh",
            "city": "Xã Xuân Lộc",
            "ward": "Xã Xuân Lộc"
        }
    },
    "Xã Yên Hòa": {
        "Xã Yên Hòa": {
            "state": "Hà Tĩnh",
            "city": "Xã Yên Hòa",
            "ward": "Xã Yên Hòa"
        }
    },
    "Xã Đan Hải": {
        "Xã Đan Hải": {
            "state": "Hà Tĩnh",
            "city": "Xã Đan Hải",
            "ward": "Xã Đan Hải"
        }
    },
    "Xã Đông Kinh": {
        "Xã Đông Kinh": {
            "state": "Hà Tĩnh",
            "city": "Xã Đông Kinh",
            "ward": "Xã Đông Kinh"
        }
    },
    "Xã Đồng Lộc": {
        "Xã Đồng Lộc": {
            "state": "Hà Tĩnh",
            "city": "Xã Đồng Lộc",
            "ward": "Xã Đồng Lộc"
        }
    },
    "Xã Đồng Tiến": {
        "Xã Đồng Tiến": {
            "state": "Hà Tĩnh",
            "city": "Xã Đồng Tiến",
            "ward": "Xã Đồng Tiến"
        }
    },
    "Xã Đức Minh": {
        "Xã Đức Minh": {
            "state": "Hà Tĩnh",
            "city": "Xã Đức Minh",
            "ward": "Xã Đức Minh"
        }
    },
    "Xã Đức Quang": {
        "Xã Đức Quang": {
            "state": "Hà Tĩnh",
            "city": "Xã Đức Quang",
            "ward": "Xã Đức Quang"
        }
    },
    "Xã Đức Thịnh": {
        "Xã Đức Thịnh": {
            "state": "Hà Tĩnh",
            "city": "Xã Đức Thịnh",
            "ward": "Xã Đức Thịnh"
        }
    },
    "Xã Đức Thọ": {
        "Xã Đức Thọ": {
            "state": "Hà Tĩnh",
            "city": "Xã Đức Thọ",
            "ward": "Xã Đức Thọ"
        }
    },
    "Xã Đức Đồng": {
        "Xã Đức Đồng": {
            "state": "Hà Tĩnh",
            "city": "Xã Đức Đồng",
            "ward": "Xã Đức Đồng"
        }
    }
}