{
    "Đặc khu Côn Đảo": {
        "Đặc khu Côn Đảo": {
            "state": "Hồ Chí Minh",
            "city": "Đặc khu Côn Đảo",
            "ward": "Đặc khu Côn Đảo"
        }
    },
    "Phường An Hội Tây": {
        "Phường An Hội Tây": {
            "state": "Hồ Chí Minh",
            "city": "Phường An Hội Tây",
            "ward": "Phường An Hội Tây"
        }
    },
    "Phường An Hội Đông": {
        "Phường An Hội Đông": {
            "state": "Hồ Chí Minh",
            "city": "Phường An Hội Đông",
            "ward": "Phường An Hội Đông"
        }
    },
    "Phường An Khánh": {
        "Phường An Khánh": {
            "state": "Hồ Chí Minh",
            "city": "Phường An Khánh",
            "ward": "Phường An Khánh"
        }
    },
    "Phường An Lạc": {
        "Phường An Lạc": {
            "state": "Hồ Chí Minh",
            "city": "Phường An Lạc",
            "ward": "Phường An Lạc"
        }
    },
    "Phường An Nhơn": {
        "Phường An Nhơn": {
            "state": "Hồ Chí Minh",
            "city": "Phường An Nhơn",
            "ward": "Phường An Nhơn"
        }
    },
    "Phường An Phú": {
        "Phường An Phú": {
            "state": "Hồ Chí Minh",
            "city": "Phường An Phú",
            "ward": "Phường An Phú"
        }
    },
    "Phường An Phú Đông": {
        "Phường An Phú Đông": {
            "state": "Hồ Chí Minh",
            "city": "Phường An Phú Đông",
            "ward": "Phường An Phú Đông"
        }
    },
    "Phường An Đông": {
        "Phường An Đông": {
            "state": "Hồ Chí Minh",
            "city": "Phường An Đông",
            "ward": "Phường An Đông"
        }
    },
    "Phường Bà Rịa": {
        "Phường Bà Rịa": {
            "state": "Hồ Chí Minh",
            "city": "Phường Bà Rịa",
            "ward": "Phường Bà Rịa"
        }
    },
    "Phường Bàn Cờ": {
        "Phường Bàn Cờ": {
            "state": "Hồ Chí Minh",
            "city": "Phường Bàn Cờ",
            "ward": "Phường Bàn Cờ"
        }
    },
    "Phường Bình Cơ": {
        "Phường Bình Cơ": {
            "state": "Hồ Chí Minh",
            "city": "Phường Bình Cơ",
            "ward": "Phường Bình Cơ"
        }
    },
    "Phường Bình Dương": {
        "Phường Bình Dương": {
            "state": "Hồ Chí Minh",
            "city": "Phường Bình Dương",
            "ward": "Phường Bình Dương"
        }
    },
    "Phường Bình Hòa": {
        "Phường Bình Hòa": {
            "state": "Hồ Chí Minh",
            "city": "Phường Bình Hòa",
            "ward": "Phường Bình Hòa"
        }
    },
    "Phường Bình Hưng Hòa": {
        "Phường Bình Hưng Hòa": {
            "state": "Hồ Chí Minh",
            "city": "Phường Bình Hưng Hòa",
            "ward": "Phường Bình Hưng Hòa"
        }
    },
    "Phường Bình Lợi Trung": {
        "Phường Bình Lợi Trung": {
            "state": "Hồ Chí Minh",
            "city": "Phường Bình Lợi Trung",
            "ward": "Phường Bình Lợi Trung"
        }
    },
    "Phường Bình Phú": {
        "Phường Bình Phú": {
            "state": "Hồ Chí Minh",
            "city": "Phường Bình Phú",
            "ward": "Phường Bình Phú"
        }
    },
    "Phường Bình Quới": {
        "Phường Bình Quới": {
            "state": "Hồ Chí Minh",
            "city": "Phường Bình Quới",
            "ward": "Phường Bình Quới"
        }
    },
    "Phường Bình Thạnh": {
        "Phường Bình Thạnh": {
            "state": "Hồ Chí Minh",
            "city": "Phường Bình Thạnh",
            "ward": "Phường Bình Thạnh"
        }
    },
    "Phường Bình Thới": {
        "Phường Bình Thới": {
            "state": "Hồ Chí Minh",
            "city": "Phường Bình Thới",
            "ward": "Phường Bình Thới"
        }
    },
    "Phường Bình Tiên": {
        "Phường Bình Tiên": {
            "state": "Hồ Chí Minh",
            "city": "Phường Bình Tiên",
            "ward": "Phường Bình Tiên"
        }
    },
    "Phường Bình Trưng": {
        "Phường Bình Trưng": {
            "state": "Hồ Chí Minh",
            "city": "Phường Bình Trưng",
            "ward": "Phường Bình Trưng"
        }
    },
    "Phường Bình Trị Đông": {
        "Phường Bình Trị Đông": {
            "state": "Hồ Chí Minh",
            "city": "Phường Bình Trị Đông",
            "ward": "Phường Bình Trị Đông"
        }
    },
    "Phường Bình Tân": {
        "Phường Bình Tân": {
            "state": "Hồ Chí Minh",
            "city": "Phường Bình Tân",
            "ward": "Phường Bình Tân"
        }
    },
    "Phường Bình Tây": {
        "Phường Bình Tây": {
            "state": "Hồ Chí Minh",
            "city": "Phường Bình Tây",
            "ward": "Phường Bình Tây"
        }
    },
    "Phường Bình Đông": {
        "Phường Bình Đông": {
            "state": "Hồ Chí Minh",
            "city": "Phường Bình Đông",
            "ward": "Phường Bình Đông"
        }
    },
    "Phường Bảy Hiền": {
        "Phường Bảy Hiền": {
            "state": "Hồ Chí Minh",
            "city": "Phường Bảy Hiền",
            "ward": "Phường Bảy Hiền"
        }
    },
    "Phường Bến Cát": {
        "Phường Bến Cát": {
            "state": "Hồ Chí Minh",
            "city": "Phường Bến Cát",
            "ward": "Phường Bến Cát"
        }
    },
    "Phường Bến Thành": {
        "Phường Bến Thành": {
            "state": "Hồ Chí Minh",
            "city": "Phường Bến Thành",
            "ward": "Phường Bến Thành"
        }
    },
    "Phường Chánh Hiệp": {
        "Phường Chánh Hiệp": {
            "state": "Hồ Chí Minh",
            "city": "Phường Chánh Hiệp",
            "ward": "Phường Chánh Hiệp"
        }
    },
    "Phường Chánh Hưng": {
        "Phường Chánh Hưng": {
            "state": "Hồ Chí Minh",
            "city": "Phường Chánh Hưng",
            "ward": "Phường Chánh Hưng"
        }
    },
    "Phường Chánh Phú Hòa": {
        "Phường Chánh Phú Hòa": {
            "state": "Hồ Chí Minh",
            "city": "Phường Chánh Phú Hòa",
            "ward": "Phường Chánh Phú Hòa"
        }
    },
    "Phường Chợ Lớn": {
        "Phường Chợ Lớn": {
            "state": "Hồ Chí Minh",
            "city": "Phường Chợ Lớn",
            "ward": "Phường Chợ Lớn"
        }
    },
    "Phường Chợ Quán": {
        "Phường Chợ Quán": {
            "state": "Hồ Chí Minh",
            "city": "Phường Chợ Quán",
            "ward": "Phường Chợ Quán"
        }
    },
    "Phường Cát Lái": {
        "Phường Cát Lái": {
            "state": "Hồ Chí Minh",
            "city": "Phường Cát Lái",
            "ward": "Phường Cát Lái"
        }
    },
    "Phường Cầu Kiệu": {
        "Phường Cầu Kiệu": {
            "state": "Hồ Chí Minh",
            "city": "Phường Cầu Kiệu",
            "ward": "Phường Cầu Kiệu"
        }
    },
    "Phường Cầu Ông Lãnh": {
        "Phường Cầu Ông Lãnh": {
            "state": "Hồ Chí Minh",
            "city": "Phường Cầu Ông Lãnh",
            "ward": "Phường Cầu Ông Lãnh"
        }
    },
    "Phường Diên Hồng": {
        "Phường Diên Hồng": {
            "state": "Hồ Chí Minh",
            "city": "Phường Diên Hồng",
            "ward": "Phường Diên Hồng"
        }
    },
    "Phường Dĩ An": {
        "Phường Dĩ An": {
            "state": "Hồ Chí Minh",
            "city": "Phường Dĩ An",
            "ward": "Phường Dĩ An"
        }
    },
    "Phường Gia Định": {
        "Phường Gia Định": {
            "state": "Hồ Chí Minh",
            "city": "Phường Gia Định",
            "ward": "Phường Gia Định"
        }
    },
    "Phường Gò Vấp": {
        "Phường Gò Vấp": {
            "state": "Hồ Chí Minh",
            "city": "Phường Gò Vấp",
            "ward": "Phường Gò Vấp"
        }
    },
    "Phường Hiệp Bình": {
        "Phường Hiệp Bình": {
            "state": "Hồ Chí Minh",
            "city": "Phường Hiệp Bình",
            "ward": "Phường Hiệp Bình"
        }
    },
    "Phường Hòa Bình": {
        "Phường Hòa Bình": {
            "state": "Hồ Chí Minh",
            "city": "Phường Hòa Bình",
            "ward": "Phường Hòa Bình"
        }
    },
    "Phường Hòa Hưng": {
        "Phường Hòa Hưng": {
            "state": "Hồ Chí Minh",
            "city": "Phường Hòa Hưng",
            "ward": "Phường Hòa Hưng"
        }
    },
    "Phường Hòa Lợi": {
        "Phường Hòa Lợi": {
            "state": "Hồ Chí Minh",
            "city": "Phường Hòa Lợi",
            "ward": "Phường Hòa Lợi"
        }
    },
    "Phường Hạnh Thông": {
        "Phường Hạnh Thông": {
            "state": "Hồ Chí Minh",
            "city": "Phường Hạnh Thông",
            "ward": "Phường Hạnh Thông"
        }
    },
    "Phường Khánh Hội": {
        "Phường Khánh Hội": {
            "state": "Hồ Chí Minh",
            "city": "Phường Khánh Hội",
            "ward": "Phường Khánh Hội"
        }
    },
    "Phường Linh Xuân": {
        "Phường Linh Xuân": {
            "state": "Hồ Chí Minh",
            "city": "Phường Linh Xuân",
            "ward": "Phường Linh Xuân"
        }
    },
    "Phường Long Bình": {
        "Phường Long Bình": {
            "state": "Hồ Chí Minh",
            "city": "Phường Long Bình",
            "ward": "Phường Long Bình"
        }
    },
    "Phường Long Hương": {
        "Phường Long Hương": {
            "state": "Hồ Chí Minh",
            "city": "Phường Long Hương",
            "ward": "Phường Long Hương"
        }
    },
    "Phường Long Nguyên": {
        "Phường Long Nguyên": {
            "state": "Hồ Chí Minh",
            "city": "Phường Long Nguyên",
            "ward": "Phường Long Nguyên"
        }
    },
    "Phường Long Phước": {
        "Phường Long Phước": {
            "state": "Hồ Chí Minh",
            "city": "Phường Long Phước",
            "ward": "Phường Long Phước"
        }
    },
    "Phường Long Trường": {
        "Phường Long Trường": {
            "state": "Hồ Chí Minh",
            "city": "Phường Long Trường",
            "ward": "Phường Long Trường"
        }
    },
    "Phường Lái Thiêu": {
        "Phường Lái Thiêu": {
            "state": "Hồ Chí Minh",
            "city": "Phường Lái Thiêu",
            "ward": "Phường Lái Thiêu"
        }
    },
    "Phường Minh Phụng": {
        "Phường Minh Phụng": {
            "state": "Hồ Chí Minh",
            "city": "Phường Minh Phụng",
            "ward": "Phường Minh Phụng"
        }
    },
    "Phường Nhiêu Lộc": {
        "Phường Nhiêu Lộc": {
            "state": "Hồ Chí Minh",
            "city": "Phường Nhiêu Lộc",
            "ward": "Phường Nhiêu Lộc"
        }
    },
    "Phường Phú An": {
        "Phường Phú An": {
            "state": "Hồ Chí Minh",
            "city": "Phường Phú An",
            "ward": "Phường Phú An"
        }
    },
    "Phường Phú Lâm": {
        "Phường Phú Lâm": {
            "state": "Hồ Chí Minh",
            "city": "Phường Phú Lâm",
            "ward": "Phường Phú Lâm"
        }
    },
    "Phường Phú Lợi": {
        "Phường Phú Lợi": {
            "state": "Hồ Chí Minh",
            "city": "Phường Phú Lợi",
            "ward": "Phường Phú Lợi"
        }
    },
    "Phường Phú Mỹ": {
        "Phường Phú Mỹ": {
            "state": "Hồ Chí Minh",
            "city": "Phường Phú Mỹ",
            "ward": "Phường Phú Mỹ"
        }
    },
    "Phường Phú Nhuận": {
        "Phường Phú Nhuận": {
            "state": "Hồ Chí Minh",
            "city": "Phường Phú Nhuận",
            "ward": "Phường Phú Nhuận"
        }
    },
    "Phường Phú Thuận": {
        "Phường Phú Thuận": {
            "state": "Hồ Chí Minh",
            "city": "Phường Phú Thuận",
            "ward": "Phường Phú Thuận"
        }
    },
    "Phường Phú Thạnh": {
        "Phường Phú Thạnh": {
            "state": "Hồ Chí Minh",
            "city": "Phường Phú Thạnh",
            "ward": "Phường Phú Thạnh"
        }
    },
    "Phường Phú Thọ": {
        "Phường Phú Thọ": {
            "state": "Hồ Chí Minh",
            "city": "Phường Phú Thọ",
            "ward": "Phường Phú Thọ"
        }
    },
    "Phường Phú Thọ Hòa": {
        "Phường Phú Thọ Hòa": {
            "state": "Hồ Chí Minh",
            "city": "Phường Phú Thọ Hòa",
            "ward": "Phường Phú Thọ Hòa"
        }
    },
    "Phường Phú Định": {
        "Phường Phú Định": {
            "state": "Hồ Chí Minh",
            "city": "Phường Phú Định",
            "ward": "Phường Phú Định"
        }
    },
    "Phường Phước Long": {
        "Phường Phước Long": {
            "state": "Hồ Chí Minh",
            "city": "Phường Phước Long",
            "ward": "Phường Phước Long"
        }
    },
    "Phường Phước Thắng ": {
        "Phường Phước Thắng ": {
            "state": "Hồ Chí Minh",
            "city": "Phường Phước Thắng ",
            "ward": "Phường Phước Thắng "
        }
    },
    "Phường Rạch Dừa ": {
        "Phường Rạch Dừa ": {
            "state": "Hồ Chí Minh",
            "city": "Phường Rạch Dừa ",
            "ward": "Phường Rạch Dừa "
        }
    },
    "Phường Sài Gòn": {
        "Phường Sài Gòn": {
            "state": "Hồ Chí Minh",
            "city": "Phường Sài Gòn",
            "ward": "Phường Sài Gòn"
        }
    },
    "Phường Tam Bình": {
        "Phường Tam Bình": {
            "state": "Hồ Chí Minh",
            "city": "Phường Tam Bình",
            "ward": "Phường Tam Bình"
        }
    },
    "Phường Tam Long": {
        "Phường Tam Long": {
            "state": "Hồ Chí Minh",
            "city": "Phường Tam Long",
            "ward": "Phường Tam Long"
        }
    },
    "Phường Tam Thắng": {
        "Phường Tam Thắng": {
            "state": "Hồ Chí Minh",
            "city": "Phường Tam Thắng",
            "ward": "Phường Tam Thắng"
        }
    },
    "Phường Thuận An": {
        "Phường Thuận An": {
            "state": "Hồ Chí Minh",
            "city": "Phường Thuận An",
            "ward": "Phường Thuận An"
        }
    },
    "Phường Thuận Giao": {
        "Phường Thuận Giao": {
            "state": "Hồ Chí Minh",
            "city": "Phường Thuận Giao",
            "ward": "Phường Thuận Giao"
        }
    },
    "Phường Thông Tây Hội": {
        "Phường Thông Tây Hội": {
            "state": "Hồ Chí Minh",
            "city": "Phường Thông Tây Hội",
            "ward": "Phường Thông Tây Hội"
        }
    },
    "Phường Thạnh Mỹ Tây": {
        "Phường Thạnh Mỹ Tây": {
            "state": "Hồ Chí Minh",
            "city": "Phường Thạnh Mỹ Tây",
            "ward": "Phường Thạnh Mỹ Tây"
        }
    },
    "Phường Thới An": {
        "Phường Thới An": {
            "state": "Hồ Chí Minh",
            "city": "Phường Thới An",
            "ward": "Phường Thới An"
        }
    },
    "Phường Thới Hòa": {
        "Phường Thới Hòa": {
            "state": "Hồ Chí Minh",
            "city": "Phường Thới Hòa",
            "ward": "Phường Thới Hòa"
        }
    },
    "Phường Thủ Dầu Một": {
        "Phường Thủ Dầu Một": {
            "state": "Hồ Chí Minh",
            "city": "Phường Thủ Dầu Một",
            "ward": "Phường Thủ Dầu Một"
        }
    },
    "Phường Thủ Đức": {
        "Phường Thủ Đức": {
            "state": "Hồ Chí Minh",
            "city": "Phường Thủ Đức",
            "ward": "Phường Thủ Đức"
        }
    },
    "Phường Trung Mỹ Tây": {
        "Phường Trung Mỹ Tây": {
            "state": "Hồ Chí Minh",
            "city": "Phường Trung Mỹ Tây",
            "ward": "Phường Trung Mỹ Tây"
        }
    },
    "Phường Tân Bình": {
        "Phường Tân Bình": {
            "state": "Hồ Chí Minh",
            "city": "Phường Tân Bình",
            "ward": "Phường Tân Bình"
        }
    },
    "Phường Tân Hiệp": {
        "Phường Tân Hiệp": {
            "state": "Hồ Chí Minh",
            "city": "Phường Tân Hiệp",
            "ward": "Phường Tân Hiệp"
        }
    },
    "Phường Tân Hòa": {
        "Phường Tân Hòa": {
            "state": "Hồ Chí Minh",
            "city": "Phường Tân Hòa",
            "ward": "Phường Tân Hòa"
        }
    },
    "Phường Tân Hưng": {
        "Phường Tân Hưng": {
            "state": "Hồ Chí Minh",
            "city": "Phường Tân Hưng",
            "ward": "Phường Tân Hưng"
        }
    },
    "Phường Tân Hải": {
        "Phường Tân Hải": {
            "state": "Hồ Chí Minh",
            "city": "Phường Tân Hải",
            "ward": "Phường Tân Hải"
        }
    },
    "Phường Tân Khánh": {
        "Phường Tân Khánh": {
            "state": "Hồ Chí Minh",
            "city": "Phường Tân Khánh",
            "ward": "Phường Tân Khánh"
        }
    },
    "Phường Tân Mỹ": {
        "Phường Tân Mỹ": {
            "state": "Hồ Chí Minh",
            "city": "Phường Tân Mỹ",
            "ward": "Phường Tân Mỹ"
        }
    },
    "Phường Tân Phú": {
        "Phường Tân Phú": {
            "state": "Hồ Chí Minh",
            "city": "Phường Tân Phú",
            "ward": "Phường Tân Phú"
        }
    },
    "Phường Tân Phước": {
        "Phường Tân Phước": {
            "state": "Hồ Chí Minh",
            "city": "Phường Tân Phước",
            "ward": "Phường Tân Phước"
        }
    },
    "Phường Tân Sơn": {
        "Phường Tân Sơn": {
            "state": "Hồ Chí Minh",
            "city": "Phường Tân Sơn",
            "ward": "Phường Tân Sơn"
        }
    },
    "Phường Tân Sơn Hòa": {
        "Phường Tân Sơn Hòa": {
            "state": "Hồ Chí Minh",
            "city": "Phường Tân Sơn Hòa",
            "ward": "Phường Tân Sơn Hòa"
        }
    },
    "Phường Tân Sơn Nhì": {
        "Phường Tân Sơn Nhì": {
            "state": "Hồ Chí Minh",
            "city": "Phường Tân Sơn Nhì",
            "ward": "Phường Tân Sơn Nhì"
        }
    },
    "Phường Tân Sơn Nhất": {
        "Phường Tân Sơn Nhất": {
            "state": "Hồ Chí Minh",
            "city": "Phường Tân Sơn Nhất",
            "ward": "Phường Tân Sơn Nhất"
        }
    },
    "Phường Tân Thuận": {
        "Phường Tân Thuận": {
            "state": "Hồ Chí Minh",
            "city": "Phường Tân Thuận",
            "ward": "Phường Tân Thuận"
        }
    },
    "Phường Tân Thành": {
        "Phường Tân Thành": {
            "state": "Hồ Chí Minh",
            "city": "Phường Tân Thành",
            "ward": "Phường Tân Thành"
        }
    },
    "Phường Tân Thới Hiệp": {
        "Phường Tân Thới Hiệp": {
            "state": "Hồ Chí Minh",
            "city": "Phường Tân Thới Hiệp",
            "ward": "Phường Tân Thới Hiệp"
        }
    },
    "Phường Tân Tạo": {
        "Phường Tân Tạo": {
            "state": "Hồ Chí Minh",
            "city": "Phường Tân Tạo",
            "ward": "Phường Tân Tạo"
        }
    },
    "Phường Tân Uyên": {
        "Phường Tân Uyên": {
            "state": "Hồ Chí Minh",
            "city": "Phường Tân Uyên",
            "ward": "Phường Tân Uyên"
        }
    },
    "Phường Tân Đông Hiệp": {
        "Phường Tân Đông Hiệp": {
            "state": "Hồ Chí Minh",
            "city": "Phường Tân Đông Hiệp",
            "ward": "Phường Tân Đông Hiệp"
        }
    },
    "Phường Tân Định": {
        "Phường Tân Định": {
            "state": "Hồ Chí Minh",
            "city": "Phường Tân Định",
            "ward": "Phường Tân Định"
        }
    },
    "Phường Tây Nam": {
        "Phường Tây Nam": {
            "state": "Hồ Chí Minh",
            "city": "Phường Tây Nam",
            "ward": "Phường Tây Nam"
        }
    },
    "Phường Tây Thạnh": {
        "Phường Tây Thạnh": {
            "state": "Hồ Chí Minh",
            "city": "Phường Tây Thạnh",
            "ward": "Phường Tây Thạnh"
        }
    },
    "Phường Tăng Nhơn Phú": {
        "Phường Tăng Nhơn Phú": {
            "state": "Hồ Chí Minh",
            "city": "Phường Tăng Nhơn Phú",
            "ward": "Phường Tăng Nhơn Phú"
        }
    },
    "Phường Vĩnh Hội": {
        "Phường Vĩnh Hội": {
            "state": "Hồ Chí Minh",
            "city": "Phường Vĩnh Hội",
            "ward": "Phường Vĩnh Hội"
        }
    },
    "Phường Vĩnh Tân": {
        "Phường Vĩnh Tân": {
            "state": "Hồ Chí Minh",
            "city": "Phường Vĩnh Tân",
            "ward": "Phường Vĩnh Tân"
        }
    },
    "Phường Vũng Tàu ": {
        "Phường Vũng Tàu ": {
            "state": "Hồ Chí Minh",
            "city": "Phường Vũng Tàu ",
            "ward": "Phường Vũng Tàu "
        }
    },
    "Phường Vườn Lài": {
        "Phường Vườn Lài": {
            "state": "Hồ Chí Minh",
            "city": "Phường Vườn Lài",
            "ward": "Phường Vườn Lài"
        }
    },
    "Phường Xuân Hòa": {
        "Phường Xuân Hòa": {
            "state": "Hồ Chí Minh",
            "city": "Phường Xuân Hòa",
            "ward": "Phường Xuân Hòa"
        }
    },
    "Phường Xóm Chiếu": {
        "Phường Xóm Chiếu": {
            "state": "Hồ Chí Minh",
            "city": "Phường Xóm Chiếu",
            "ward": "Phường Xóm Chiếu"
        }
    },
    "Phường Đông Hòa": {
        "Phường Đông Hòa": {
            "state": "Hồ Chí Minh",
            "city": "Phường Đông Hòa",
            "ward": "Phường Đông Hòa"
        }
    },
    "Phường Đông Hưng Thuận": {
        "Phường Đông Hưng Thuận": {
            "state": "Hồ Chí Minh",
            "city": "Phường Đông Hưng Thuận",
            "ward": "Phường Đông Hưng Thuận"
        }
    },
    "Phường Đức Nhuận": {
        "Phường Đức Nhuận": {
            "state": "Hồ Chí Minh",
            "city": "Phường Đức Nhuận",
            "ward": "Phường Đức Nhuận"
        }
    },
    "Xã An Long": {
        "Xã An Long": {
            "state": "Hồ Chí Minh",
            "city": "Xã An Long",
            "ward": "Xã An Long"
        }
    },
    "Xã An Nhơn Tây": {
        "Xã An Nhơn Tây": {
            "state": "Hồ Chí Minh",
            "city": "Xã An Nhơn Tây",
            "ward": "Xã An Nhơn Tây"
        }
    },
    "Xã An Thới Đông": {
        "Xã An Thới Đông": {
            "state": "Hồ Chí Minh",
            "city": "Xã An Thới Đông",
            "ward": "Xã An Thới Đông"
        }
    },
    "Xã Bà Điểm": {
        "Xã Bà Điểm": {
            "state": "Hồ Chí Minh",
            "city": "Xã Bà Điểm",
            "ward": "Xã Bà Điểm"
        }
    },
    "Xã Bàu Bàng": {
        "Xã Bàu Bàng": {
            "state": "Hồ Chí Minh",
            "city": "Xã Bàu Bàng",
            "ward": "Xã Bàu Bàng"
        }
    },
    "Xã Bàu Lâm": {
        "Xã Bàu Lâm": {
            "state": "Hồ Chí Minh",
            "city": "Xã Bàu Lâm",
            "ward": "Xã Bàu Lâm"
        }
    },
    "Xã Bình Chánh": {
        "Xã Bình Chánh": {
            "state": "Hồ Chí Minh",
            "city": "Xã Bình Chánh",
            "ward": "Xã Bình Chánh"
        }
    },
    "Xã Bình Châu": {
        "Xã Bình Châu": {
            "state": "Hồ Chí Minh",
            "city": "Xã Bình Châu",
            "ward": "Xã Bình Châu"
        }
    },
    "Xã Bình Giã": {
        "Xã Bình Giã": {
            "state": "Hồ Chí Minh",
            "city": "Xã Bình Giã",
            "ward": "Xã Bình Giã"
        }
    },
    "Xã Bình Hưng": {
        "Xã Bình Hưng": {
            "state": "Hồ Chí Minh",
            "city": "Xã Bình Hưng",
            "ward": "Xã Bình Hưng"
        }
    },
    "Xã Bình Khánh": {
        "Xã Bình Khánh": {
            "state": "Hồ Chí Minh",
            "city": "Xã Bình Khánh",
            "ward": "Xã Bình Khánh"
        }
    },
    "Xã Bình Lợi": {
        "Xã Bình Lợi": {
            "state": "Hồ Chí Minh",
            "city": "Xã Bình Lợi",
            "ward": "Xã Bình Lợi"
        }
    },
    "Xã Bình Mỹ": {
        "Xã Bình Mỹ": {
            "state": "Hồ Chí Minh",
            "city": "Xã Bình Mỹ",
            "ward": "Xã Bình Mỹ"
        }
    },
    "Xã Bắc Tân Uyên": {
        "Xã Bắc Tân Uyên": {
            "state": "Hồ Chí Minh",
            "city": "Xã Bắc Tân Uyên",
            "ward": "Xã Bắc Tân Uyên"
        }
    },
    "Xã Châu Pha": {
        "Xã Châu Pha": {
            "state": "Hồ Chí Minh",
            "city": "Xã Châu Pha",
            "ward": "Xã Châu Pha"
        }
    },
    "Xã Châu Đức": {
        "Xã Châu Đức": {
            "state": "Hồ Chí Minh",
            "city": "Xã Châu Đức",
            "ward": "Xã Châu Đức"
        }
    },
    "Xã Cần Giờ": {
        "Xã Cần Giờ": {
            "state": "Hồ Chí Minh",
            "city": "Xã Cần Giờ",
            "ward": "Xã Cần Giờ"
        }
    },
    "Xã Củ Chi": {
        "Xã Củ Chi": {
            "state": "Hồ Chí Minh",
            "city": "Xã Củ Chi",
            "ward": "Xã Củ Chi"
        }
    },
    "Xã Dầu Tiếng": {
        "Xã Dầu Tiếng": {
            "state": "Hồ Chí Minh",
            "city": "Xã Dầu Tiếng",
            "ward": "Xã Dầu Tiếng"
        }
    },
    "Xã Hiệp Phước": {
        "Xã Hiệp Phước": {
            "state": "Hồ Chí Minh",
            "city": "Xã Hiệp Phước",
            "ward": "Xã Hiệp Phước"
        }
    },
    "Xã Hòa Hiệp": {
        "Xã Hòa Hiệp": {
            "state": "Hồ Chí Minh",
            "city": "Xã Hòa Hiệp",
            "ward": "Xã Hòa Hiệp"
        }
    },
    "Xã Hòa Hội": {
        "Xã Hòa Hội": {
            "state": "Hồ Chí Minh",
            "city": "Xã Hòa Hội",
            "ward": "Xã Hòa Hội"
        }
    },
    "Xã Hóc Môn": {
        "Xã Hóc Môn": {
            "state": "Hồ Chí Minh",
            "city": "Xã Hóc Môn",
            "ward": "Xã Hóc Môn"
        }
    },
    "Xã Hưng Long": {
        "Xã Hưng Long": {
            "state": "Hồ Chí Minh",
            "city": "Xã Hưng Long",
            "ward": "Xã Hưng Long"
        }
    },
    "Xã Hồ Tràm": {
        "Xã Hồ Tràm": {
            "state": "Hồ Chí Minh",
            "city": "Xã Hồ Tràm",
            "ward": "Xã Hồ Tràm"
        }
    },
    "Xã Kim Long": {
        "Xã Kim Long": {
            "state": "Hồ Chí Minh",
            "city": "Xã Kim Long",
            "ward": "Xã Kim Long"
        }
    },
    "Xã Long Hòa": {
        "Xã Long Hòa": {
            "state": "Hồ Chí Minh",
            "city": "Xã Long Hòa",
            "ward": "Xã Long Hòa"
        }
    },
    "Xã Long Hải": {
        "Xã Long Hải": {
            "state": "Hồ Chí Minh",
            "city": "Xã Long Hải",
            "ward": "Xã Long Hải"
        }
    },
    "Xã Long Sơn ": {
        "Xã Long Sơn ": {
            "state": "Hồ Chí Minh",
            "city": "Xã Long Sơn ",
            "ward": "Xã Long Sơn "
        }
    },
    "Xã Long Điền": {
        "Xã Long Điền": {
            "state": "Hồ Chí Minh",
            "city": "Xã Long Điền",
            "ward": "Xã Long Điền"
        }
    },
    "Xã Minh Thạnh": {
        "Xã Minh Thạnh": {
            "state": "Hồ Chí Minh",
            "city": "Xã Minh Thạnh",
            "ward": "Xã Minh Thạnh"
        }
    },
    "Xã Nghĩa Thành": {
        "Xã Nghĩa Thành": {
            "state": "Hồ Chí Minh",
            "city": "Xã Nghĩa Thành",
            "ward": "Xã Nghĩa Thành"
        }
    },
    "Xã Ngãi Giao": {
        "Xã Ngãi Giao": {
            "state": "Hồ Chí Minh",
            "city": "Xã Ngãi Giao",
            "ward": "Xã Ngãi Giao"
        }
    },
    "Xã Nhuận Đức": {
        "Xã Nhuận Đức": {
            "state": "Hồ Chí Minh",
            "city": "Xã Nhuận Đức",
            "ward": "Xã Nhuận Đức"
        }
    },
    "Xã Nhà Bè": {
        "Xã Nhà Bè": {
            "state": "Hồ Chí Minh",
            "city": "Xã Nhà Bè",
            "ward": "Xã Nhà Bè"
        }
    },
    "Xã Phú Giáo": {
        "Xã Phú Giáo": {
            "state": "Hồ Chí Minh",
            "city": "Xã Phú Giáo",
            "ward": "Xã Phú Giáo"
        }
    },
    "Xã Phú Hòa Đông": {
        "Xã Phú Hòa Đông": {
            "state": "Hồ Chí Minh",
            "city": "Xã Phú Hòa Đông",
            "ward": "Xã Phú Hòa Đông"
        }
    },
    "Xã Phước Hòa": {
        "Xã Phước Hòa": {
            "state": "Hồ Chí Minh",
            "city": "Xã Phước Hòa",
            "ward": "Xã Phước Hòa"
        }
    },
    "Xã Phước Hải": {
        "Xã Phước Hải": {
            "state": "Hồ Chí Minh",
            "city": "Xã Phước Hải",
            "ward": "Xã Phước Hải"
        }
    },
    "Xã Phước Thành": {
        "Xã Phước Thành": {
            "state": "Hồ Chí Minh",
            "city": "Xã Phước Thành",
            "ward": "Xã Phước Thành"
        }
    },
    "Xã Thanh An": {
        "Xã Thanh An": {
            "state": "Hồ Chí Minh",
            "city": "Xã Thanh An",
            "ward": "Xã Thanh An"
        }
    },
    "Xã Thái Mỹ": {
        "Xã Thái Mỹ": {
            "state": "Hồ Chí Minh",
            "city": "Xã Thái Mỹ",
            "ward": "Xã Thái Mỹ"
        }
    },
    "Xã Thường Tân": {
        "Xã Thường Tân": {
            "state": "Hồ Chí Minh",
            "city": "Xã Thường Tân",
            "ward": "Xã Thường Tân"
        }
    },
    "Xã Thạnh An": {
        "Xã Thạnh An": {
            "state": "Hồ Chí Minh",
            "city": "Xã Thạnh An",
            "ward": "Xã Thạnh An"
        }
    },
    "Xã Trừ Văn Thố": {
        "Xã Trừ Văn Thố": {
            "state": "Hồ Chí Minh",
            "city": "Xã Trừ Văn Thố",
            "ward": "Xã Trừ Văn Thố"
        }
    },
    "Xã Tân An Hội": {
        "Xã Tân An Hội": {
            "state": "Hồ Chí Minh",
            "city": "Xã Tân An Hội",
            "ward": "Xã Tân An Hội"
        }
    },
    "Xã Tân Nhựt": {
        "Xã Tân Nhựt": {
            "state": "Hồ Chí Minh",
            "city": "Xã Tân Nhựt",
            "ward": "Xã Tân Nhựt"
        }
    },
    "Xã Tân Vĩnh Lộc": {
        "Xã Tân Vĩnh Lộc": {
            "state": "Hồ Chí Minh",
            "city": "Xã Tân Vĩnh Lộc",
            "ward": "Xã Tân Vĩnh Lộc"
        }
    },
    "Xã Vĩnh Lộc": {
        "Xã Vĩnh Lộc": {
            "state": "Hồ Chí Minh",
            "city": "Xã Vĩnh Lộc",
            "ward": "Xã Vĩnh Lộc"
        }
    },
    "Xã Xuyên Mộc": {
        "Xã Xuyên Mộc": {
            "state": "Hồ Chí Minh",
            "city": "Xã Xuyên Mộc",
            "ward": "Xã Xuyên Mộc"
        }
    },
    "Xã Xuân Sơn": {
        "Xã Xuân Sơn": {
            "state": "Hồ Chí Minh",
            "city": "Xã Xuân Sơn",
            "ward": "Xã Xuân Sơn"
        }
    },
    "Xã Xuân Thới Sơn": {
        "Xã Xuân Thới Sơn": {
            "state": "Hồ Chí Minh",
            "city": "Xã Xuân Thới Sơn",
            "ward": "Xã Xuân Thới Sơn"
        }
    },
    "Xã Đông Thạnh": {
        "Xã Đông Thạnh": {
            "state": "Hồ Chí Minh",
            "city": "Xã Đông Thạnh",
            "ward": "Xã Đông Thạnh"
        }
    },
    "Xã Đất Đỏ": {
        "Xã Đất Đỏ": {
            "state": "Hồ Chí Minh",
            "city": "Xã Đất Đỏ",
            "ward": "Xã Đất Đỏ"
        }
    }
}