{
    "Phường An Cựu": {
        "Phường An Cựu": {
            "state": "Huế",
            "city": "Phường An Cựu",
            "ward": "Phường An Cựu"
        }
    },
    "Phường Dương Nỗ": {
        "Phường Dương Nỗ": {
            "state": "Huế",
            "city": "Phường Dương Nỗ",
            "ward": "Phường Dương Nỗ"
        }
    },
    "Phường Hóa Châu ": {
        "Phường Hóa Châu ": {
            "state": "Huế",
            "city": "Phường Hóa Châu ",
            "ward": "Phường Hóa Châu "
        }
    },
    "Phường Hương An": {
        "Phường Hương An": {
            "state": "Huế",
            "city": "Phường Hương An",
            "ward": "Phường Hương An"
        }
    },
    "Phường Hương Thủy": {
        "Phường Hương Thủy": {
            "state": "Huế",
            "city": "Phường Hương Thủy",
            "ward": "Phường Hương Thủy"
        }
    },
    "Phường Hương Trà": {
        "Phường Hương Trà": {
            "state": "Huế",
            "city": "Phường Hương Trà",
            "ward": "Phường Hương Trà"
        }
    },
    "Phường Kim Long": {
        "Phường Kim Long": {
            "state": "Huế",
            "city": "Phường Kim Long",
            "ward": "Phường Kim Long"
        }
    },
    "Phường Kim Trà": {
        "Phường Kim Trà": {
            "state": "Huế",
            "city": "Phường Kim Trà",
            "ward": "Phường Kim Trà"
        }
    },
    "Phường Mỹ Thượng": {
        "Phường Mỹ Thượng": {
            "state": "Huế",
            "city": "Phường Mỹ Thượng",
            "ward": "Phường Mỹ Thượng"
        }
    },
    "Phường Phong Dinh": {
        "Phường Phong Dinh": {
            "state": "Huế",
            "city": "Phường Phong Dinh",
            "ward": "Phường Phong Dinh"
        }
    },
    "Phường Phong Phú": {
        "Phường Phong Phú": {
            "state": "Huế",
            "city": "Phường Phong Phú",
            "ward": "Phường Phong Phú"
        }
    },
    "Phường Phong Quảng": {
        "Phường Phong Quảng": {
            "state": "Huế",
            "city": "Phường Phong Quảng",
            "ward": "Phường Phong Quảng"
        }
    },
    "Phường Phong Thái": {
        "Phường Phong Thái": {
            "state": "Huế",
            "city": "Phường Phong Thái",
            "ward": "Phường Phong Thái"
        }
    },
    "Phường Phong Điền": {
        "Phường Phong Điền": {
            "state": "Huế",
            "city": "Phường Phong Điền",
            "ward": "Phường Phong Điền"
        }
    },
    "Phường Phú Bài": {
        "Phường Phú Bài": {
            "state": "Huế",
            "city": "Phường Phú Bài",
            "ward": "Phường Phú Bài"
        }
    },
    "Phường Phú Xuân": {
        "Phường Phú Xuân": {
            "state": "Huế",
            "city": "Phường Phú Xuân",
            "ward": "Phường Phú Xuân"
        }
    },
    "Phường Thanh Thủy": {
        "Phường Thanh Thủy": {
            "state": "Huế",
            "city": "Phường Thanh Thủy",
            "ward": "Phường Thanh Thủy"
        }
    },
    "Phường Thuận An": {
        "Phường Thuận An": {
            "state": "Huế",
            "city": "Phường Thuận An",
            "ward": "Phường Thuận An"
        }
    },
    "Phường Thuận Hóa": {
        "Phường Thuận Hóa": {
            "state": "Huế",
            "city": "Phường Thuận Hóa",
            "ward": "Phường Thuận Hóa"
        }
    },
    "Phường Thủy Xuân": {
        "Phường Thủy Xuân": {
            "state": "Huế",
            "city": "Phường Thủy Xuân",
            "ward": "Phường Thủy Xuân"
        }
    },
    "Phường Vỹ Dạ": {
        "Phường Vỹ Dạ": {
            "state": "Huế",
            "city": "Phường Vỹ Dạ",
            "ward": "Phường Vỹ Dạ"
        }
    },
    "Xã A Lưới 1": {
        "Xã A Lưới 1": {
            "state": "Huế",
            "city": "Xã A Lưới 1",
            "ward": "Xã A Lưới 1"
        }
    },
    "Xã A Lưới 2": {
        "Xã A Lưới 2": {
            "state": "Huế",
            "city": "Xã A Lưới 2",
            "ward": "Xã A Lưới 2"
        }
    },
    "Xã A Lưới 3": {
        "Xã A Lưới 3": {
            "state": "Huế",
            "city": "Xã A Lưới 3",
            "ward": "Xã A Lưới 3"
        }
    },
    "Xã A Lưới 4": {
        "Xã A Lưới 4": {
            "state": "Huế",
            "city": "Xã A Lưới 4",
            "ward": "Xã A Lưới 4"
        }
    },
    "Xã A Lưới 5": {
        "Xã A Lưới 5": {
            "state": "Huế",
            "city": "Xã A Lưới 5",
            "ward": "Xã A Lưới 5"
        }
    },
    "Xã Bình Điền": {
        "Xã Bình Điền": {
            "state": "Huế",
            "city": "Xã Bình Điền",
            "ward": "Xã Bình Điền"
        }
    },
    "Xã Chân Mây - Lăng Cô": {
        "Xã Chân Mây - Lăng Cô": {
            "state": "Huế",
            "city": "Xã Chân Mây - Lăng Cô",
            "ward": "Xã Chân Mây - Lăng Cô"
        }
    },
    "Xã Hưng Lộc": {
        "Xã Hưng Lộc": {
            "state": "Huế",
            "city": "Xã Hưng Lộc",
            "ward": "Xã Hưng Lộc"
        }
    },
    "Xã Khe Tre": {
        "Xã Khe Tre": {
            "state": "Huế",
            "city": "Xã Khe Tre",
            "ward": "Xã Khe Tre"
        }
    },
    "Xã Long Quảng": {
        "Xã Long Quảng": {
            "state": "Huế",
            "city": "Xã Long Quảng",
            "ward": "Xã Long Quảng"
        }
    },
    "Xã Lộc An": {
        "Xã Lộc An": {
            "state": "Huế",
            "city": "Xã Lộc An",
            "ward": "Xã Lộc An"
        }
    },
    "Xã Nam Đông": {
        "Xã Nam Đông": {
            "state": "Huế",
            "city": "Xã Nam Đông",
            "ward": "Xã Nam Đông"
        }
    },
    "Xã Phú Hồ": {
        "Xã Phú Hồ": {
            "state": "Huế",
            "city": "Xã Phú Hồ",
            "ward": "Xã Phú Hồ"
        }
    },
    "Xã Phú Lộc": {
        "Xã Phú Lộc": {
            "state": "Huế",
            "city": "Xã Phú Lộc",
            "ward": "Xã Phú Lộc"
        }
    },
    "Xã Phú Vang": {
        "Xã Phú Vang": {
            "state": "Huế",
            "city": "Xã Phú Vang",
            "ward": "Xã Phú Vang"
        }
    },
    "Xã Phú Vinh": {
        "Xã Phú Vinh": {
            "state": "Huế",
            "city": "Xã Phú Vinh",
            "ward": "Xã Phú Vinh"
        }
    },
    "Xã Quảng Điền": {
        "Xã Quảng Điền": {
            "state": "Huế",
            "city": "Xã Quảng Điền",
            "ward": "Xã Quảng Điền"
        }
    },
    "Xã Vinh Lộc": {
        "Xã Vinh Lộc": {
            "state": "Huế",
            "city": "Xã Vinh Lộc",
            "ward": "Xã Vinh Lộc"
        }
    },
    "Xã Đan Điền": {
        "Xã Đan Điền": {
            "state": "Huế",
            "city": "Xã Đan Điền",
            "ward": "Xã Đan Điền"
        }
    }
}