{
    "Phường Hồng Châu": {
        "Phường Hồng Châu": {
            "state": "Hưng Yên",
            "city": "Phường Hồng Châu",
            "ward": "Phường Hồng Châu"
        }
    },
    "Phường Mỹ Hào": {
        "Phường Mỹ Hào": {
            "state": "Hưng Yên",
            "city": "Phường Mỹ Hào",
            "ward": "Phường Mỹ Hào"
        }
    },
    "Phường Phố Hiến": {
        "Phường Phố Hiến": {
            "state": "Hưng Yên",
            "city": "Phường Phố Hiến",
            "ward": "Phường Phố Hiến"
        }
    },
    "Phường Sơn Nam": {
        "Phường Sơn Nam": {
            "state": "Hưng Yên",
            "city": "Phường Sơn Nam",
            "ward": "Phường Sơn Nam"
        }
    },
    "Phường Thái Bình": {
        "Phường Thái Bình": {
            "state": "Hưng Yên",
            "city": "Phường Thái Bình",
            "ward": "Phường Thái Bình"
        }
    },
    "Phường Thượng Hồng": {
        "Phường Thượng Hồng": {
            "state": "Hưng Yên",
            "city": "Phường Thượng Hồng",
            "ward": "Phường Thượng Hồng"
        }
    },
    "Phường Trà Lý": {
        "Phường Trà Lý": {
            "state": "Hưng Yên",
            "city": "Phường Trà Lý",
            "ward": "Phường Trà Lý"
        }
    },
    "Phường Trần Hưng Đạo": {
        "Phường Trần Hưng Đạo": {
            "state": "Hưng Yên",
            "city": "Phường Trần Hưng Đạo",
            "ward": "Phường Trần Hưng Đạo"
        }
    },
    "Phường Trần Lãm": {
        "Phường Trần Lãm": {
            "state": "Hưng Yên",
            "city": "Phường Trần Lãm",
            "ward": "Phường Trần Lãm"
        }
    },
    "Phường Vũ Phúc": {
        "Phường Vũ Phúc": {
            "state": "Hưng Yên",
            "city": "Phường Vũ Phúc",
            "ward": "Phường Vũ Phúc"
        }
    },
    "Phường Đường Hào": {
        "Phường Đường Hào": {
            "state": "Hưng Yên",
            "city": "Phường Đường Hào",
            "ward": "Phường Đường Hào"
        }
    },
    "Xã A Sào": {
        "Xã A Sào": {
            "state": "Hưng Yên",
            "city": "Xã A Sào",
            "ward": "Xã A Sào"
        }
    },
    "Xã Bình Nguyên": {
        "Xã Bình Nguyên": {
            "state": "Hưng Yên",
            "city": "Xã Bình Nguyên",
            "ward": "Xã Bình Nguyên"
        }
    },
    "Xã Bình Thanh": {
        "Xã Bình Thanh": {
            "state": "Hưng Yên",
            "city": "Xã Bình Thanh",
            "ward": "Xã Bình Thanh"
        }
    },
    "Xã Bình Định": {
        "Xã Bình Định": {
            "state": "Hưng Yên",
            "city": "Xã Bình Định",
            "ward": "Xã Bình Định"
        }
    },
    "Xã Bắc Thái Ninh": {
        "Xã Bắc Thái Ninh": {
            "state": "Hưng Yên",
            "city": "Xã Bắc Thái Ninh",
            "ward": "Xã Bắc Thái Ninh"
        }
    },
    "Xã Bắc Thụy Anh": {
        "Xã Bắc Thụy Anh": {
            "state": "Hưng Yên",
            "city": "Xã Bắc Thụy Anh",
            "ward": "Xã Bắc Thụy Anh"
        }
    },
    "Xã Bắc Tiên Hưng": {
        "Xã Bắc Tiên Hưng": {
            "state": "Hưng Yên",
            "city": "Xã Bắc Tiên Hưng",
            "ward": "Xã Bắc Tiên Hưng"
        }
    },
    "Xã Bắc Đông Hưng": {
        "Xã Bắc Đông Hưng": {
            "state": "Hưng Yên",
            "city": "Xã Bắc Đông Hưng",
            "ward": "Xã Bắc Đông Hưng"
        }
    },
    "Xã Bắc Đông Quan": {
        "Xã Bắc Đông Quan": {
            "state": "Hưng Yên",
            "city": "Xã Bắc Đông Quan",
            "ward": "Xã Bắc Đông Quan"
        }
    },
    "Xã Châu Ninh": {
        "Xã Châu Ninh": {
            "state": "Hưng Yên",
            "city": "Xã Châu Ninh",
            "ward": "Xã Châu Ninh"
        }
    },
    "Xã Chí Minh": {
        "Xã Chí Minh": {
            "state": "Hưng Yên",
            "city": "Xã Chí Minh",
            "ward": "Xã Chí Minh"
        }
    },
    "Xã Diên Hà": {
        "Xã Diên Hà": {
            "state": "Hưng Yên",
            "city": "Xã Diên Hà",
            "ward": "Xã Diên Hà"
        }
    },
    "Xã Hiệp Cường": {
        "Xã Hiệp Cường": {
            "state": "Hưng Yên",
            "city": "Xã Hiệp Cường",
            "ward": "Xã Hiệp Cường"
        }
    },
    "Xã Hoàn Long": {
        "Xã Hoàn Long": {
            "state": "Hưng Yên",
            "city": "Xã Hoàn Long",
            "ward": "Xã Hoàn Long"
        }
    },
    "Xã Hoàng Hoa Thám": {
        "Xã Hoàng Hoa Thám": {
            "state": "Hưng Yên",
            "city": "Xã Hoàng Hoa Thám",
            "ward": "Xã Hoàng Hoa Thám"
        }
    },
    "Xã Hưng Hà": {
        "Xã Hưng Hà": {
            "state": "Hưng Yên",
            "city": "Xã Hưng Hà",
            "ward": "Xã Hưng Hà"
        }
    },
    "Xã Hưng Phú": {
        "Xã Hưng Phú": {
            "state": "Hưng Yên",
            "city": "Xã Hưng Phú",
            "ward": "Xã Hưng Phú"
        }
    },
    "Xã Hồng Minh": {
        "Xã Hồng Minh": {
            "state": "Hưng Yên",
            "city": "Xã Hồng Minh",
            "ward": "Xã Hồng Minh"
        }
    },
    "Xã Hồng Quang": {
        "Xã Hồng Quang": {
            "state": "Hưng Yên",
            "city": "Xã Hồng Quang",
            "ward": "Xã Hồng Quang"
        }
    },
    "Xã Hồng Vũ": {
        "Xã Hồng Vũ": {
            "state": "Hưng Yên",
            "city": "Xã Hồng Vũ",
            "ward": "Xã Hồng Vũ"
        }
    },
    "Xã Khoái Châu": {
        "Xã Khoái Châu": {
            "state": "Hưng Yên",
            "city": "Xã Khoái Châu",
            "ward": "Xã Khoái Châu"
        }
    },
    "Xã Kiến Xương": {
        "Xã Kiến Xương": {
            "state": "Hưng Yên",
            "city": "Xã Kiến Xương",
            "ward": "Xã Kiến Xương"
        }
    },
    "Xã Long Hưng": {
        "Xã Long Hưng": {
            "state": "Hưng Yên",
            "city": "Xã Long Hưng",
            "ward": "Xã Long Hưng"
        }
    },
    "Xã Lê Lợi": {
        "Xã Lê Lợi": {
            "state": "Hưng Yên",
            "city": "Xã Lê Lợi",
            "ward": "Xã Lê Lợi"
        }
    },
    "Xã Lê Quý Đôn": {
        "Xã Lê Quý Đôn": {
            "state": "Hưng Yên",
            "city": "Xã Lê Quý Đôn",
            "ward": "Xã Lê Quý Đôn"
        }
    },
    "Xã Lương Bằng": {
        "Xã Lương Bằng": {
            "state": "Hưng Yên",
            "city": "Xã Lương Bằng",
            "ward": "Xã Lương Bằng"
        }
    },
    "Xã Lạc Đạo": {
        "Xã Lạc Đạo": {
            "state": "Hưng Yên",
            "city": "Xã Lạc Đạo",
            "ward": "Xã Lạc Đạo"
        }
    },
    "Xã Minh Thọ": {
        "Xã Minh Thọ": {
            "state": "Hưng Yên",
            "city": "Xã Minh Thọ",
            "ward": "Xã Minh Thọ"
        }
    },
    "Xã Mễ Sở": {
        "Xã Mễ Sở": {
            "state": "Hưng Yên",
            "city": "Xã Mễ Sở",
            "ward": "Xã Mễ Sở"
        }
    },
    "Xã Nam Cường": {
        "Xã Nam Cường": {
            "state": "Hưng Yên",
            "city": "Xã Nam Cường",
            "ward": "Xã Nam Cường"
        }
    },
    "Xã Nam Thái Ninh": {
        "Xã Nam Thái Ninh": {
            "state": "Hưng Yên",
            "city": "Xã Nam Thái Ninh",
            "ward": "Xã Nam Thái Ninh"
        }
    },
    "Xã Nam Thụy Anh": {
        "Xã Nam Thụy Anh": {
            "state": "Hưng Yên",
            "city": "Xã Nam Thụy Anh",
            "ward": "Xã Nam Thụy Anh"
        }
    },
    "Xã Nam Tiên Hưng": {
        "Xã Nam Tiên Hưng": {
            "state": "Hưng Yên",
            "city": "Xã Nam Tiên Hưng",
            "ward": "Xã Nam Tiên Hưng"
        }
    },
    "Xã Nam Tiền Hải": {
        "Xã Nam Tiền Hải": {
            "state": "Hưng Yên",
            "city": "Xã Nam Tiền Hải",
            "ward": "Xã Nam Tiền Hải"
        }
    },
    "Xã Nam Đông Hưng": {
        "Xã Nam Đông Hưng": {
            "state": "Hưng Yên",
            "city": "Xã Nam Đông Hưng",
            "ward": "Xã Nam Đông Hưng"
        }
    },
    "Xã Nghĩa Dân": {
        "Xã Nghĩa Dân": {
            "state": "Hưng Yên",
            "city": "Xã Nghĩa Dân",
            "ward": "Xã Nghĩa Dân"
        }
    },
    "Xã Nghĩa Trụ": {
        "Xã Nghĩa Trụ": {
            "state": "Hưng Yên",
            "city": "Xã Nghĩa Trụ",
            "ward": "Xã Nghĩa Trụ"
        }
    },
    "Xã Nguyễn Du": {
        "Xã Nguyễn Du": {
            "state": "Hưng Yên",
            "city": "Xã Nguyễn Du",
            "ward": "Xã Nguyễn Du"
        }
    },
    "Xã Nguyễn Trãi": {
        "Xã Nguyễn Trãi": {
            "state": "Hưng Yên",
            "city": "Xã Nguyễn Trãi",
            "ward": "Xã Nguyễn Trãi"
        }
    },
    "Xã Nguyễn Văn Linh": {
        "Xã Nguyễn Văn Linh": {
            "state": "Hưng Yên",
            "city": "Xã Nguyễn Văn Linh",
            "ward": "Xã Nguyễn Văn Linh"
        }
    },
    "Xã Ngọc Lâm": {
        "Xã Ngọc Lâm": {
            "state": "Hưng Yên",
            "city": "Xã Ngọc Lâm",
            "ward": "Xã Ngọc Lâm"
        }
    },
    "Xã Ngự Thiên": {
        "Xã Ngự Thiên": {
            "state": "Hưng Yên",
            "city": "Xã Ngự Thiên",
            "ward": "Xã Ngự Thiên"
        }
    },
    "Xã Như Quỳnh": {
        "Xã Như Quỳnh": {
            "state": "Hưng Yên",
            "city": "Xã Như Quỳnh",
            "ward": "Xã Như Quỳnh"
        }
    },
    "Xã Phạm Ngũ Lão": {
        "Xã Phạm Ngũ Lão": {
            "state": "Hưng Yên",
            "city": "Xã Phạm Ngũ Lão",
            "ward": "Xã Phạm Ngũ Lão"
        }
    },
    "Xã Phụ Dực": {
        "Xã Phụ Dực": {
            "state": "Hưng Yên",
            "city": "Xã Phụ Dực",
            "ward": "Xã Phụ Dực"
        }
    },
    "Xã Phụng Công": {
        "Xã Phụng Công": {
            "state": "Hưng Yên",
            "city": "Xã Phụng Công",
            "ward": "Xã Phụng Công"
        }
    },
    "Xã Quang Hưng": {
        "Xã Quang Hưng": {
            "state": "Hưng Yên",
            "city": "Xã Quang Hưng",
            "ward": "Xã Quang Hưng"
        }
    },
    "Xã Quang Lịch": {
        "Xã Quang Lịch": {
            "state": "Hưng Yên",
            "city": "Xã Quang Lịch",
            "ward": "Xã Quang Lịch"
        }
    },
    "Xã Quỳnh An": {
        "Xã Quỳnh An": {
            "state": "Hưng Yên",
            "city": "Xã Quỳnh An",
            "ward": "Xã Quỳnh An"
        }
    },
    "Xã Quỳnh Phụ": {
        "Xã Quỳnh Phụ": {
            "state": "Hưng Yên",
            "city": "Xã Quỳnh Phụ",
            "ward": "Xã Quỳnh Phụ"
        }
    },
    "Xã Thái Ninh": {
        "Xã Thái Ninh": {
            "state": "Hưng Yên",
            "city": "Xã Thái Ninh",
            "ward": "Xã Thái Ninh"
        }
    },
    "Xã Thái Thụy": {
        "Xã Thái Thụy": {
            "state": "Hưng Yên",
            "city": "Xã Thái Thụy",
            "ward": "Xã Thái Thụy"
        }
    },
    "Xã Thư Trì": {
        "Xã Thư Trì": {
            "state": "Hưng Yên",
            "city": "Xã Thư Trì",
            "ward": "Xã Thư Trì"
        }
    },
    "Xã Thư Vũ": {
        "Xã Thư Vũ": {
            "state": "Hưng Yên",
            "city": "Xã Thư Vũ",
            "ward": "Xã Thư Vũ"
        }
    },
    "Xã Thần Khê": {
        "Xã Thần Khê": {
            "state": "Hưng Yên",
            "city": "Xã Thần Khê",
            "ward": "Xã Thần Khê"
        }
    },
    "Xã Thụy Anh": {
        "Xã Thụy Anh": {
            "state": "Hưng Yên",
            "city": "Xã Thụy Anh",
            "ward": "Xã Thụy Anh"
        }
    },
    "Xã Tiên Hoa": {
        "Xã Tiên Hoa": {
            "state": "Hưng Yên",
            "city": "Xã Tiên Hoa",
            "ward": "Xã Tiên Hoa"
        }
    },
    "Xã Tiên Hưng": {
        "Xã Tiên Hưng": {
            "state": "Hưng Yên",
            "city": "Xã Tiên Hưng",
            "ward": "Xã Tiên Hưng"
        }
    },
    "Xã Tiên La": {
        "Xã Tiên La": {
            "state": "Hưng Yên",
            "city": "Xã Tiên La",
            "ward": "Xã Tiên La"
        }
    },
    "Xã Tiên Lữ": {
        "Xã Tiên Lữ": {
            "state": "Hưng Yên",
            "city": "Xã Tiên Lữ",
            "ward": "Xã Tiên Lữ"
        }
    },
    "Xã Tiên Tiến": {
        "Xã Tiên Tiến": {
            "state": "Hưng Yên",
            "city": "Xã Tiên Tiến",
            "ward": "Xã Tiên Tiến"
        }
    },
    "Xã Tiền Hải": {
        "Xã Tiền Hải": {
            "state": "Hưng Yên",
            "city": "Xã Tiền Hải",
            "ward": "Xã Tiền Hải"
        }
    },
    "Xã Triệu Việt Vương": {
        "Xã Triệu Việt Vương": {
            "state": "Hưng Yên",
            "city": "Xã Triệu Việt Vương",
            "ward": "Xã Triệu Việt Vương"
        }
    },
    "Xã Trà Giang": {
        "Xã Trà Giang": {
            "state": "Hưng Yên",
            "city": "Xã Trà Giang",
            "ward": "Xã Trà Giang"
        }
    },
    "Xã Tân Hưng": {
        "Xã Tân Hưng": {
            "state": "Hưng Yên",
            "city": "Xã Tân Hưng",
            "ward": "Xã Tân Hưng"
        }
    },
    "Xã Tân Thuận": {
        "Xã Tân Thuận": {
            "state": "Hưng Yên",
            "city": "Xã Tân Thuận",
            "ward": "Xã Tân Thuận"
        }
    },
    "Xã Tân Tiến": {
        "Xã Tân Tiến": {
            "state": "Hưng Yên",
            "city": "Xã Tân Tiến",
            "ward": "Xã Tân Tiến"
        }
    },
    "Xã Tây Thái Ninh": {
        "Xã Tây Thái Ninh": {
            "state": "Hưng Yên",
            "city": "Xã Tây Thái Ninh",
            "ward": "Xã Tây Thái Ninh"
        }
    },
    "Xã Tây Thụy Anh": {
        "Xã Tây Thụy Anh": {
            "state": "Hưng Yên",
            "city": "Xã Tây Thụy Anh",
            "ward": "Xã Tây Thụy Anh"
        }
    },
    "Xã Tây Tiền Hải": {
        "Xã Tây Tiền Hải": {
            "state": "Hưng Yên",
            "city": "Xã Tây Tiền Hải",
            "ward": "Xã Tây Tiền Hải"
        }
    },
    "Xã Tống Trân": {
        "Xã Tống Trân": {
            "state": "Hưng Yên",
            "city": "Xã Tống Trân",
            "ward": "Xã Tống Trân"
        }
    },
    "Xã Việt Tiến": {
        "Xã Việt Tiến": {
            "state": "Hưng Yên",
            "city": "Xã Việt Tiến",
            "ward": "Xã Việt Tiến"
        }
    },
    "Xã Việt Yên": {
        "Xã Việt Yên": {
            "state": "Hưng Yên",
            "city": "Xã Việt Yên",
            "ward": "Xã Việt Yên"
        }
    },
    "Xã Văn Giang": {
        "Xã Văn Giang": {
            "state": "Hưng Yên",
            "city": "Xã Văn Giang",
            "ward": "Xã Văn Giang"
        }
    },
    "Xã Vũ Quý": {
        "Xã Vũ Quý": {
            "state": "Hưng Yên",
            "city": "Xã Vũ Quý",
            "ward": "Xã Vũ Quý"
        }
    },
    "Xã Vũ Thư": {
        "Xã Vũ Thư": {
            "state": "Hưng Yên",
            "city": "Xã Vũ Thư",
            "ward": "Xã Vũ Thư"
        }
    },
    "Xã Vũ Tiên": {
        "Xã Vũ Tiên": {
            "state": "Hưng Yên",
            "city": "Xã Vũ Tiên",
            "ward": "Xã Vũ Tiên"
        }
    },
    "Xã Vạn Xuân": {
        "Xã Vạn Xuân": {
            "state": "Hưng Yên",
            "city": "Xã Vạn Xuân",
            "ward": "Xã Vạn Xuân"
        }
    },
    "Xã Xuân Trúc": {
        "Xã Xuân Trúc": {
            "state": "Hưng Yên",
            "city": "Xã Xuân Trúc",
            "ward": "Xã Xuân Trúc"
        }
    },
    "Xã Yên Mỹ": {
        "Xã Yên Mỹ": {
            "state": "Hưng Yên",
            "city": "Xã Yên Mỹ",
            "ward": "Xã Yên Mỹ"
        }
    },
    "Xã Ái Quốc": {
        "Xã Ái Quốc": {
            "state": "Hưng Yên",
            "city": "Xã Ái Quốc",
            "ward": "Xã Ái Quốc"
        }
    },
    "Xã Ân Thi": {
        "Xã Ân Thi": {
            "state": "Hưng Yên",
            "city": "Xã Ân Thi",
            "ward": "Xã Ân Thi"
        }
    },
    "Xã Đoàn Đào": {
        "Xã Đoàn Đào": {
            "state": "Hưng Yên",
            "city": "Xã Đoàn Đào",
            "ward": "Xã Đoàn Đào"
        }
    },
    "Xã Đông Hưng": {
        "Xã Đông Hưng": {
            "state": "Hưng Yên",
            "city": "Xã Đông Hưng",
            "ward": "Xã Đông Hưng"
        }
    },
    "Xã Đông Quan": {
        "Xã Đông Quan": {
            "state": "Hưng Yên",
            "city": "Xã Đông Quan",
            "ward": "Xã Đông Quan"
        }
    },
    "Xã Đông Thái Ninh": {
        "Xã Đông Thái Ninh": {
            "state": "Hưng Yên",
            "city": "Xã Đông Thái Ninh",
            "ward": "Xã Đông Thái Ninh"
        }
    },
    "Xã Đông Thụy Anh": {
        "Xã Đông Thụy Anh": {
            "state": "Hưng Yên",
            "city": "Xã Đông Thụy Anh",
            "ward": "Xã Đông Thụy Anh"
        }
    },
    "Xã Đông Tiên Hưng": {
        "Xã Đông Tiên Hưng": {
            "state": "Hưng Yên",
            "city": "Xã Đông Tiên Hưng",
            "ward": "Xã Đông Tiên Hưng"
        }
    },
    "Xã Đông Tiền Hải": {
        "Xã Đông Tiền Hải": {
            "state": "Hưng Yên",
            "city": "Xã Đông Tiền Hải",
            "ward": "Xã Đông Tiền Hải"
        }
    },
    "Xã Đại Đồng": {
        "Xã Đại Đồng": {
            "state": "Hưng Yên",
            "city": "Xã Đại Đồng",
            "ward": "Xã Đại Đồng"
        }
    },
    "Xã Đồng Bằng": {
        "Xã Đồng Bằng": {
            "state": "Hưng Yên",
            "city": "Xã Đồng Bằng",
            "ward": "Xã Đồng Bằng"
        }
    },
    "Xã Đồng Châu": {
        "Xã Đồng Châu": {
            "state": "Hưng Yên",
            "city": "Xã Đồng Châu",
            "ward": "Xã Đồng Châu"
        }
    },
    "Xã Đức Hợp": {
        "Xã Đức Hợp": {
            "state": "Hưng Yên",
            "city": "Xã Đức Hợp",
            "ward": "Xã Đức Hợp"
        }
    }
}