{
    "angiang": {
        "state": "An Giang"
    },
    "bacninh": {
        "state": "Bắc Ninh"
    },
    "caobang": {
        "state": "Cao Bằng"
    },
    "camau": {
        "state": "Cà Mau"
    },
    "cantho": {
        "state": "Cần Thơ"
    },
    "gialai": {
        "state": "Gia Lai"
    },
    "hue": {
        "state": "Huế"
    },
    "hanoi": {
        "state": "Hà Nội"
    },
    "hatinh": {
        "state": "Hà Tĩnh"
    },
    "hungyen": {
        "state": "Hưng Yên"
    },
    "haiphong": {
        "state": "Hải Phòng"
    },
    "hochiminh": {
        "state": "Hồ Chí Minh"
    },
    "khanhhoa": {
        "state": "Khánh Hòa"
    },
    "laichau": {
        "state": "Lai Châu"
    },
    "laocai": {
        "state": "Lào Cai"
    },
    "lamdong": {
        "state": "Lâm Đồng"
    },
    "langson": {
        "state": "Lạng Sơn"
    },
    "nghean": {
        "state": "Nghệ An"
    },
    "ninhbinh": {
        "state": "Ninh Bình"
    },
    "phutho": {
        "state": "Phú Thọ"
    },
    "quangngai": {
        "state": "Quảng Ngãi"
    },
    "quangninh": {
        "state": "Quảng Ninh"
    },
    "quangtri": {
        "state": "Quảng Trị"
    },
    "sonla": {
        "state": "Sơn La"
    },
    "thanhhoa": {
        "state": "Thanh Hóa"
    },
    "thainguyen": {
        "state": "Thái Nguyên"
    },
    "tuyenquang": {
        "state": "Tuyên Quang"
    },
    "tayninh": {
        "state": "Tây Ninh"
    },
    "vinhlong": {
        "state": "Vĩnh Long"
    },
    "dienbien": {
        "state": "Điện Biên"
    },
    "danang": {
        "state": "Đà Nẵng"
    },
    "daklak": {
        "state": "Đắk Lắk"
    },
    "dongnai": {
        "state": "Đồng Nai"
    },
    "dongthap": {
        "state": "Đồng Tháp"
    }
}