{
    "Đặc khu Trường Sa": {
        "Đặc khu Trường Sa": {
            "state": "Khánh Hòa",
            "city": "Đặc khu Trường Sa",
            "ward": "Đặc khu Trường Sa"
        }
    },
    "Phường Hòa Thắng": {
        "Phường Hòa Thắng": {
            "state": "Khánh Hòa",
            "city": "Phường Hòa Thắng",
            "ward": "Phường Hòa Thắng"
        }
    },
    "Phường Đông Ninh Hòa": {
        "Phường Đông Ninh Hòa": {
            "state": "Khánh Hòa",
            "city": "Phường Đông Ninh Hòa",
            "ward": "Phường Đông Ninh Hòa"
        }
    },
    "Phường Ba Ngòi": {
        "Phường Ba Ngòi": {
            "state": "Khánh Hòa",
            "city": "Phường Ba Ngòi",
            "ward": "Phường Ba Ngòi"
        }
    },
    "Phường Bảo An": {
        "Phường Bảo An": {
            "state": "Khánh Hòa",
            "city": "Phường Bảo An",
            "ward": "Phường Bảo An"
        }
    },
    "Phường Bắc Cam Ranh": {
        "Phường Bắc Cam Ranh": {
            "state": "Khánh Hòa",
            "city": "Phường Bắc Cam Ranh",
            "ward": "Phường Bắc Cam Ranh"
        }
    },
    "Phường Bắc Nha Trang": {
        "Phường Bắc Nha Trang": {
            "state": "Khánh Hòa",
            "city": "Phường Bắc Nha Trang",
            "ward": "Phường Bắc Nha Trang"
        }
    },
    "Phường Cam Linh": {
        "Phường Cam Linh": {
            "state": "Khánh Hòa",
            "city": "Phường Cam Linh",
            "ward": "Phường Cam Linh"
        }
    },
    "Phường Cam Ranh": {
        "Phường Cam Ranh": {
            "state": "Khánh Hòa",
            "city": "Phường Cam Ranh",
            "ward": "Phường Cam Ranh"
        }
    },
    "Phường Nam Nha Trang": {
        "Phường Nam Nha Trang": {
            "state": "Khánh Hòa",
            "city": "Phường Nam Nha Trang",
            "ward": "Phường Nam Nha Trang"
        }
    },
    "Phường Nha Trang": {
        "Phường Nha Trang": {
            "state": "Khánh Hòa",
            "city": "Phường Nha Trang",
            "ward": "Phường Nha Trang"
        }
    },
    "Phường Ninh Chử": {
        "Phường Ninh Chử": {
            "state": "Khánh Hòa",
            "city": "Phường Ninh Chử",
            "ward": "Phường Ninh Chử"
        }
    },
    "Phường Ninh Hòa": {
        "Phường Ninh Hòa": {
            "state": "Khánh Hòa",
            "city": "Phường Ninh Hòa",
            "ward": "Phường Ninh Hòa"
        }
    },
    "Phường Phan Rang": {
        "Phường Phan Rang": {
            "state": "Khánh Hòa",
            "city": "Phường Phan Rang",
            "ward": "Phường Phan Rang"
        }
    },
    "Phường Tây Nha Trang": {
        "Phường Tây Nha Trang": {
            "state": "Khánh Hòa",
            "city": "Phường Tây Nha Trang",
            "ward": "Phường Tây Nha Trang"
        }
    },
    "Phường Đô Vinh": {
        "Phường Đô Vinh": {
            "state": "Khánh Hòa",
            "city": "Phường Đô Vinh",
            "ward": "Phường Đô Vinh"
        }
    },
    "Phường Đông Hải": {
        "Phường Đông Hải": {
            "state": "Khánh Hòa",
            "city": "Phường Đông Hải",
            "ward": "Phường Đông Hải"
        }
    },
    "Xã Hòa Trí": {
        "Xã Hòa Trí": {
            "state": "Khánh Hòa",
            "city": "Xã Hòa Trí",
            "ward": "Xã Hòa Trí"
        }
    },
    "Xã Nam Ninh Hòa": {
        "Xã Nam Ninh Hòa": {
            "state": "Khánh Hòa",
            "city": "Xã Nam Ninh Hòa",
            "ward": "Xã Nam Ninh Hòa"
        }
    },
    "Xã Tây Ninh Hòa": {
        "Xã Tây Ninh Hòa": {
            "state": "Khánh Hòa",
            "city": "Xã Tây Ninh Hòa",
            "ward": "Xã Tây Ninh Hòa"
        }
    },
    "Xã Anh Dũng": {
        "Xã Anh Dũng": {
            "state": "Khánh Hòa",
            "city": "Xã Anh Dũng",
            "ward": "Xã Anh Dũng"
        }
    },
    "Xã Bác Ái": {
        "Xã Bác Ái": {
            "state": "Khánh Hòa",
            "city": "Xã Bác Ái",
            "ward": "Xã Bác Ái"
        }
    },
    "Xã Bác Ái Tây": {
        "Xã Bác Ái Tây": {
            "state": "Khánh Hòa",
            "city": "Xã Bác Ái Tây",
            "ward": "Xã Bác Ái Tây"
        }
    },
    "Xã Bác Ái Đông": {
        "Xã Bác Ái Đông": {
            "state": "Khánh Hòa",
            "city": "Xã Bác Ái Đông",
            "ward": "Xã Bác Ái Đông"
        }
    },
    "Xã Bắc Khánh Vĩnh": {
        "Xã Bắc Khánh Vĩnh": {
            "state": "Khánh Hòa",
            "city": "Xã Bắc Khánh Vĩnh",
            "ward": "Xã Bắc Khánh Vĩnh"
        }
    },
    "Xã Bắc Ninh Hòa": {
        "Xã Bắc Ninh Hòa": {
            "state": "Khánh Hòa",
            "city": "Xã Bắc Ninh Hòa",
            "ward": "Xã Bắc Ninh Hòa"
        }
    },
    "Xã Cam An": {
        "Xã Cam An": {
            "state": "Khánh Hòa",
            "city": "Xã Cam An",
            "ward": "Xã Cam An"
        }
    },
    "Xã Cam Hiệp": {
        "Xã Cam Hiệp": {
            "state": "Khánh Hòa",
            "city": "Xã Cam Hiệp",
            "ward": "Xã Cam Hiệp"
        }
    },
    "Xã Cam Lâm": {
        "Xã Cam Lâm": {
            "state": "Khánh Hòa",
            "city": "Xã Cam Lâm",
            "ward": "Xã Cam Lâm"
        }
    },
    "Xã Cà Ná": {
        "Xã Cà Ná": {
            "state": "Khánh Hòa",
            "city": "Xã Cà Ná",
            "ward": "Xã Cà Ná"
        }
    },
    "Xã Công Hải": {
        "Xã Công Hải": {
            "state": "Khánh Hòa",
            "city": "Xã Công Hải",
            "ward": "Xã Công Hải"
        }
    },
    "Xã Diên Khánh": {
        "Xã Diên Khánh": {
            "state": "Khánh Hòa",
            "city": "Xã Diên Khánh",
            "ward": "Xã Diên Khánh"
        }
    },
    "Xã Diên Lâm": {
        "Xã Diên Lâm": {
            "state": "Khánh Hòa",
            "city": "Xã Diên Lâm",
            "ward": "Xã Diên Lâm"
        }
    },
    "Xã Diên Lạc": {
        "Xã Diên Lạc": {
            "state": "Khánh Hòa",
            "city": "Xã Diên Lạc",
            "ward": "Xã Diên Lạc"
        }
    },
    "Xã Diên Thọ": {
        "Xã Diên Thọ": {
            "state": "Khánh Hòa",
            "city": "Xã Diên Thọ",
            "ward": "Xã Diên Thọ"
        }
    },
    "Xã Diên Điền": {
        "Xã Diên Điền": {
            "state": "Khánh Hòa",
            "city": "Xã Diên Điền",
            "ward": "Xã Diên Điền"
        }
    },
    "Xã Khánh Sơn": {
        "Xã Khánh Sơn": {
            "state": "Khánh Hòa",
            "city": "Xã Khánh Sơn",
            "ward": "Xã Khánh Sơn"
        }
    },
    "Xã Khánh Vĩnh": {
        "Xã Khánh Vĩnh": {
            "state": "Khánh Hòa",
            "city": "Xã Khánh Vĩnh",
            "ward": "Xã Khánh Vĩnh"
        }
    },
    "Xã Lâm Sơn": {
        "Xã Lâm Sơn": {
            "state": "Khánh Hòa",
            "city": "Xã Lâm Sơn",
            "ward": "Xã Lâm Sơn"
        }
    },
    "Xã Mỹ Sơn": {
        "Xã Mỹ Sơn": {
            "state": "Khánh Hòa",
            "city": "Xã Mỹ Sơn",
            "ward": "Xã Mỹ Sơn"
        }
    },
    "Xã Nam Cam Ranh": {
        "Xã Nam Cam Ranh": {
            "state": "Khánh Hòa",
            "city": "Xã Nam Cam Ranh",
            "ward": "Xã Nam Cam Ranh"
        }
    },
    "Xã Nam Khánh Vĩnh": {
        "Xã Nam Khánh Vĩnh": {
            "state": "Khánh Hòa",
            "city": "Xã Nam Khánh Vĩnh",
            "ward": "Xã Nam Khánh Vĩnh"
        }
    },
    "Xã Ninh Hải": {
        "Xã Ninh Hải": {
            "state": "Khánh Hòa",
            "city": "Xã Ninh Hải",
            "ward": "Xã Ninh Hải"
        }
    },
    "Xã Ninh Phước": {
        "Xã Ninh Phước": {
            "state": "Khánh Hòa",
            "city": "Xã Ninh Phước",
            "ward": "Xã Ninh Phước"
        }
    },
    "Xã Ninh Sơn": {
        "Xã Ninh Sơn": {
            "state": "Khánh Hòa",
            "city": "Xã Ninh Sơn",
            "ward": "Xã Ninh Sơn"
        }
    },
    "Xã Phước Dinh": {
        "Xã Phước Dinh": {
            "state": "Khánh Hòa",
            "city": "Xã Phước Dinh",
            "ward": "Xã Phước Dinh"
        }
    },
    "Xã Phước Hà": {
        "Xã Phước Hà": {
            "state": "Khánh Hòa",
            "city": "Xã Phước Hà",
            "ward": "Xã Phước Hà"
        }
    },
    "Xã Phước Hậu": {
        "Xã Phước Hậu": {
            "state": "Khánh Hòa",
            "city": "Xã Phước Hậu",
            "ward": "Xã Phước Hậu"
        }
    },
    "Xã Phước Hữu": {
        "Xã Phước Hữu": {
            "state": "Khánh Hòa",
            "city": "Xã Phước Hữu",
            "ward": "Xã Phước Hữu"
        }
    },
    "Xã Suối Dầu": {
        "Xã Suối Dầu": {
            "state": "Khánh Hòa",
            "city": "Xã Suối Dầu",
            "ward": "Xã Suối Dầu"
        }
    },
    "Xã Suối Hiệp": {
        "Xã Suối Hiệp": {
            "state": "Khánh Hòa",
            "city": "Xã Suối Hiệp",
            "ward": "Xã Suối Hiệp"
        }
    },
    "Xã Thuận Bắc": {
        "Xã Thuận Bắc": {
            "state": "Khánh Hòa",
            "city": "Xã Thuận Bắc",
            "ward": "Xã Thuận Bắc"
        }
    },
    "Xã Thuận Nam": {
        "Xã Thuận Nam": {
            "state": "Khánh Hòa",
            "city": "Xã Thuận Nam",
            "ward": "Xã Thuận Nam"
        }
    },
    "Xã Trung Khánh Vĩnh": {
        "Xã Trung Khánh Vĩnh": {
            "state": "Khánh Hòa",
            "city": "Xã Trung Khánh Vĩnh",
            "ward": "Xã Trung Khánh Vĩnh"
        }
    },
    "Xã Tu Bông": {
        "Xã Tu Bông": {
            "state": "Khánh Hòa",
            "city": "Xã Tu Bông",
            "ward": "Xã Tu Bông"
        }
    },
    "Xã Tân Định": {
        "Xã Tân Định": {
            "state": "Khánh Hòa",
            "city": "Xã Tân Định",
            "ward": "Xã Tân Định"
        }
    },
    "Xã Tây Khánh Sơn": {
        "Xã Tây Khánh Sơn": {
            "state": "Khánh Hòa",
            "city": "Xã Tây Khánh Sơn",
            "ward": "Xã Tây Khánh Sơn"
        }
    },
    "Xã Tây Khánh Vĩnh": {
        "Xã Tây Khánh Vĩnh": {
            "state": "Khánh Hòa",
            "city": "Xã Tây Khánh Vĩnh",
            "ward": "Xã Tây Khánh Vĩnh"
        }
    },
    "Xã Vĩnh Hải": {
        "Xã Vĩnh Hải": {
            "state": "Khánh Hòa",
            "city": "Xã Vĩnh Hải",
            "ward": "Xã Vĩnh Hải"
        }
    },
    "Xã Vạn Hưng": {
        "Xã Vạn Hưng": {
            "state": "Khánh Hòa",
            "city": "Xã Vạn Hưng",
            "ward": "Xã Vạn Hưng"
        }
    },
    "Xã Vạn Ninh": {
        "Xã Vạn Ninh": {
            "state": "Khánh Hòa",
            "city": "Xã Vạn Ninh",
            "ward": "Xã Vạn Ninh"
        }
    },
    "Xã Vạn Thắng": {
        "Xã Vạn Thắng": {
            "state": "Khánh Hòa",
            "city": "Xã Vạn Thắng",
            "ward": "Xã Vạn Thắng"
        }
    },
    "Xã Xuân Hải": {
        "Xã Xuân Hải": {
            "state": "Khánh Hòa",
            "city": "Xã Xuân Hải",
            "ward": "Xã Xuân Hải"
        }
    },
    "Xã Đông Khánh Sơn": {
        "Xã Đông Khánh Sơn": {
            "state": "Khánh Hòa",
            "city": "Xã Đông Khánh Sơn",
            "ward": "Xã Đông Khánh Sơn"
        }
    },
    "Xã Đại Lãnh": {
        "Xã Đại Lãnh": {
            "state": "Khánh Hòa",
            "city": "Xã Đại Lãnh",
            "ward": "Xã Đại Lãnh"
        }
    }
}