{
    "Phường Tân Phong": {
        "Phường Tân Phong": {
            "state": "Lai Châu",
            "city": "Phường Tân Phong",
            "ward": "Phường Tân Phong"
        }
    },
    "Phường Đoàn Kết": {
        "Phường Đoàn Kết": {
            "state": "Lai Châu",
            "city": "Phường Đoàn Kết",
            "ward": "Phường Đoàn Kết"
        }
    },
    "Xã Bum Nưa": {
        "Xã Bum Nưa": {
            "state": "Lai Châu",
            "city": "Xã Bum Nưa",
            "ward": "Xã Bum Nưa"
        }
    },
    "Xã Bum Tở": {
        "Xã Bum Tở": {
            "state": "Lai Châu",
            "city": "Xã Bum Tở",
            "ward": "Xã Bum Tở"
        }
    },
    "Xã Bình Lư": {
        "Xã Bình Lư": {
            "state": "Lai Châu",
            "city": "Xã Bình Lư",
            "ward": "Xã Bình Lư"
        }
    },
    "Xã Bản Bo": {
        "Xã Bản Bo": {
            "state": "Lai Châu",
            "city": "Xã Bản Bo",
            "ward": "Xã Bản Bo"
        }
    },
    "Xã Dào San": {
        "Xã Dào San": {
            "state": "Lai Châu",
            "city": "Xã Dào San",
            "ward": "Xã Dào San"
        }
    },
    "Xã Hua Bum": {
        "Xã Hua Bum": {
            "state": "Lai Châu",
            "city": "Xã Hua Bum",
            "ward": "Xã Hua Bum"
        }
    },
    "Xã Hồng Thu": {
        "Xã Hồng Thu": {
            "state": "Lai Châu",
            "city": "Xã Hồng Thu",
            "ward": "Xã Hồng Thu"
        }
    },
    "Xã Khoen On": {
        "Xã Khoen On": {
            "state": "Lai Châu",
            "city": "Xã Khoen On",
            "ward": "Xã Khoen On"
        }
    },
    "Xã Khun Há": {
        "Xã Khun Há": {
            "state": "Lai Châu",
            "city": "Xã Khun Há",
            "ward": "Xã Khun Há"
        }
    },
    "Xã Khổng Lào": {
        "Xã Khổng Lào": {
            "state": "Lai Châu",
            "city": "Xã Khổng Lào",
            "ward": "Xã Khổng Lào"
        }
    },
    "Xã Lê Lợi": {
        "Xã Lê Lợi": {
            "state": "Lai Châu",
            "city": "Xã Lê Lợi",
            "ward": "Xã Lê Lợi"
        }
    },
    "Xã Mù Cả": {
        "Xã Mù Cả": {
            "state": "Lai Châu",
            "city": "Xã Mù Cả",
            "ward": "Xã Mù Cả"
        }
    },
    "Xã Mường Khoa": {
        "Xã Mường Khoa": {
            "state": "Lai Châu",
            "city": "Xã Mường Khoa",
            "ward": "Xã Mường Khoa"
        }
    },
    "Xã Mường Kim": {
        "Xã Mường Kim": {
            "state": "Lai Châu",
            "city": "Xã Mường Kim",
            "ward": "Xã Mường Kim"
        }
    },
    "Xã Mường Mô": {
        "Xã Mường Mô": {
            "state": "Lai Châu",
            "city": "Xã Mường Mô",
            "ward": "Xã Mường Mô"
        }
    },
    "Xã Mường Than": {
        "Xã Mường Than": {
            "state": "Lai Châu",
            "city": "Xã Mường Than",
            "ward": "Xã Mường Than"
        }
    },
    "Xã Mường Tè": {
        "Xã Mường Tè": {
            "state": "Lai Châu",
            "city": "Xã Mường Tè",
            "ward": "Xã Mường Tè"
        }
    },
    "Xã Nậm Cuổi": {
        "Xã Nậm Cuổi": {
            "state": "Lai Châu",
            "city": "Xã Nậm Cuổi",
            "ward": "Xã Nậm Cuổi"
        }
    },
    "Xã Nậm Hàng": {
        "Xã Nậm Hàng": {
            "state": "Lai Châu",
            "city": "Xã Nậm Hàng",
            "ward": "Xã Nậm Hàng"
        }
    },
    "Xã Nậm Mạ": {
        "Xã Nậm Mạ": {
            "state": "Lai Châu",
            "city": "Xã Nậm Mạ",
            "ward": "Xã Nậm Mạ"
        }
    },
    "Xã Nậm Sỏ": {
        "Xã Nậm Sỏ": {
            "state": "Lai Châu",
            "city": "Xã Nậm Sỏ",
            "ward": "Xã Nậm Sỏ"
        }
    },
    "Xã Nậm Tăm": {
        "Xã Nậm Tăm": {
            "state": "Lai Châu",
            "city": "Xã Nậm Tăm",
            "ward": "Xã Nậm Tăm"
        }
    },
    "Xã Pa Tần": {
        "Xã Pa Tần": {
            "state": "Lai Châu",
            "city": "Xã Pa Tần",
            "ward": "Xã Pa Tần"
        }
    },
    "Xã Pa Ủ": {
        "Xã Pa Ủ": {
            "state": "Lai Châu",
            "city": "Xã Pa Ủ",
            "ward": "Xã Pa Ủ"
        }
    },
    "Xã Phong Thổ": {
        "Xã Phong Thổ": {
            "state": "Lai Châu",
            "city": "Xã Phong Thổ",
            "ward": "Xã Phong Thổ"
        }
    },
    "Xã Pu Sam Cáp": {
        "Xã Pu Sam Cáp": {
            "state": "Lai Châu",
            "city": "Xã Pu Sam Cáp",
            "ward": "Xã Pu Sam Cáp"
        }
    },
    "Xã Pắc Ta": {
        "Xã Pắc Ta": {
            "state": "Lai Châu",
            "city": "Xã Pắc Ta",
            "ward": "Xã Pắc Ta"
        }
    },
    "Xã Sin Suối Hồ": {
        "Xã Sin Suối Hồ": {
            "state": "Lai Châu",
            "city": "Xã Sin Suối Hồ",
            "ward": "Xã Sin Suối Hồ"
        }
    },
    "Xã Sì Lở Lầu": {
        "Xã Sì Lở Lầu": {
            "state": "Lai Châu",
            "city": "Xã Sì Lở Lầu",
            "ward": "Xã Sì Lở Lầu"
        }
    },
    "Xã Sìn Hồ": {
        "Xã Sìn Hồ": {
            "state": "Lai Châu",
            "city": "Xã Sìn Hồ",
            "ward": "Xã Sìn Hồ"
        }
    },
    "Xã Than Uyên": {
        "Xã Than Uyên": {
            "state": "Lai Châu",
            "city": "Xã Than Uyên",
            "ward": "Xã Than Uyên"
        }
    },
    "Xã Thu Lũm": {
        "Xã Thu Lũm": {
            "state": "Lai Châu",
            "city": "Xã Thu Lũm",
            "ward": "Xã Thu Lũm"
        }
    },
    "Xã Tà Tổng": {
        "Xã Tà Tổng": {
            "state": "Lai Châu",
            "city": "Xã Tà Tổng",
            "ward": "Xã Tà Tổng"
        }
    },
    "Xã Tân Uyên": {
        "Xã Tân Uyên": {
            "state": "Lai Châu",
            "city": "Xã Tân Uyên",
            "ward": "Xã Tân Uyên"
        }
    },
    "Xã Tả Lèng": {
        "Xã Tả Lèng": {
            "state": "Lai Châu",
            "city": "Xã Tả Lèng",
            "ward": "Xã Tả Lèng"
        }
    },
    "Xã Tủa Sín Chải": {
        "Xã Tủa Sín Chải": {
            "state": "Lai Châu",
            "city": "Xã Tủa Sín Chải",
            "ward": "Xã Tủa Sín Chải"
        }
    }
}