{
    "Đặc khu Phú Quý": {
        "Đặc khu Phú Quý": {
            "state": "Lâm Đồng",
            "city": "Đặc khu Phú Quý",
            "ward": "Đặc khu Phú Quý"
        }
    },
    "Phường 1 Bảo Lộc": {
        "Phường 1 Bảo Lộc": {
            "state": "Lâm Đồng",
            "city": "Phường 1 Bảo Lộc",
            "ward": "Phường 1 Bảo Lộc"
        }
    },
    "Phường 2 Bảo Lộc ": {
        "Phường 2 Bảo Lộc ": {
            "state": "Lâm Đồng",
            "city": "Phường 2 Bảo Lộc ",
            "ward": "Phường 2 Bảo Lộc "
        }
    },
    "Phường 3 Bảo Lộc ": {
        "Phường 3 Bảo Lộc ": {
            "state": "Lâm Đồng",
            "city": "Phường 3 Bảo Lộc ",
            "ward": "Phường 3 Bảo Lộc "
        }
    },
    "Phường Bình Thuận": {
        "Phường Bình Thuận": {
            "state": "Lâm Đồng",
            "city": "Phường Bình Thuận",
            "ward": "Phường Bình Thuận"
        }
    },
    "Phường Bắc Gia Nghĩa": {
        "Phường Bắc Gia Nghĩa": {
            "state": "Lâm Đồng",
            "city": "Phường Bắc Gia Nghĩa",
            "ward": "Phường Bắc Gia Nghĩa"
        }
    },
    "Phường B’Lao": {
        "Phường B’Lao": {
            "state": "Lâm Đồng",
            "city": "Phường B’Lao",
            "ward": "Phường B’Lao"
        }
    },
    "Phường Cam Ly - Đà Lạt ": {
        "Phường Cam Ly - Đà Lạt ": {
            "state": "Lâm Đồng",
            "city": "Phường Cam Ly - Đà Lạt ",
            "ward": "Phường Cam Ly - Đà Lạt "
        }
    },
    "Phường Hàm Thắng": {
        "Phường Hàm Thắng": {
            "state": "Lâm Đồng",
            "city": "Phường Hàm Thắng",
            "ward": "Phường Hàm Thắng"
        }
    },
    "Phường La Gi": {
        "Phường La Gi": {
            "state": "Lâm Đồng",
            "city": "Phường La Gi",
            "ward": "Phường La Gi"
        }
    },
    "Phường Lang Biang - Đà Lạt ": {
        "Phường Lang Biang - Đà Lạt ": {
            "state": "Lâm Đồng",
            "city": "Phường Lang Biang - Đà Lạt ",
            "ward": "Phường Lang Biang - Đà Lạt "
        }
    },
    "Phường Lâm Viên - Đà Lạt ": {
        "Phường Lâm Viên - Đà Lạt ": {
            "state": "Lâm Đồng",
            "city": "Phường Lâm Viên - Đà Lạt ",
            "ward": "Phường Lâm Viên - Đà Lạt "
        }
    },
    "Phường Mũi Né": {
        "Phường Mũi Né": {
            "state": "Lâm Đồng",
            "city": "Phường Mũi Né",
            "ward": "Phường Mũi Né"
        }
    },
    "Phường Nam Gia Nghĩa": {
        "Phường Nam Gia Nghĩa": {
            "state": "Lâm Đồng",
            "city": "Phường Nam Gia Nghĩa",
            "ward": "Phường Nam Gia Nghĩa"
        }
    },
    "Phường Phan Thiết": {
        "Phường Phan Thiết": {
            "state": "Lâm Đồng",
            "city": "Phường Phan Thiết",
            "ward": "Phường Phan Thiết"
        }
    },
    "Phường Phú Thuỷ": {
        "Phường Phú Thuỷ": {
            "state": "Lâm Đồng",
            "city": "Phường Phú Thuỷ",
            "ward": "Phường Phú Thuỷ"
        }
    },
    "Phường Phước Hội": {
        "Phường Phước Hội": {
            "state": "Lâm Đồng",
            "city": "Phường Phước Hội",
            "ward": "Phường Phước Hội"
        }
    },
    "Phường Tiến Thành": {
        "Phường Tiến Thành": {
            "state": "Lâm Đồng",
            "city": "Phường Tiến Thành",
            "ward": "Phường Tiến Thành"
        }
    },
    "Phường Xuân Hương - Đà Lạt": {
        "Phường Xuân Hương - Đà Lạt": {
            "state": "Lâm Đồng",
            "city": "Phường Xuân Hương - Đà Lạt",
            "ward": "Phường Xuân Hương - Đà Lạt"
        }
    },
    "Phường Xuân Trường - Đà Lạt ": {
        "Phường Xuân Trường - Đà Lạt ": {
            "state": "Lâm Đồng",
            "city": "Phường Xuân Trường - Đà Lạt ",
            "ward": "Phường Xuân Trường - Đà Lạt "
        }
    },
    "Phường Đông Gia Nghĩa": {
        "Phường Đông Gia Nghĩa": {
            "state": "Lâm Đồng",
            "city": "Phường Đông Gia Nghĩa",
            "ward": "Phường Đông Gia Nghĩa"
        }
    },
    "Xã Bảo Lâm 1 ": {
        "Xã Bảo Lâm 1 ": {
            "state": "Lâm Đồng",
            "city": "Xã Bảo Lâm 1 ",
            "ward": "Xã Bảo Lâm 1 "
        }
    },
    "Xã Bảo Lâm 2": {
        "Xã Bảo Lâm 2": {
            "state": "Lâm Đồng",
            "city": "Xã Bảo Lâm 2",
            "ward": "Xã Bảo Lâm 2"
        }
    },
    "Xã Bảo Lâm 3 ": {
        "Xã Bảo Lâm 3 ": {
            "state": "Lâm Đồng",
            "city": "Xã Bảo Lâm 3 ",
            "ward": "Xã Bảo Lâm 3 "
        }
    },
    "Xã Bảo Lâm 4 ": {
        "Xã Bảo Lâm 4 ": {
            "state": "Lâm Đồng",
            "city": "Xã Bảo Lâm 4 ",
            "ward": "Xã Bảo Lâm 4 "
        }
    },
    "Xã Bảo Lâm 5 ": {
        "Xã Bảo Lâm 5 ": {
            "state": "Lâm Đồng",
            "city": "Xã Bảo Lâm 5 ",
            "ward": "Xã Bảo Lâm 5 "
        }
    },
    "Xã Bảo Thuận ": {
        "Xã Bảo Thuận ": {
            "state": "Lâm Đồng",
            "city": "Xã Bảo Thuận ",
            "ward": "Xã Bảo Thuận "
        }
    },
    "Xã Bắc Bình": {
        "Xã Bắc Bình": {
            "state": "Lâm Đồng",
            "city": "Xã Bắc Bình",
            "ward": "Xã Bắc Bình"
        }
    },
    "Xã Bắc Ruộng": {
        "Xã Bắc Ruộng": {
            "state": "Lâm Đồng",
            "city": "Xã Bắc Ruộng",
            "ward": "Xã Bắc Ruộng"
        }
    },
    "Xã Cát Tiên": {
        "Xã Cát Tiên": {
            "state": "Lâm Đồng",
            "city": "Xã Cát Tiên",
            "ward": "Xã Cát Tiên"
        }
    },
    "Xã Cát Tiên 2": {
        "Xã Cát Tiên 2": {
            "state": "Lâm Đồng",
            "city": "Xã Cát Tiên 2",
            "ward": "Xã Cát Tiên 2"
        }
    },
    "Xã Cát Tiên 3 ": {
        "Xã Cát Tiên 3 ": {
            "state": "Lâm Đồng",
            "city": "Xã Cát Tiên 3 ",
            "ward": "Xã Cát Tiên 3 "
        }
    },
    "Xã Cư Jút": {
        "Xã Cư Jút": {
            "state": "Lâm Đồng",
            "city": "Xã Cư Jút",
            "ward": "Xã Cư Jút"
        }
    },
    "Xã Di Linh": {
        "Xã Di Linh": {
            "state": "Lâm Đồng",
            "city": "Xã Di Linh",
            "ward": "Xã Di Linh"
        }
    },
    "Xã D’Ran": {
        "Xã D’Ran": {
            "state": "Lâm Đồng",
            "city": "Xã D’Ran",
            "ward": "Xã D’Ran"
        }
    },
    "Xã Gia Hiệp": {
        "Xã Gia Hiệp": {
            "state": "Lâm Đồng",
            "city": "Xã Gia Hiệp",
            "ward": "Xã Gia Hiệp"
        }
    },
    "Xã Hiệp Thạnh ": {
        "Xã Hiệp Thạnh ": {
            "state": "Lâm Đồng",
            "city": "Xã Hiệp Thạnh ",
            "ward": "Xã Hiệp Thạnh "
        }
    },
    "Xã Hoài Đức": {
        "Xã Hoài Đức": {
            "state": "Lâm Đồng",
            "city": "Xã Hoài Đức",
            "ward": "Xã Hoài Đức"
        }
    },
    "Xã Hàm Kiệm": {
        "Xã Hàm Kiệm": {
            "state": "Lâm Đồng",
            "city": "Xã Hàm Kiệm",
            "ward": "Xã Hàm Kiệm"
        }
    },
    "Xã Hàm Liêm": {
        "Xã Hàm Liêm": {
            "state": "Lâm Đồng",
            "city": "Xã Hàm Liêm",
            "ward": "Xã Hàm Liêm"
        }
    },
    "Xã Hàm Thuận": {
        "Xã Hàm Thuận": {
            "state": "Lâm Đồng",
            "city": "Xã Hàm Thuận",
            "ward": "Xã Hàm Thuận"
        }
    },
    "Xã Hàm Thuận Bắc": {
        "Xã Hàm Thuận Bắc": {
            "state": "Lâm Đồng",
            "city": "Xã Hàm Thuận Bắc",
            "ward": "Xã Hàm Thuận Bắc"
        }
    },
    "Xã Hàm Thuận Nam": {
        "Xã Hàm Thuận Nam": {
            "state": "Lâm Đồng",
            "city": "Xã Hàm Thuận Nam",
            "ward": "Xã Hàm Thuận Nam"
        }
    },
    "Xã Hàm Thạnh": {
        "Xã Hàm Thạnh": {
            "state": "Lâm Đồng",
            "city": "Xã Hàm Thạnh",
            "ward": "Xã Hàm Thạnh"
        }
    },
    "Xã Hàm Tân": {
        "Xã Hàm Tân": {
            "state": "Lâm Đồng",
            "city": "Xã Hàm Tân",
            "ward": "Xã Hàm Tân"
        }
    },
    "Xã Hòa Bắc": {
        "Xã Hòa Bắc": {
            "state": "Lâm Đồng",
            "city": "Xã Hòa Bắc",
            "ward": "Xã Hòa Bắc"
        }
    },
    "Xã Hòa Ninh": {
        "Xã Hòa Ninh": {
            "state": "Lâm Đồng",
            "city": "Xã Hòa Ninh",
            "ward": "Xã Hòa Ninh"
        }
    },
    "Xã Hòa Thắng": {
        "Xã Hòa Thắng": {
            "state": "Lâm Đồng",
            "city": "Xã Hòa Thắng",
            "ward": "Xã Hòa Thắng"
        }
    },
    "Xã Hải Ninh": {
        "Xã Hải Ninh": {
            "state": "Lâm Đồng",
            "city": "Xã Hải Ninh",
            "ward": "Xã Hải Ninh"
        }
    },
    "Xã Hồng Sơn": {
        "Xã Hồng Sơn": {
            "state": "Lâm Đồng",
            "city": "Xã Hồng Sơn",
            "ward": "Xã Hồng Sơn"
        }
    },
    "Xã Hồng Thái": {
        "Xã Hồng Thái": {
            "state": "Lâm Đồng",
            "city": "Xã Hồng Thái",
            "ward": "Xã Hồng Thái"
        }
    },
    "Xã Ka Đô": {
        "Xã Ka Đô": {
            "state": "Lâm Đồng",
            "city": "Xã Ka Đô",
            "ward": "Xã Ka Đô"
        }
    },
    "Xã Kiến Đức": {
        "Xã Kiến Đức": {
            "state": "Lâm Đồng",
            "city": "Xã Kiến Đức",
            "ward": "Xã Kiến Đức"
        }
    },
    "Xã Krông Nô": {
        "Xã Krông Nô": {
            "state": "Lâm Đồng",
            "city": "Xã Krông Nô",
            "ward": "Xã Krông Nô"
        }
    },
    "Xã La Dạ": {
        "Xã La Dạ": {
            "state": "Lâm Đồng",
            "city": "Xã La Dạ",
            "ward": "Xã La Dạ"
        }
    },
    "Xã Liên Hương": {
        "Xã Liên Hương": {
            "state": "Lâm Đồng",
            "city": "Xã Liên Hương",
            "ward": "Xã Liên Hương"
        }
    },
    "Xã Lương Sơn": {
        "Xã Lương Sơn": {
            "state": "Lâm Đồng",
            "city": "Xã Lương Sơn",
            "ward": "Xã Lương Sơn"
        }
    },
    "Xã Lạc Dương": {
        "Xã Lạc Dương": {
            "state": "Lâm Đồng",
            "city": "Xã Lạc Dương",
            "ward": "Xã Lạc Dương"
        }
    },
    "Xã Nam Ban Lâm Hà": {
        "Xã Nam Ban Lâm Hà": {
            "state": "Lâm Đồng",
            "city": "Xã Nam Ban Lâm Hà",
            "ward": "Xã Nam Ban Lâm Hà"
        }
    },
    "Xã Nam Dong": {
        "Xã Nam Dong": {
            "state": "Lâm Đồng",
            "city": "Xã Nam Dong",
            "ward": "Xã Nam Dong"
        }
    },
    "Xã Nam Hà Lâm Hà": {
        "Xã Nam Hà Lâm Hà": {
            "state": "Lâm Đồng",
            "city": "Xã Nam Hà Lâm Hà",
            "ward": "Xã Nam Hà Lâm Hà"
        }
    },
    "Xã Nam Thành": {
        "Xã Nam Thành": {
            "state": "Lâm Đồng",
            "city": "Xã Nam Thành",
            "ward": "Xã Nam Thành"
        }
    },
    "Xã Nam Đà": {
        "Xã Nam Đà": {
            "state": "Lâm Đồng",
            "city": "Xã Nam Đà",
            "ward": "Xã Nam Đà"
        }
    },
    "Xã Nghị Đức": {
        "Xã Nghị Đức": {
            "state": "Lâm Đồng",
            "city": "Xã Nghị Đức",
            "ward": "Xã Nghị Đức"
        }
    },
    "Xã Nhân Cơ": {
        "Xã Nhân Cơ": {
            "state": "Lâm Đồng",
            "city": "Xã Nhân Cơ",
            "ward": "Xã Nhân Cơ"
        }
    },
    "Xã Ninh Gia ": {
        "Xã Ninh Gia ": {
            "state": "Lâm Đồng",
            "city": "Xã Ninh Gia ",
            "ward": "Xã Ninh Gia "
        }
    },
    "Xã Nâm Nung": {
        "Xã Nâm Nung": {
            "state": "Lâm Đồng",
            "city": "Xã Nâm Nung",
            "ward": "Xã Nâm Nung"
        }
    },
    "Xã Phan Rí Cửa": {
        "Xã Phan Rí Cửa": {
            "state": "Lâm Đồng",
            "city": "Xã Phan Rí Cửa",
            "ward": "Xã Phan Rí Cửa"
        }
    },
    "Xã Phan Sơn": {
        "Xã Phan Sơn": {
            "state": "Lâm Đồng",
            "city": "Xã Phan Sơn",
            "ward": "Xã Phan Sơn"
        }
    },
    "Xã Phú Sơn Lâm Hà": {
        "Xã Phú Sơn Lâm Hà": {
            "state": "Lâm Đồng",
            "city": "Xã Phú Sơn Lâm Hà",
            "ward": "Xã Phú Sơn Lâm Hà"
        }
    },
    "Xã Phúc Thọ Lâm Hà": {
        "Xã Phúc Thọ Lâm Hà": {
            "state": "Lâm Đồng",
            "city": "Xã Phúc Thọ Lâm Hà",
            "ward": "Xã Phúc Thọ Lâm Hà"
        }
    },
    "Xã Quảng Hòa": {
        "Xã Quảng Hòa": {
            "state": "Lâm Đồng",
            "city": "Xã Quảng Hòa",
            "ward": "Xã Quảng Hòa"
        }
    },
    "Xã Quảng Khê ": {
        "Xã Quảng Khê ": {
            "state": "Lâm Đồng",
            "city": "Xã Quảng Khê ",
            "ward": "Xã Quảng Khê "
        }
    },
    "Xã Quảng Lập": {
        "Xã Quảng Lập": {
            "state": "Lâm Đồng",
            "city": "Xã Quảng Lập",
            "ward": "Xã Quảng Lập"
        }
    },
    "Xã Quảng Phú": {
        "Xã Quảng Phú": {
            "state": "Lâm Đồng",
            "city": "Xã Quảng Phú",
            "ward": "Xã Quảng Phú"
        }
    },
    "Xã Quảng Sơn": {
        "Xã Quảng Sơn": {
            "state": "Lâm Đồng",
            "city": "Xã Quảng Sơn",
            "ward": "Xã Quảng Sơn"
        }
    },
    "Xã Quảng Trực": {
        "Xã Quảng Trực": {
            "state": "Lâm Đồng",
            "city": "Xã Quảng Trực",
            "ward": "Xã Quảng Trực"
        }
    },
    "Xã Quảng Tân": {
        "Xã Quảng Tân": {
            "state": "Lâm Đồng",
            "city": "Xã Quảng Tân",
            "ward": "Xã Quảng Tân"
        }
    },
    "Xã Quảng Tín": {
        "Xã Quảng Tín": {
            "state": "Lâm Đồng",
            "city": "Xã Quảng Tín",
            "ward": "Xã Quảng Tín"
        }
    },
    "Xã Suối Kiết": {
        "Xã Suối Kiết": {
            "state": "Lâm Đồng",
            "city": "Xã Suối Kiết",
            "ward": "Xã Suối Kiết"
        }
    },
    "Xã Sông Lũy": {
        "Xã Sông Lũy": {
            "state": "Lâm Đồng",
            "city": "Xã Sông Lũy",
            "ward": "Xã Sông Lũy"
        }
    },
    "Xã Sơn Mỹ": {
        "Xã Sơn Mỹ": {
            "state": "Lâm Đồng",
            "city": "Xã Sơn Mỹ",
            "ward": "Xã Sơn Mỹ"
        }
    },
    "Xã Sơn Điền ": {
        "Xã Sơn Điền ": {
            "state": "Lâm Đồng",
            "city": "Xã Sơn Điền ",
            "ward": "Xã Sơn Điền "
        }
    },
    "Xã Thuận An": {
        "Xã Thuận An": {
            "state": "Lâm Đồng",
            "city": "Xã Thuận An",
            "ward": "Xã Thuận An"
        }
    },
    "Xã Thuận Hạnh": {
        "Xã Thuận Hạnh": {
            "state": "Lâm Đồng",
            "city": "Xã Thuận Hạnh",
            "ward": "Xã Thuận Hạnh"
        }
    },
    "Xã Trà Tân": {
        "Xã Trà Tân": {
            "state": "Lâm Đồng",
            "city": "Xã Trà Tân",
            "ward": "Xã Trà Tân"
        }
    },
    "Xã Trường Xuân": {
        "Xã Trường Xuân": {
            "state": "Lâm Đồng",
            "city": "Xã Trường Xuân",
            "ward": "Xã Trường Xuân"
        }
    },
    "Xã Tuy Phong": {
        "Xã Tuy Phong": {
            "state": "Lâm Đồng",
            "city": "Xã Tuy Phong",
            "ward": "Xã Tuy Phong"
        }
    },
    "Xã Tuy Đức": {
        "Xã Tuy Đức": {
            "state": "Lâm Đồng",
            "city": "Xã Tuy Đức",
            "ward": "Xã Tuy Đức"
        }
    },
    "Xã Tuyên Quang": {
        "Xã Tuyên Quang": {
            "state": "Lâm Đồng",
            "city": "Xã Tuyên Quang",
            "ward": "Xã Tuyên Quang"
        }
    },
    "Xã Tà Hine ": {
        "Xã Tà Hine ": {
            "state": "Lâm Đồng",
            "city": "Xã Tà Hine ",
            "ward": "Xã Tà Hine "
        }
    },
    "Xã Tà Năng": {
        "Xã Tà Năng": {
            "state": "Lâm Đồng",
            "city": "Xã Tà Năng",
            "ward": "Xã Tà Năng"
        }
    },
    "Xã Tà Đùng": {
        "Xã Tà Đùng": {
            "state": "Lâm Đồng",
            "city": "Xã Tà Đùng",
            "ward": "Xã Tà Đùng"
        }
    },
    "Xã Tánh Linh": {
        "Xã Tánh Linh": {
            "state": "Lâm Đồng",
            "city": "Xã Tánh Linh",
            "ward": "Xã Tánh Linh"
        }
    },
    "Xã Tân Hà Lâm Hà ": {
        "Xã Tân Hà Lâm Hà ": {
            "state": "Lâm Đồng",
            "city": "Xã Tân Hà Lâm Hà ",
            "ward": "Xã Tân Hà Lâm Hà "
        }
    },
    "Xã Tân Hải": {
        "Xã Tân Hải": {
            "state": "Lâm Đồng",
            "city": "Xã Tân Hải",
            "ward": "Xã Tân Hải"
        }
    },
    "Xã Tân Hội": {
        "Xã Tân Hội": {
            "state": "Lâm Đồng",
            "city": "Xã Tân Hội",
            "ward": "Xã Tân Hội"
        }
    },
    "Xã Tân Lập": {
        "Xã Tân Lập": {
            "state": "Lâm Đồng",
            "city": "Xã Tân Lập",
            "ward": "Xã Tân Lập"
        }
    },
    "Xã Tân Minh": {
        "Xã Tân Minh": {
            "state": "Lâm Đồng",
            "city": "Xã Tân Minh",
            "ward": "Xã Tân Minh"
        }
    },
    "Xã Tân Thành": {
        "Xã Tân Thành": {
            "state": "Lâm Đồng",
            "city": "Xã Tân Thành",
            "ward": "Xã Tân Thành"
        }
    },
    "Xã Vĩnh Hảo": {
        "Xã Vĩnh Hảo": {
            "state": "Lâm Đồng",
            "city": "Xã Vĩnh Hảo",
            "ward": "Xã Vĩnh Hảo"
        }
    },
    "Xã Đam Rông 1": {
        "Xã Đam Rông 1": {
            "state": "Lâm Đồng",
            "city": "Xã Đam Rông 1",
            "ward": "Xã Đam Rông 1"
        }
    },
    "Xã Đam Rông 2": {
        "Xã Đam Rông 2": {
            "state": "Lâm Đồng",
            "city": "Xã Đam Rông 2",
            "ward": "Xã Đam Rông 2"
        }
    },
    "Xã Đam Rông 3 ": {
        "Xã Đam Rông 3 ": {
            "state": "Lâm Đồng",
            "city": "Xã Đam Rông 3 ",
            "ward": "Xã Đam Rông 3 "
        }
    },
    "Xã Đam Rông 4 ": {
        "Xã Đam Rông 4 ": {
            "state": "Lâm Đồng",
            "city": "Xã Đam Rông 4 ",
            "ward": "Xã Đam Rông 4 "
        }
    },
    "Xã Đinh Trang Thượng": {
        "Xã Đinh Trang Thượng": {
            "state": "Lâm Đồng",
            "city": "Xã Đinh Trang Thượng",
            "ward": "Xã Đinh Trang Thượng"
        }
    },
    "Xã Đinh Văn Lâm Hà ": {
        "Xã Đinh Văn Lâm Hà ": {
            "state": "Lâm Đồng",
            "city": "Xã Đinh Văn Lâm Hà ",
            "ward": "Xã Đinh Văn Lâm Hà "
        }
    },
    "Xã Đông Giang": {
        "Xã Đông Giang": {
            "state": "Lâm Đồng",
            "city": "Xã Đông Giang",
            "ward": "Xã Đông Giang"
        }
    },
    "Xã Đơn Dương ": {
        "Xã Đơn Dương ": {
            "state": "Lâm Đồng",
            "city": "Xã Đơn Dương ",
            "ward": "Xã Đơn Dương "
        }
    },
    "Xã Đạ Huoai ": {
        "Xã Đạ Huoai ": {
            "state": "Lâm Đồng",
            "city": "Xã Đạ Huoai ",
            "ward": "Xã Đạ Huoai "
        }
    },
    "Xã Đạ Huoai 2 ": {
        "Xã Đạ Huoai 2 ": {
            "state": "Lâm Đồng",
            "city": "Xã Đạ Huoai 2 ",
            "ward": "Xã Đạ Huoai 2 "
        }
    },
    "Xã Đạ Huoai 3 ": {
        "Xã Đạ Huoai 3 ": {
            "state": "Lâm Đồng",
            "city": "Xã Đạ Huoai 3 ",
            "ward": "Xã Đạ Huoai 3 "
        }
    },
    "Xã Đạ Tẻh ": {
        "Xã Đạ Tẻh ": {
            "state": "Lâm Đồng",
            "city": "Xã Đạ Tẻh ",
            "ward": "Xã Đạ Tẻh "
        }
    },
    "Xã Đạ Tẻh 2 ": {
        "Xã Đạ Tẻh 2 ": {
            "state": "Lâm Đồng",
            "city": "Xã Đạ Tẻh 2 ",
            "ward": "Xã Đạ Tẻh 2 "
        }
    },
    "Xã Đạ Tẻh 3 ": {
        "Xã Đạ Tẻh 3 ": {
            "state": "Lâm Đồng",
            "city": "Xã Đạ Tẻh 3 ",
            "ward": "Xã Đạ Tẻh 3 "
        }
    },
    "Xã Đắk Mil": {
        "Xã Đắk Mil": {
            "state": "Lâm Đồng",
            "city": "Xã Đắk Mil",
            "ward": "Xã Đắk Mil"
        }
    },
    "Xã Đắk Song": {
        "Xã Đắk Song": {
            "state": "Lâm Đồng",
            "city": "Xã Đắk Song",
            "ward": "Xã Đắk Song"
        }
    },
    "Xã Đắk Sắk": {
        "Xã Đắk Sắk": {
            "state": "Lâm Đồng",
            "city": "Xã Đắk Sắk",
            "ward": "Xã Đắk Sắk"
        }
    },
    "Xã Đắk Wil": {
        "Xã Đắk Wil": {
            "state": "Lâm Đồng",
            "city": "Xã Đắk Wil",
            "ward": "Xã Đắk Wil"
        }
    },
    "Xã Đồng Kho": {
        "Xã Đồng Kho": {
            "state": "Lâm Đồng",
            "city": "Xã Đồng Kho",
            "ward": "Xã Đồng Kho"
        }
    },
    "Xã Đức An": {
        "Xã Đức An": {
            "state": "Lâm Đồng",
            "city": "Xã Đức An",
            "ward": "Xã Đức An"
        }
    },
    "Xã Đức Linh": {
        "Xã Đức Linh": {
            "state": "Lâm Đồng",
            "city": "Xã Đức Linh",
            "ward": "Xã Đức Linh"
        }
    },
    "Xã Đức Lập": {
        "Xã Đức Lập": {
            "state": "Lâm Đồng",
            "city": "Xã Đức Lập",
            "ward": "Xã Đức Lập"
        }
    },
    "Xã Đức Trọng": {
        "Xã Đức Trọng": {
            "state": "Lâm Đồng",
            "city": "Xã Đức Trọng",
            "ward": "Xã Đức Trọng"
        }
    }
}