{
    "Phường Kỳ Lừa": {
        "Phường Kỳ Lừa": {
            "state": "Lạng Sơn",
            "city": "Phường Kỳ Lừa",
            "ward": "Phường Kỳ Lừa"
        }
    },
    "Phường Lương Văn Tri": {
        "Phường Lương Văn Tri": {
            "state": "Lạng Sơn",
            "city": "Phường Lương Văn Tri",
            "ward": "Phường Lương Văn Tri"
        }
    },
    "Phường Tam Thanh": {
        "Phường Tam Thanh": {
            "state": "Lạng Sơn",
            "city": "Phường Tam Thanh",
            "ward": "Phường Tam Thanh"
        }
    },
    "Phường Đông Kinh": {
        "Phường Đông Kinh": {
            "state": "Lạng Sơn",
            "city": "Phường Đông Kinh",
            "ward": "Phường Đông Kinh"
        }
    },
    "Xã Ba Sơn": {
        "Xã Ba Sơn": {
            "state": "Lạng Sơn",
            "city": "Xã Ba Sơn",
            "ward": "Xã Ba Sơn"
        }
    },
    "Xã Bình Gia": {
        "Xã Bình Gia": {
            "state": "Lạng Sơn",
            "city": "Xã Bình Gia",
            "ward": "Xã Bình Gia"
        }
    },
    "Xã Bắc Sơn": {
        "Xã Bắc Sơn": {
            "state": "Lạng Sơn",
            "city": "Xã Bắc Sơn",
            "ward": "Xã Bắc Sơn"
        }
    },
    "Xã Bằng Mạc": {
        "Xã Bằng Mạc": {
            "state": "Lạng Sơn",
            "city": "Xã Bằng Mạc",
            "ward": "Xã Bằng Mạc"
        }
    },
    "Xã Cai Kinh": {
        "Xã Cai Kinh": {
            "state": "Lạng Sơn",
            "city": "Xã Cai Kinh",
            "ward": "Xã Cai Kinh"
        }
    },
    "Xã Cao Lộc": {
        "Xã Cao Lộc": {
            "state": "Lạng Sơn",
            "city": "Xã Cao Lộc",
            "ward": "Xã Cao Lộc"
        }
    },
    "Xã Chi Lăng": {
        "Xã Chi Lăng": {
            "state": "Lạng Sơn",
            "city": "Xã Chi Lăng",
            "ward": "Xã Chi Lăng"
        }
    },
    "Xã Chiến Thắng": {
        "Xã Chiến Thắng": {
            "state": "Lạng Sơn",
            "city": "Xã Chiến Thắng",
            "ward": "Xã Chiến Thắng"
        }
    },
    "Xã Châu Sơn": {
        "Xã Châu Sơn": {
            "state": "Lạng Sơn",
            "city": "Xã Châu Sơn",
            "ward": "Xã Châu Sơn"
        }
    },
    "Xã Công Sơn": {
        "Xã Công Sơn": {
            "state": "Lạng Sơn",
            "city": "Xã Công Sơn",
            "ward": "Xã Công Sơn"
        }
    },
    "Xã Hoa Thám": {
        "Xã Hoa Thám": {
            "state": "Lạng Sơn",
            "city": "Xã Hoa Thám",
            "ward": "Xã Hoa Thám"
        }
    },
    "Xã Hoàng Văn Thụ": {
        "Xã Hoàng Văn Thụ": {
            "state": "Lạng Sơn",
            "city": "Xã Hoàng Văn Thụ",
            "ward": "Xã Hoàng Văn Thụ"
        }
    },
    "Xã Hưng Vũ": {
        "Xã Hưng Vũ": {
            "state": "Lạng Sơn",
            "city": "Xã Hưng Vũ",
            "ward": "Xã Hưng Vũ"
        }
    },
    "Xã Hồng Phong": {
        "Xã Hồng Phong": {
            "state": "Lạng Sơn",
            "city": "Xã Hồng Phong",
            "ward": "Xã Hồng Phong"
        }
    },
    "Xã Hội Hoan": {
        "Xã Hội Hoan": {
            "state": "Lạng Sơn",
            "city": "Xã Hội Hoan",
            "ward": "Xã Hội Hoan"
        }
    },
    "Xã Hữu Liên": {
        "Xã Hữu Liên": {
            "state": "Lạng Sơn",
            "city": "Xã Hữu Liên",
            "ward": "Xã Hữu Liên"
        }
    },
    "Xã Hữu Lũng": {
        "Xã Hữu Lũng": {
            "state": "Lạng Sơn",
            "city": "Xã Hữu Lũng",
            "ward": "Xã Hữu Lũng"
        }
    },
    "Xã Khuất Xá": {
        "Xã Khuất Xá": {
            "state": "Lạng Sơn",
            "city": "Xã Khuất Xá",
            "ward": "Xã Khuất Xá"
        }
    },
    "Xã Kháng Chiến": {
        "Xã Kháng Chiến": {
            "state": "Lạng Sơn",
            "city": "Xã Kháng Chiến",
            "ward": "Xã Kháng Chiến"
        }
    },
    "Xã Khánh Khê": {
        "Xã Khánh Khê": {
            "state": "Lạng Sơn",
            "city": "Xã Khánh Khê",
            "ward": "Xã Khánh Khê"
        }
    },
    "Xã Kiên Mộc": {
        "Xã Kiên Mộc": {
            "state": "Lạng Sơn",
            "city": "Xã Kiên Mộc",
            "ward": "Xã Kiên Mộc"
        }
    },
    "Xã Lộc Bình": {
        "Xã Lộc Bình": {
            "state": "Lạng Sơn",
            "city": "Xã Lộc Bình",
            "ward": "Xã Lộc Bình"
        }
    },
    "Xã Lợi Bác": {
        "Xã Lợi Bác": {
            "state": "Lạng Sơn",
            "city": "Xã Lợi Bác",
            "ward": "Xã Lợi Bác"
        }
    },
    "Xã Mẫu Sơn": {
        "Xã Mẫu Sơn": {
            "state": "Lạng Sơn",
            "city": "Xã Mẫu Sơn",
            "ward": "Xã Mẫu Sơn"
        }
    },
    "Xã Na Dương": {
        "Xã Na Dương": {
            "state": "Lạng Sơn",
            "city": "Xã Na Dương",
            "ward": "Xã Na Dương"
        }
    },
    "Xã Na Sầm": {
        "Xã Na Sầm": {
            "state": "Lạng Sơn",
            "city": "Xã Na Sầm",
            "ward": "Xã Na Sầm"
        }
    },
    "Xã Nhân Lý": {
        "Xã Nhân Lý": {
            "state": "Lạng Sơn",
            "city": "Xã Nhân Lý",
            "ward": "Xã Nhân Lý"
        }
    },
    "Xã Nhất Hòa": {
        "Xã Nhất Hòa": {
            "state": "Lạng Sơn",
            "city": "Xã Nhất Hòa",
            "ward": "Xã Nhất Hòa"
        }
    },
    "Xã Quan Sơn": {
        "Xã Quan Sơn": {
            "state": "Lạng Sơn",
            "city": "Xã Quan Sơn",
            "ward": "Xã Quan Sơn"
        }
    },
    "Xã Quý Hòa": {
        "Xã Quý Hòa": {
            "state": "Lạng Sơn",
            "city": "Xã Quý Hòa",
            "ward": "Xã Quý Hòa"
        }
    },
    "Xã Quốc Khánh": {
        "Xã Quốc Khánh": {
            "state": "Lạng Sơn",
            "city": "Xã Quốc Khánh",
            "ward": "Xã Quốc Khánh"
        }
    },
    "Xã Quốc Việt": {
        "Xã Quốc Việt": {
            "state": "Lạng Sơn",
            "city": "Xã Quốc Việt",
            "ward": "Xã Quốc Việt"
        }
    },
    "Xã Thiện Hòa": {
        "Xã Thiện Hòa": {
            "state": "Lạng Sơn",
            "city": "Xã Thiện Hòa",
            "ward": "Xã Thiện Hòa"
        }
    },
    "Xã Thiện Long": {
        "Xã Thiện Long": {
            "state": "Lạng Sơn",
            "city": "Xã Thiện Long",
            "ward": "Xã Thiện Long"
        }
    },
    "Xã Thiện Thuật": {
        "Xã Thiện Thuật": {
            "state": "Lạng Sơn",
            "city": "Xã Thiện Thuật",
            "ward": "Xã Thiện Thuật"
        }
    },
    "Xã Thiện Tân": {
        "Xã Thiện Tân": {
            "state": "Lạng Sơn",
            "city": "Xã Thiện Tân",
            "ward": "Xã Thiện Tân"
        }
    },
    "Xã Thái Bình": {
        "Xã Thái Bình": {
            "state": "Lạng Sơn",
            "city": "Xã Thái Bình",
            "ward": "Xã Thái Bình"
        }
    },
    "Xã Thất Khê": {
        "Xã Thất Khê": {
            "state": "Lạng Sơn",
            "city": "Xã Thất Khê",
            "ward": "Xã Thất Khê"
        }
    },
    "Xã Thống Nhất": {
        "Xã Thống Nhất": {
            "state": "Lạng Sơn",
            "city": "Xã Thống Nhất",
            "ward": "Xã Thống Nhất"
        }
    },
    "Xã Thụy Hùng": {
        "Xã Thụy Hùng": {
            "state": "Lạng Sơn",
            "city": "Xã Thụy Hùng",
            "ward": "Xã Thụy Hùng"
        }
    },
    "Xã Tri Lễ": {
        "Xã Tri Lễ": {
            "state": "Lạng Sơn",
            "city": "Xã Tri Lễ",
            "ward": "Xã Tri Lễ"
        }
    },
    "Xã Tràng Định": {
        "Xã Tràng Định": {
            "state": "Lạng Sơn",
            "city": "Xã Tràng Định",
            "ward": "Xã Tràng Định"
        }
    },
    "Xã Tuấn Sơn": {
        "Xã Tuấn Sơn": {
            "state": "Lạng Sơn",
            "city": "Xã Tuấn Sơn",
            "ward": "Xã Tuấn Sơn"
        }
    },
    "Xã Tân Thành": {
        "Xã Tân Thành": {
            "state": "Lạng Sơn",
            "city": "Xã Tân Thành",
            "ward": "Xã Tân Thành"
        }
    },
    "Xã Tân Tiến": {
        "Xã Tân Tiến": {
            "state": "Lạng Sơn",
            "city": "Xã Tân Tiến",
            "ward": "Xã Tân Tiến"
        }
    },
    "Xã Tân Tri": {
        "Xã Tân Tri": {
            "state": "Lạng Sơn",
            "city": "Xã Tân Tri",
            "ward": "Xã Tân Tri"
        }
    },
    "Xã Tân Văn": {
        "Xã Tân Văn": {
            "state": "Lạng Sơn",
            "city": "Xã Tân Văn",
            "ward": "Xã Tân Văn"
        }
    },
    "Xã Tân Đoàn": {
        "Xã Tân Đoàn": {
            "state": "Lạng Sơn",
            "city": "Xã Tân Đoàn",
            "ward": "Xã Tân Đoàn"
        }
    },
    "Xã Vân Nham": {
        "Xã Vân Nham": {
            "state": "Lạng Sơn",
            "city": "Xã Vân Nham",
            "ward": "Xã Vân Nham"
        }
    },
    "Xã Văn Lãng": {
        "Xã Văn Lãng": {
            "state": "Lạng Sơn",
            "city": "Xã Văn Lãng",
            "ward": "Xã Văn Lãng"
        }
    },
    "Xã Văn Quan": {
        "Xã Văn Quan": {
            "state": "Lạng Sơn",
            "city": "Xã Văn Quan",
            "ward": "Xã Văn Quan"
        }
    },
    "Xã Vũ Lăng": {
        "Xã Vũ Lăng": {
            "state": "Lạng Sơn",
            "city": "Xã Vũ Lăng",
            "ward": "Xã Vũ Lăng"
        }
    },
    "Xã Vũ Lễ": {
        "Xã Vũ Lễ": {
            "state": "Lạng Sơn",
            "city": "Xã Vũ Lễ",
            "ward": "Xã Vũ Lễ"
        }
    },
    "Xã Vạn Linh": {
        "Xã Vạn Linh": {
            "state": "Lạng Sơn",
            "city": "Xã Vạn Linh",
            "ward": "Xã Vạn Linh"
        }
    },
    "Xã Xuân Dương": {
        "Xã Xuân Dương": {
            "state": "Lạng Sơn",
            "city": "Xã Xuân Dương",
            "ward": "Xã Xuân Dương"
        }
    },
    "Xã Yên Bình": {
        "Xã Yên Bình": {
            "state": "Lạng Sơn",
            "city": "Xã Yên Bình",
            "ward": "Xã Yên Bình"
        }
    },
    "Xã Yên Phúc": {
        "Xã Yên Phúc": {
            "state": "Lạng Sơn",
            "city": "Xã Yên Phúc",
            "ward": "Xã Yên Phúc"
        }
    },
    "Xã Điềm He": {
        "Xã Điềm He": {
            "state": "Lạng Sơn",
            "city": "Xã Điềm He",
            "ward": "Xã Điềm He"
        }
    },
    "Xã Đoàn Kết": {
        "Xã Đoàn Kết": {
            "state": "Lạng Sơn",
            "city": "Xã Đoàn Kết",
            "ward": "Xã Đoàn Kết"
        }
    },
    "Xã Đình Lập": {
        "Xã Đình Lập": {
            "state": "Lạng Sơn",
            "city": "Xã Đình Lập",
            "ward": "Xã Đình Lập"
        }
    },
    "Xã Đồng Đăng": {
        "Xã Đồng Đăng": {
            "state": "Lạng Sơn",
            "city": "Xã Đồng Đăng",
            "ward": "Xã Đồng Đăng"
        }
    }
}