{
    "Phường Cam Đường": {
        "Phường Cam Đường": {
            "state": "Lào Cai",
            "city": "Phường Cam Đường",
            "ward": "Phường Cam Đường"
        }
    },
    "Phường Cầu Thia": {
        "Phường Cầu Thia": {
            "state": "Lào Cai",
            "city": "Phường Cầu Thia",
            "ward": "Phường Cầu Thia"
        }
    },
    "Phường Lào Cai": {
        "Phường Lào Cai": {
            "state": "Lào Cai",
            "city": "Phường Lào Cai",
            "ward": "Phường Lào Cai"
        }
    },
    "Phường Nam Cường": {
        "Phường Nam Cường": {
            "state": "Lào Cai",
            "city": "Phường Nam Cường",
            "ward": "Phường Nam Cường"
        }
    },
    "Phường Nghĩa Lộ": {
        "Phường Nghĩa Lộ": {
            "state": "Lào Cai",
            "city": "Phường Nghĩa Lộ",
            "ward": "Phường Nghĩa Lộ"
        }
    },
    "Phường Sa Pa": {
        "Phường Sa Pa": {
            "state": "Lào Cai",
            "city": "Phường Sa Pa",
            "ward": "Phường Sa Pa"
        }
    },
    "Phường Trung Tâm": {
        "Phường Trung Tâm": {
            "state": "Lào Cai",
            "city": "Phường Trung Tâm",
            "ward": "Phường Trung Tâm"
        }
    },
    "Phường Văn Phú": {
        "Phường Văn Phú": {
            "state": "Lào Cai",
            "city": "Phường Văn Phú",
            "ward": "Phường Văn Phú"
        }
    },
    "Phường Yên Bái": {
        "Phường Yên Bái": {
            "state": "Lào Cai",
            "city": "Phường Yên Bái",
            "ward": "Phường Yên Bái"
        }
    },
    "Phường Âu Lâu": {
        "Phường Âu Lâu": {
            "state": "Lào Cai",
            "city": "Phường Âu Lâu",
            "ward": "Phường Âu Lâu"
        }
    },
    "Xã A Mú Sung": {
        "Xã A Mú Sung": {
            "state": "Lào Cai",
            "city": "Xã A Mú Sung",
            "ward": "Xã A Mú Sung"
        }
    },
    "Xã Bát Xát": {
        "Xã Bát Xát": {
            "state": "Lào Cai",
            "city": "Xã Bát Xát",
            "ward": "Xã Bát Xát"
        }
    },
    "Xã Bản Hồ": {
        "Xã Bản Hồ": {
            "state": "Lào Cai",
            "city": "Xã Bản Hồ",
            "ward": "Xã Bản Hồ"
        }
    },
    "Xã Bản Liền": {
        "Xã Bản Liền": {
            "state": "Lào Cai",
            "city": "Xã Bản Liền",
            "ward": "Xã Bản Liền"
        }
    },
    "Xã Bản Lầu": {
        "Xã Bản Lầu": {
            "state": "Lào Cai",
            "city": "Xã Bản Lầu",
            "ward": "Xã Bản Lầu"
        }
    },
    "Xã Bản Xèo": {
        "Xã Bản Xèo": {
            "state": "Lào Cai",
            "city": "Xã Bản Xèo",
            "ward": "Xã Bản Xèo"
        }
    },
    "Xã Bảo Hà": {
        "Xã Bảo Hà": {
            "state": "Lào Cai",
            "city": "Xã Bảo Hà",
            "ward": "Xã Bảo Hà"
        }
    },
    "Xã Bảo Nhai": {
        "Xã Bảo Nhai": {
            "state": "Lào Cai",
            "city": "Xã Bảo Nhai",
            "ward": "Xã Bảo Nhai"
        }
    },
    "Xã Bảo Thắng": {
        "Xã Bảo Thắng": {
            "state": "Lào Cai",
            "city": "Xã Bảo Thắng",
            "ward": "Xã Bảo Thắng"
        }
    },
    "Xã Bảo Yên": {
        "Xã Bảo Yên": {
            "state": "Lào Cai",
            "city": "Xã Bảo Yên",
            "ward": "Xã Bảo Yên"
        }
    },
    "Xã Bảo Ái ": {
        "Xã Bảo Ái ": {
            "state": "Lào Cai",
            "city": "Xã Bảo Ái ",
            "ward": "Xã Bảo Ái "
        }
    },
    "Xã Bắc Hà": {
        "Xã Bắc Hà": {
            "state": "Lào Cai",
            "city": "Xã Bắc Hà",
            "ward": "Xã Bắc Hà"
        }
    },
    "Xã Cao Sơn": {
        "Xã Cao Sơn": {
            "state": "Lào Cai",
            "city": "Xã Cao Sơn",
            "ward": "Xã Cao Sơn"
        }
    },
    "Xã Chiềng Ken": {
        "Xã Chiềng Ken": {
            "state": "Lào Cai",
            "city": "Xã Chiềng Ken",
            "ward": "Xã Chiềng Ken"
        }
    },
    "Xã Châu Quế": {
        "Xã Châu Quế": {
            "state": "Lào Cai",
            "city": "Xã Châu Quế",
            "ward": "Xã Châu Quế"
        }
    },
    "Xã Chấn Thịnh": {
        "Xã Chấn Thịnh": {
            "state": "Lào Cai",
            "city": "Xã Chấn Thịnh",
            "ward": "Xã Chấn Thịnh"
        }
    },
    "Xã Chế Tạo": {
        "Xã Chế Tạo": {
            "state": "Lào Cai",
            "city": "Xã Chế Tạo",
            "ward": "Xã Chế Tạo"
        }
    },
    "Xã Cát Thịnh": {
        "Xã Cát Thịnh": {
            "state": "Lào Cai",
            "city": "Xã Cát Thịnh",
            "ward": "Xã Cát Thịnh"
        }
    },
    "Xã Cảm Nhân": {
        "Xã Cảm Nhân": {
            "state": "Lào Cai",
            "city": "Xã Cảm Nhân",
            "ward": "Xã Cảm Nhân"
        }
    },
    "Xã Cốc Lầu": {
        "Xã Cốc Lầu": {
            "state": "Lào Cai",
            "city": "Xã Cốc Lầu",
            "ward": "Xã Cốc Lầu"
        }
    },
    "Xã Cốc San": {
        "Xã Cốc San": {
            "state": "Lào Cai",
            "city": "Xã Cốc San",
            "ward": "Xã Cốc San"
        }
    },
    "Xã Dương Quỳ": {
        "Xã Dương Quỳ": {
            "state": "Lào Cai",
            "city": "Xã Dương Quỳ",
            "ward": "Xã Dương Quỳ"
        }
    },
    "Xã Dền Sáng": {
        "Xã Dền Sáng": {
            "state": "Lào Cai",
            "city": "Xã Dền Sáng",
            "ward": "Xã Dền Sáng"
        }
    },
    "Xã Gia Hội": {
        "Xã Gia Hội": {
            "state": "Lào Cai",
            "city": "Xã Gia Hội",
            "ward": "Xã Gia Hội"
        }
    },
    "Xã Gia Phú": {
        "Xã Gia Phú": {
            "state": "Lào Cai",
            "city": "Xã Gia Phú",
            "ward": "Xã Gia Phú"
        }
    },
    "Xã Hưng Khánh": {
        "Xã Hưng Khánh": {
            "state": "Lào Cai",
            "city": "Xã Hưng Khánh",
            "ward": "Xã Hưng Khánh"
        }
    },
    "Xã Hạnh Phúc": {
        "Xã Hạnh Phúc": {
            "state": "Lào Cai",
            "city": "Xã Hạnh Phúc",
            "ward": "Xã Hạnh Phúc"
        }
    },
    "Xã Hợp Thành": {
        "Xã Hợp Thành": {
            "state": "Lào Cai",
            "city": "Xã Hợp Thành",
            "ward": "Xã Hợp Thành"
        }
    },
    "Xã Khao Mang": {
        "Xã Khao Mang": {
            "state": "Lào Cai",
            "city": "Xã Khao Mang",
            "ward": "Xã Khao Mang"
        }
    },
    "Xã Khánh Hòa": {
        "Xã Khánh Hòa": {
            "state": "Lào Cai",
            "city": "Xã Khánh Hòa",
            "ward": "Xã Khánh Hòa"
        }
    },
    "Xã Khánh Yên": {
        "Xã Khánh Yên": {
            "state": "Lào Cai",
            "city": "Xã Khánh Yên",
            "ward": "Xã Khánh Yên"
        }
    },
    "Xã Lao Chải": {
        "Xã Lao Chải": {
            "state": "Lào Cai",
            "city": "Xã Lao Chải",
            "ward": "Xã Lao Chải"
        }
    },
    "Xã Liên Sơn": {
        "Xã Liên Sơn": {
            "state": "Lào Cai",
            "city": "Xã Liên Sơn",
            "ward": "Xã Liên Sơn"
        }
    },
    "Xã Lâm Giang": {
        "Xã Lâm Giang": {
            "state": "Lào Cai",
            "city": "Xã Lâm Giang",
            "ward": "Xã Lâm Giang"
        }
    },
    "Xã Lâm Thượng": {
        "Xã Lâm Thượng": {
            "state": "Lào Cai",
            "city": "Xã Lâm Thượng",
            "ward": "Xã Lâm Thượng"
        }
    },
    "Xã Lùng Phình": {
        "Xã Lùng Phình": {
            "state": "Lào Cai",
            "city": "Xã Lùng Phình",
            "ward": "Xã Lùng Phình"
        }
    },
    "Xã Lương Thịnh": {
        "Xã Lương Thịnh": {
            "state": "Lào Cai",
            "city": "Xã Lương Thịnh",
            "ward": "Xã Lương Thịnh"
        }
    },
    "Xã Lục Yên": {
        "Xã Lục Yên": {
            "state": "Lào Cai",
            "city": "Xã Lục Yên",
            "ward": "Xã Lục Yên"
        }
    },
    "Xã Minh Lương": {
        "Xã Minh Lương": {
            "state": "Lào Cai",
            "city": "Xã Minh Lương",
            "ward": "Xã Minh Lương"
        }
    },
    "Xã Mù Cang Chải": {
        "Xã Mù Cang Chải": {
            "state": "Lào Cai",
            "city": "Xã Mù Cang Chải",
            "ward": "Xã Mù Cang Chải"
        }
    },
    "Xã Mường Bo": {
        "Xã Mường Bo": {
            "state": "Lào Cai",
            "city": "Xã Mường Bo",
            "ward": "Xã Mường Bo"
        }
    },
    "Xã Mường Hum": {
        "Xã Mường Hum": {
            "state": "Lào Cai",
            "city": "Xã Mường Hum",
            "ward": "Xã Mường Hum"
        }
    },
    "Xã Mường Khương": {
        "Xã Mường Khương": {
            "state": "Lào Cai",
            "city": "Xã Mường Khương",
            "ward": "Xã Mường Khương"
        }
    },
    "Xã Mường Lai": {
        "Xã Mường Lai": {
            "state": "Lào Cai",
            "city": "Xã Mường Lai",
            "ward": "Xã Mường Lai"
        }
    },
    "Xã Mậu A": {
        "Xã Mậu A": {
            "state": "Lào Cai",
            "city": "Xã Mậu A",
            "ward": "Xã Mậu A"
        }
    },
    "Xã Mỏ Vàng": {
        "Xã Mỏ Vàng": {
            "state": "Lào Cai",
            "city": "Xã Mỏ Vàng",
            "ward": "Xã Mỏ Vàng"
        }
    },
    "Xã Nghĩa Tâm": {
        "Xã Nghĩa Tâm": {
            "state": "Lào Cai",
            "city": "Xã Nghĩa Tâm",
            "ward": "Xã Nghĩa Tâm"
        }
    },
    "Xã Nghĩa Đô": {
        "Xã Nghĩa Đô": {
            "state": "Lào Cai",
            "city": "Xã Nghĩa Đô",
            "ward": "Xã Nghĩa Đô"
        }
    },
    "Xã Ngũ Chỉ Sơn": {
        "Xã Ngũ Chỉ Sơn": {
            "state": "Lào Cai",
            "city": "Xã Ngũ Chỉ Sơn",
            "ward": "Xã Ngũ Chỉ Sơn"
        }
    },
    "Xã Nậm Chày": {
        "Xã Nậm Chày": {
            "state": "Lào Cai",
            "city": "Xã Nậm Chày",
            "ward": "Xã Nậm Chày"
        }
    },
    "Xã Nậm Có": {
        "Xã Nậm Có": {
            "state": "Lào Cai",
            "city": "Xã Nậm Có",
            "ward": "Xã Nậm Có"
        }
    },
    "Xã Nậm Xé": {
        "Xã Nậm Xé": {
            "state": "Lào Cai",
            "city": "Xã Nậm Xé",
            "ward": "Xã Nậm Xé"
        }
    },
    "Xã Pha Long": {
        "Xã Pha Long": {
            "state": "Lào Cai",
            "city": "Xã Pha Long",
            "ward": "Xã Pha Long"
        }
    },
    "Xã Phong Dụ Hạ": {
        "Xã Phong Dụ Hạ": {
            "state": "Lào Cai",
            "city": "Xã Phong Dụ Hạ",
            "ward": "Xã Phong Dụ Hạ"
        }
    },
    "Xã Phong Dụ Thượng ": {
        "Xã Phong Dụ Thượng ": {
            "state": "Lào Cai",
            "city": "Xã Phong Dụ Thượng ",
            "ward": "Xã Phong Dụ Thượng "
        }
    },
    "Xã Phong Hải": {
        "Xã Phong Hải": {
            "state": "Lào Cai",
            "city": "Xã Phong Hải",
            "ward": "Xã Phong Hải"
        }
    },
    "Xã Phình Hồ": {
        "Xã Phình Hồ": {
            "state": "Lào Cai",
            "city": "Xã Phình Hồ",
            "ward": "Xã Phình Hồ"
        }
    },
    "Xã Phúc Khánh": {
        "Xã Phúc Khánh": {
            "state": "Lào Cai",
            "city": "Xã Phúc Khánh",
            "ward": "Xã Phúc Khánh"
        }
    },
    "Xã Phúc Lợi": {
        "Xã Phúc Lợi": {
            "state": "Lào Cai",
            "city": "Xã Phúc Lợi",
            "ward": "Xã Phúc Lợi"
        }
    },
    "Xã Púng Luông": {
        "Xã Púng Luông": {
            "state": "Lào Cai",
            "city": "Xã Púng Luông",
            "ward": "Xã Púng Luông"
        }
    },
    "Xã Quy Mông": {
        "Xã Quy Mông": {
            "state": "Lào Cai",
            "city": "Xã Quy Mông",
            "ward": "Xã Quy Mông"
        }
    },
    "Xã Si Ma Cai": {
        "Xã Si Ma Cai": {
            "state": "Lào Cai",
            "city": "Xã Si Ma Cai",
            "ward": "Xã Si Ma Cai"
        }
    },
    "Xã Sín Chéng": {
        "Xã Sín Chéng": {
            "state": "Lào Cai",
            "city": "Xã Sín Chéng",
            "ward": "Xã Sín Chéng"
        }
    },
    "Xã Sơn Lương": {
        "Xã Sơn Lương": {
            "state": "Lào Cai",
            "city": "Xã Sơn Lương",
            "ward": "Xã Sơn Lương"
        }
    },
    "Xã Thác Bà": {
        "Xã Thác Bà": {
            "state": "Lào Cai",
            "city": "Xã Thác Bà",
            "ward": "Xã Thác Bà"
        }
    },
    "Xã Thượng Bằng La": {
        "Xã Thượng Bằng La": {
            "state": "Lào Cai",
            "city": "Xã Thượng Bằng La",
            "ward": "Xã Thượng Bằng La"
        }
    },
    "Xã Thượng Hà": {
        "Xã Thượng Hà": {
            "state": "Lào Cai",
            "city": "Xã Thượng Hà",
            "ward": "Xã Thượng Hà"
        }
    },
    "Xã Trạm Tấu": {
        "Xã Trạm Tấu": {
            "state": "Lào Cai",
            "city": "Xã Trạm Tấu",
            "ward": "Xã Trạm Tấu"
        }
    },
    "Xã Trấn Yên": {
        "Xã Trấn Yên": {
            "state": "Lào Cai",
            "city": "Xã Trấn Yên",
            "ward": "Xã Trấn Yên"
        }
    },
    "Xã Trịnh Tường": {
        "Xã Trịnh Tường": {
            "state": "Lào Cai",
            "city": "Xã Trịnh Tường",
            "ward": "Xã Trịnh Tường"
        }
    },
    "Xã Tà Xi Láng": {
        "Xã Tà Xi Láng": {
            "state": "Lào Cai",
            "city": "Xã Tà Xi Láng",
            "ward": "Xã Tà Xi Láng"
        }
    },
    "Xã Tân Hợp": {
        "Xã Tân Hợp": {
            "state": "Lào Cai",
            "city": "Xã Tân Hợp",
            "ward": "Xã Tân Hợp"
        }
    },
    "Xã Tân Lĩnh": {
        "Xã Tân Lĩnh": {
            "state": "Lào Cai",
            "city": "Xã Tân Lĩnh",
            "ward": "Xã Tân Lĩnh"
        }
    },
    "Xã Tú Lệ": {
        "Xã Tú Lệ": {
            "state": "Lào Cai",
            "city": "Xã Tú Lệ",
            "ward": "Xã Tú Lệ"
        }
    },
    "Xã Tả Củ Tỷ": {
        "Xã Tả Củ Tỷ": {
            "state": "Lào Cai",
            "city": "Xã Tả Củ Tỷ",
            "ward": "Xã Tả Củ Tỷ"
        }
    },
    "Xã Tả Phìn": {
        "Xã Tả Phìn": {
            "state": "Lào Cai",
            "city": "Xã Tả Phìn",
            "ward": "Xã Tả Phìn"
        }
    },
    "Xã Tả Van": {
        "Xã Tả Van": {
            "state": "Lào Cai",
            "city": "Xã Tả Van",
            "ward": "Xã Tả Van"
        }
    },
    "Xã Tằng Loỏng": {
        "Xã Tằng Loỏng": {
            "state": "Lào Cai",
            "city": "Xã Tằng Loỏng",
            "ward": "Xã Tằng Loỏng"
        }
    },
    "Xã Việt Hồng": {
        "Xã Việt Hồng": {
            "state": "Lào Cai",
            "city": "Xã Việt Hồng",
            "ward": "Xã Việt Hồng"
        }
    },
    "Xã Võ Lao": {
        "Xã Võ Lao": {
            "state": "Lào Cai",
            "city": "Xã Võ Lao",
            "ward": "Xã Võ Lao"
        }
    },
    "Xã Văn Bàn": {
        "Xã Văn Bàn": {
            "state": "Lào Cai",
            "city": "Xã Văn Bàn",
            "ward": "Xã Văn Bàn"
        }
    },
    "Xã Văn Chấn": {
        "Xã Văn Chấn": {
            "state": "Lào Cai",
            "city": "Xã Văn Chấn",
            "ward": "Xã Văn Chấn"
        }
    },
    "Xã Xuân Hòa": {
        "Xã Xuân Hòa": {
            "state": "Lào Cai",
            "city": "Xã Xuân Hòa",
            "ward": "Xã Xuân Hòa"
        }
    },
    "Xã Xuân Quang": {
        "Xã Xuân Quang": {
            "state": "Lào Cai",
            "city": "Xã Xuân Quang",
            "ward": "Xã Xuân Quang"
        }
    },
    "Xã Xuân Ái": {
        "Xã Xuân Ái": {
            "state": "Lào Cai",
            "city": "Xã Xuân Ái",
            "ward": "Xã Xuân Ái"
        }
    },
    "Xã Y Tý": {
        "Xã Y Tý": {
            "state": "Lào Cai",
            "city": "Xã Y Tý",
            "ward": "Xã Y Tý"
        }
    },
    "Xã Yên Bình": {
        "Xã Yên Bình": {
            "state": "Lào Cai",
            "city": "Xã Yên Bình",
            "ward": "Xã Yên Bình"
        }
    },
    "Xã Yên Thành": {
        "Xã Yên Thành": {
            "state": "Lào Cai",
            "city": "Xã Yên Thành",
            "ward": "Xã Yên Thành"
        }
    },
    "Xã Đông Cuông": {
        "Xã Đông Cuông": {
            "state": "Lào Cai",
            "city": "Xã Đông Cuông",
            "ward": "Xã Đông Cuông"
        }
    }
}