{
    "Phường Cửa Lò": {
        "Phường Cửa Lò": {
            "state": "Nghệ An",
            "city": "Phường Cửa Lò",
            "ward": "Phường Cửa Lò"
        }
    },
    "Phường Hoàng Mai": {
        "Phường Hoàng Mai": {
            "state": "Nghệ An",
            "city": "Phường Hoàng Mai",
            "ward": "Phường Hoàng Mai"
        }
    },
    "Phường Quỳnh Mai": {
        "Phường Quỳnh Mai": {
            "state": "Nghệ An",
            "city": "Phường Quỳnh Mai",
            "ward": "Phường Quỳnh Mai"
        }
    },
    "Phường Thành Vinh": {
        "Phường Thành Vinh": {
            "state": "Nghệ An",
            "city": "Phường Thành Vinh",
            "ward": "Phường Thành Vinh"
        }
    },
    "Phường Thái Hòa": {
        "Phường Thái Hòa": {
            "state": "Nghệ An",
            "city": "Phường Thái Hòa",
            "ward": "Phường Thái Hòa"
        }
    },
    "Phường Trường Vinh": {
        "Phường Trường Vinh": {
            "state": "Nghệ An",
            "city": "Phường Trường Vinh",
            "ward": "Phường Trường Vinh"
        }
    },
    "Phường Tân Mai": {
        "Phường Tân Mai": {
            "state": "Nghệ An",
            "city": "Phường Tân Mai",
            "ward": "Phường Tân Mai"
        }
    },
    "Phường Tây Hiếu": {
        "Phường Tây Hiếu": {
            "state": "Nghệ An",
            "city": "Phường Tây Hiếu",
            "ward": "Phường Tây Hiếu"
        }
    },
    "Phường Vinh Hưng": {
        "Phường Vinh Hưng": {
            "state": "Nghệ An",
            "city": "Phường Vinh Hưng",
            "ward": "Phường Vinh Hưng"
        }
    },
    "Phường Vinh Lộc": {
        "Phường Vinh Lộc": {
            "state": "Nghệ An",
            "city": "Phường Vinh Lộc",
            "ward": "Phường Vinh Lộc"
        }
    },
    "Phường Vinh Phú": {
        "Phường Vinh Phú": {
            "state": "Nghệ An",
            "city": "Phường Vinh Phú",
            "ward": "Phường Vinh Phú"
        }
    },
    "Xã An Châu": {
        "Xã An Châu": {
            "state": "Nghệ An",
            "city": "Xã An Châu",
            "ward": "Xã An Châu"
        }
    },
    "Xã Anh Sơn": {
        "Xã Anh Sơn": {
            "state": "Nghệ An",
            "city": "Xã Anh Sơn",
            "ward": "Xã Anh Sơn"
        }
    },
    "Xã Anh Sơn Đông": {
        "Xã Anh Sơn Đông": {
            "state": "Nghệ An",
            "city": "Xã Anh Sơn Đông",
            "ward": "Xã Anh Sơn Đông"
        }
    },
    "Xã Bình Chuẩn": {
        "Xã Bình Chuẩn": {
            "state": "Nghệ An",
            "city": "Xã Bình Chuẩn",
            "ward": "Xã Bình Chuẩn"
        }
    },
    "Xã Bình Minh": {
        "Xã Bình Minh": {
            "state": "Nghệ An",
            "city": "Xã Bình Minh",
            "ward": "Xã Bình Minh"
        }
    },
    "Xã Bích Hào": {
        "Xã Bích Hào": {
            "state": "Nghệ An",
            "city": "Xã Bích Hào",
            "ward": "Xã Bích Hào"
        }
    },
    "Xã Bạch Hà": {
        "Xã Bạch Hà": {
            "state": "Nghệ An",
            "city": "Xã Bạch Hà",
            "ward": "Xã Bạch Hà"
        }
    },
    "Xã Bạch Ngọc": {
        "Xã Bạch Ngọc": {
            "state": "Nghệ An",
            "city": "Xã Bạch Ngọc",
            "ward": "Xã Bạch Ngọc"
        }
    },
    "Xã Bắc Lý": {
        "Xã Bắc Lý": {
            "state": "Nghệ An",
            "city": "Xã Bắc Lý",
            "ward": "Xã Bắc Lý"
        }
    },
    "Xã Cam Phục": {
        "Xã Cam Phục": {
            "state": "Nghệ An",
            "city": "Xã Cam Phục",
            "ward": "Xã Cam Phục"
        }
    },
    "Xã Chiêu Lưu": {
        "Xã Chiêu Lưu": {
            "state": "Nghệ An",
            "city": "Xã Chiêu Lưu",
            "ward": "Xã Chiêu Lưu"
        }
    },
    "Xã Châu Bình": {
        "Xã Châu Bình": {
            "state": "Nghệ An",
            "city": "Xã Châu Bình",
            "ward": "Xã Châu Bình"
        }
    },
    "Xã Châu Hồng": {
        "Xã Châu Hồng": {
            "state": "Nghệ An",
            "city": "Xã Châu Hồng",
            "ward": "Xã Châu Hồng"
        }
    },
    "Xã Châu Khê": {
        "Xã Châu Khê": {
            "state": "Nghệ An",
            "city": "Xã Châu Khê",
            "ward": "Xã Châu Khê"
        }
    },
    "Xã Châu Lộc": {
        "Xã Châu Lộc": {
            "state": "Nghệ An",
            "city": "Xã Châu Lộc",
            "ward": "Xã Châu Lộc"
        }
    },
    "Xã Châu Tiến": {
        "Xã Châu Tiến": {
            "state": "Nghệ An",
            "city": "Xã Châu Tiến",
            "ward": "Xã Châu Tiến"
        }
    },
    "Xã Con Cuông": {
        "Xã Con Cuông": {
            "state": "Nghệ An",
            "city": "Xã Con Cuông",
            "ward": "Xã Con Cuông"
        }
    },
    "Xã Cát Ngạn": {
        "Xã Cát Ngạn": {
            "state": "Nghệ An",
            "city": "Xã Cát Ngạn",
            "ward": "Xã Cát Ngạn"
        }
    },
    "Xã Diễn Châu": {
        "Xã Diễn Châu": {
            "state": "Nghệ An",
            "city": "Xã Diễn Châu",
            "ward": "Xã Diễn Châu"
        }
    },
    "Xã Giai Lạc": {
        "Xã Giai Lạc": {
            "state": "Nghệ An",
            "city": "Xã Giai Lạc",
            "ward": "Xã Giai Lạc"
        }
    },
    "Xã Giai Xuân": {
        "Xã Giai Xuân": {
            "state": "Nghệ An",
            "city": "Xã Giai Xuân",
            "ward": "Xã Giai Xuân"
        }
    },
    "Xã Hoa Quân": {
        "Xã Hoa Quân": {
            "state": "Nghệ An",
            "city": "Xã Hoa Quân",
            "ward": "Xã Hoa Quân"
        }
    },
    "Xã Huồi Tụ": {
        "Xã Huồi Tụ": {
            "state": "Nghệ An",
            "city": "Xã Huồi Tụ",
            "ward": "Xã Huồi Tụ"
        }
    },
    "Xã Hùng Chân": {
        "Xã Hùng Chân": {
            "state": "Nghệ An",
            "city": "Xã Hùng Chân",
            "ward": "Xã Hùng Chân"
        }
    },
    "Xã Hùng Châu": {
        "Xã Hùng Châu": {
            "state": "Nghệ An",
            "city": "Xã Hùng Châu",
            "ward": "Xã Hùng Châu"
        }
    },
    "Xã Hưng Nguyên": {
        "Xã Hưng Nguyên": {
            "state": "Nghệ An",
            "city": "Xã Hưng Nguyên",
            "ward": "Xã Hưng Nguyên"
        }
    },
    "Xã Hưng Nguyên Nam": {
        "Xã Hưng Nguyên Nam": {
            "state": "Nghệ An",
            "city": "Xã Hưng Nguyên Nam",
            "ward": "Xã Hưng Nguyên Nam"
        }
    },
    "Xã Hạnh Lâm": {
        "Xã Hạnh Lâm": {
            "state": "Nghệ An",
            "city": "Xã Hạnh Lâm",
            "ward": "Xã Hạnh Lâm"
        }
    },
    "Xã Hải Châu": {
        "Xã Hải Châu": {
            "state": "Nghệ An",
            "city": "Xã Hải Châu",
            "ward": "Xã Hải Châu"
        }
    },
    "Xã Hải Lộc": {
        "Xã Hải Lộc": {
            "state": "Nghệ An",
            "city": "Xã Hải Lộc",
            "ward": "Xã Hải Lộc"
        }
    },
    "Xã Hợp Minh": {
        "Xã Hợp Minh": {
            "state": "Nghệ An",
            "city": "Xã Hợp Minh",
            "ward": "Xã Hợp Minh"
        }
    },
    "Xã Hữu Khuông": {
        "Xã Hữu Khuông": {
            "state": "Nghệ An",
            "city": "Xã Hữu Khuông",
            "ward": "Xã Hữu Khuông"
        }
    },
    "Xã Hữu Kiệm": {
        "Xã Hữu Kiệm": {
            "state": "Nghệ An",
            "city": "Xã Hữu Kiệm",
            "ward": "Xã Hữu Kiệm"
        }
    },
    "Xã Keng Đu": {
        "Xã Keng Đu": {
            "state": "Nghệ An",
            "city": "Xã Keng Đu",
            "ward": "Xã Keng Đu"
        }
    },
    "Xã Kim Bảng": {
        "Xã Kim Bảng": {
            "state": "Nghệ An",
            "city": "Xã Kim Bảng",
            "ward": "Xã Kim Bảng"
        }
    },
    "Xã Kim Liên": {
        "Xã Kim Liên": {
            "state": "Nghệ An",
            "city": "Xã Kim Liên",
            "ward": "Xã Kim Liên"
        }
    },
    "Xã Lam Thành": {
        "Xã Lam Thành": {
            "state": "Nghệ An",
            "city": "Xã Lam Thành",
            "ward": "Xã Lam Thành"
        }
    },
    "Xã Lương Sơn": {
        "Xã Lương Sơn": {
            "state": "Nghệ An",
            "city": "Xã Lương Sơn",
            "ward": "Xã Lương Sơn"
        }
    },
    "Xã Lượng Minh": {
        "Xã Lượng Minh": {
            "state": "Nghệ An",
            "city": "Xã Lượng Minh",
            "ward": "Xã Lượng Minh"
        }
    },
    "Xã Minh Châu": {
        "Xã Minh Châu": {
            "state": "Nghệ An",
            "city": "Xã Minh Châu",
            "ward": "Xã Minh Châu"
        }
    },
    "Xã Minh Hợp": {
        "Xã Minh Hợp": {
            "state": "Nghệ An",
            "city": "Xã Minh Hợp",
            "ward": "Xã Minh Hợp"
        }
    },
    "Xã Môn Sơn": {
        "Xã Môn Sơn": {
            "state": "Nghệ An",
            "city": "Xã Môn Sơn",
            "ward": "Xã Môn Sơn"
        }
    },
    "Xã Mường Chọng": {
        "Xã Mường Chọng": {
            "state": "Nghệ An",
            "city": "Xã Mường Chọng",
            "ward": "Xã Mường Chọng"
        }
    },
    "Xã Mường Ham": {
        "Xã Mường Ham": {
            "state": "Nghệ An",
            "city": "Xã Mường Ham",
            "ward": "Xã Mường Ham"
        }
    },
    "Xã Mường Lống": {
        "Xã Mường Lống": {
            "state": "Nghệ An",
            "city": "Xã Mường Lống",
            "ward": "Xã Mường Lống"
        }
    },
    "Xã Mường Quàng": {
        "Xã Mường Quàng": {
            "state": "Nghệ An",
            "city": "Xã Mường Quàng",
            "ward": "Xã Mường Quàng"
        }
    },
    "Xã Mường Típ": {
        "Xã Mường Típ": {
            "state": "Nghệ An",
            "city": "Xã Mường Típ",
            "ward": "Xã Mường Típ"
        }
    },
    "Xã Mường Xén": {
        "Xã Mường Xén": {
            "state": "Nghệ An",
            "city": "Xã Mường Xén",
            "ward": "Xã Mường Xén"
        }
    },
    "Xã Mậu Thạch": {
        "Xã Mậu Thạch": {
            "state": "Nghệ An",
            "city": "Xã Mậu Thạch",
            "ward": "Xã Mậu Thạch"
        }
    },
    "Xã Mỹ Lý": {
        "Xã Mỹ Lý": {
            "state": "Nghệ An",
            "city": "Xã Mỹ Lý",
            "ward": "Xã Mỹ Lý"
        }
    },
    "Xã Na Loi": {
        "Xã Na Loi": {
            "state": "Nghệ An",
            "city": "Xã Na Loi",
            "ward": "Xã Na Loi"
        }
    },
    "Xã Na Ngoi": {
        "Xã Na Ngoi": {
            "state": "Nghệ An",
            "city": "Xã Na Ngoi",
            "ward": "Xã Na Ngoi"
        }
    },
    "Xã Nam Đàn": {
        "Xã Nam Đàn": {
            "state": "Nghệ An",
            "city": "Xã Nam Đàn",
            "ward": "Xã Nam Đàn"
        }
    },
    "Xã Nga My": {
        "Xã Nga My": {
            "state": "Nghệ An",
            "city": "Xã Nga My",
            "ward": "Xã Nga My"
        }
    },
    "Xã Nghi Lộc": {
        "Xã Nghi Lộc": {
            "state": "Nghệ An",
            "city": "Xã Nghi Lộc",
            "ward": "Xã Nghi Lộc"
        }
    },
    "Xã Nghĩa Hành": {
        "Xã Nghĩa Hành": {
            "state": "Nghệ An",
            "city": "Xã Nghĩa Hành",
            "ward": "Xã Nghĩa Hành"
        }
    },
    "Xã Nghĩa Hưng": {
        "Xã Nghĩa Hưng": {
            "state": "Nghệ An",
            "city": "Xã Nghĩa Hưng",
            "ward": "Xã Nghĩa Hưng"
        }
    },
    "Xã Nghĩa Khánh": {
        "Xã Nghĩa Khánh": {
            "state": "Nghệ An",
            "city": "Xã Nghĩa Khánh",
            "ward": "Xã Nghĩa Khánh"
        }
    },
    "Xã Nghĩa Lâm": {
        "Xã Nghĩa Lâm": {
            "state": "Nghệ An",
            "city": "Xã Nghĩa Lâm",
            "ward": "Xã Nghĩa Lâm"
        }
    },
    "Xã Nghĩa Lộc": {
        "Xã Nghĩa Lộc": {
            "state": "Nghệ An",
            "city": "Xã Nghĩa Lộc",
            "ward": "Xã Nghĩa Lộc"
        }
    },
    "Xã Nghĩa Mai": {
        "Xã Nghĩa Mai": {
            "state": "Nghệ An",
            "city": "Xã Nghĩa Mai",
            "ward": "Xã Nghĩa Mai"
        }
    },
    "Xã Nghĩa Thọ": {
        "Xã Nghĩa Thọ": {
            "state": "Nghệ An",
            "city": "Xã Nghĩa Thọ",
            "ward": "Xã Nghĩa Thọ"
        }
    },
    "Xã Nghĩa Đàn": {
        "Xã Nghĩa Đàn": {
            "state": "Nghệ An",
            "city": "Xã Nghĩa Đàn",
            "ward": "Xã Nghĩa Đàn"
        }
    },
    "Xã Nghĩa Đồng": {
        "Xã Nghĩa Đồng": {
            "state": "Nghệ An",
            "city": "Xã Nghĩa Đồng",
            "ward": "Xã Nghĩa Đồng"
        }
    },
    "Xã Nhân Hòa": {
        "Xã Nhân Hòa": {
            "state": "Nghệ An",
            "city": "Xã Nhân Hòa",
            "ward": "Xã Nhân Hòa"
        }
    },
    "Xã Nhôn Mai": {
        "Xã Nhôn Mai": {
            "state": "Nghệ An",
            "city": "Xã Nhôn Mai",
            "ward": "Xã Nhôn Mai"
        }
    },
    "Xã Nậm Cắn": {
        "Xã Nậm Cắn": {
            "state": "Nghệ An",
            "city": "Xã Nậm Cắn",
            "ward": "Xã Nậm Cắn"
        }
    },
    "Xã Phúc Lộc": {
        "Xã Phúc Lộc": {
            "state": "Nghệ An",
            "city": "Xã Phúc Lộc",
            "ward": "Xã Phúc Lộc"
        }
    },
    "Xã Quan Thành": {
        "Xã Quan Thành": {
            "state": "Nghệ An",
            "city": "Xã Quan Thành",
            "ward": "Xã Quan Thành"
        }
    },
    "Xã Quang Đồng": {
        "Xã Quang Đồng": {
            "state": "Nghệ An",
            "city": "Xã Quang Đồng",
            "ward": "Xã Quang Đồng"
        }
    },
    "Xã Quảng Châu": {
        "Xã Quảng Châu": {
            "state": "Nghệ An",
            "city": "Xã Quảng Châu",
            "ward": "Xã Quảng Châu"
        }
    },
    "Xã Quế Phong": {
        "Xã Quế Phong": {
            "state": "Nghệ An",
            "city": "Xã Quế Phong",
            "ward": "Xã Quế Phong"
        }
    },
    "Xã Quỳ Châu": {
        "Xã Quỳ Châu": {
            "state": "Nghệ An",
            "city": "Xã Quỳ Châu",
            "ward": "Xã Quỳ Châu"
        }
    },
    "Xã Quỳ Hợp": {
        "Xã Quỳ Hợp": {
            "state": "Nghệ An",
            "city": "Xã Quỳ Hợp",
            "ward": "Xã Quỳ Hợp"
        }
    },
    "Xã Quỳnh Anh": {
        "Xã Quỳnh Anh": {
            "state": "Nghệ An",
            "city": "Xã Quỳnh Anh",
            "ward": "Xã Quỳnh Anh"
        }
    },
    "Xã Quỳnh Lưu": {
        "Xã Quỳnh Lưu": {
            "state": "Nghệ An",
            "city": "Xã Quỳnh Lưu",
            "ward": "Xã Quỳnh Lưu"
        }
    },
    "Xã Quỳnh Phú": {
        "Xã Quỳnh Phú": {
            "state": "Nghệ An",
            "city": "Xã Quỳnh Phú",
            "ward": "Xã Quỳnh Phú"
        }
    },
    "Xã Quỳnh Sơn": {
        "Xã Quỳnh Sơn": {
            "state": "Nghệ An",
            "city": "Xã Quỳnh Sơn",
            "ward": "Xã Quỳnh Sơn"
        }
    },
    "Xã Quỳnh Tam": {
        "Xã Quỳnh Tam": {
            "state": "Nghệ An",
            "city": "Xã Quỳnh Tam",
            "ward": "Xã Quỳnh Tam"
        }
    },
    "Xã Quỳnh Thắng": {
        "Xã Quỳnh Thắng": {
            "state": "Nghệ An",
            "city": "Xã Quỳnh Thắng",
            "ward": "Xã Quỳnh Thắng"
        }
    },
    "Xã Quỳnh Văn": {
        "Xã Quỳnh Văn": {
            "state": "Nghệ An",
            "city": "Xã Quỳnh Văn",
            "ward": "Xã Quỳnh Văn"
        }
    },
    "Xã Sơn Lâm": {
        "Xã Sơn Lâm": {
            "state": "Nghệ An",
            "city": "Xã Sơn Lâm",
            "ward": "Xã Sơn Lâm"
        }
    },
    "Xã Tam Hợp": {
        "Xã Tam Hợp": {
            "state": "Nghệ An",
            "city": "Xã Tam Hợp",
            "ward": "Xã Tam Hợp"
        }
    },
    "Xã Tam Quang": {
        "Xã Tam Quang": {
            "state": "Nghệ An",
            "city": "Xã Tam Quang",
            "ward": "Xã Tam Quang"
        }
    },
    "Xã Tam Thái": {
        "Xã Tam Thái": {
            "state": "Nghệ An",
            "city": "Xã Tam Thái",
            "ward": "Xã Tam Thái"
        }
    },
    "Xã Tam Đồng": {
        "Xã Tam Đồng": {
            "state": "Nghệ An",
            "city": "Xã Tam Đồng",
            "ward": "Xã Tam Đồng"
        }
    },
    "Xã Thiên Nhẫn": {
        "Xã Thiên Nhẫn": {
            "state": "Nghệ An",
            "city": "Xã Thiên Nhẫn",
            "ward": "Xã Thiên Nhẫn"
        }
    },
    "Xã Thuần Trung": {
        "Xã Thuần Trung": {
            "state": "Nghệ An",
            "city": "Xã Thuần Trung",
            "ward": "Xã Thuần Trung"
        }
    },
    "Xã Thành Bình Thọ": {
        "Xã Thành Bình Thọ": {
            "state": "Nghệ An",
            "city": "Xã Thành Bình Thọ",
            "ward": "Xã Thành Bình Thọ"
        }
    },
    "Xã Thông Thụ": {
        "Xã Thông Thụ": {
            "state": "Nghệ An",
            "city": "Xã Thông Thụ",
            "ward": "Xã Thông Thụ"
        }
    },
    "Xã Thần Lĩnh": {
        "Xã Thần Lĩnh": {
            "state": "Nghệ An",
            "city": "Xã Thần Lĩnh",
            "ward": "Xã Thần Lĩnh"
        }
    },
    "Xã Tiên Đồng": {
        "Xã Tiên Đồng": {
            "state": "Nghệ An",
            "city": "Xã Tiên Đồng",
            "ward": "Xã Tiên Đồng"
        }
    },
    "Xã Tiền Phong": {
        "Xã Tiền Phong": {
            "state": "Nghệ An",
            "city": "Xã Tiền Phong",
            "ward": "Xã Tiền Phong"
        }
    },
    "Xã Tri Lễ": {
        "Xã Tri Lễ": {
            "state": "Nghệ An",
            "city": "Xã Tri Lễ",
            "ward": "Xã Tri Lễ"
        }
    },
    "Xã Trung Lộc": {
        "Xã Trung Lộc": {
            "state": "Nghệ An",
            "city": "Xã Trung Lộc",
            "ward": "Xã Trung Lộc"
        }
    },
    "Xã Tân An": {
        "Xã Tân An": {
            "state": "Nghệ An",
            "city": "Xã Tân An",
            "ward": "Xã Tân An"
        }
    },
    "Xã Tân Châu": {
        "Xã Tân Châu": {
            "state": "Nghệ An",
            "city": "Xã Tân Châu",
            "ward": "Xã Tân Châu"
        }
    },
    "Xã Tân Kỳ": {
        "Xã Tân Kỳ": {
            "state": "Nghệ An",
            "city": "Xã Tân Kỳ",
            "ward": "Xã Tân Kỳ"
        }
    },
    "Xã Tân Phú": {
        "Xã Tân Phú": {
            "state": "Nghệ An",
            "city": "Xã Tân Phú",
            "ward": "Xã Tân Phú"
        }
    },
    "Xã Tương Dương": {
        "Xã Tương Dương": {
            "state": "Nghệ An",
            "city": "Xã Tương Dương",
            "ward": "Xã Tương Dương"
        }
    },
    "Xã Vân Du": {
        "Xã Vân Du": {
            "state": "Nghệ An",
            "city": "Xã Vân Du",
            "ward": "Xã Vân Du"
        }
    },
    "Xã Vân Tụ": {
        "Xã Vân Tụ": {
            "state": "Nghệ An",
            "city": "Xã Vân Tụ",
            "ward": "Xã Vân Tụ"
        }
    },
    "Xã Văn Hiến": {
        "Xã Văn Hiến": {
            "state": "Nghệ An",
            "city": "Xã Văn Hiến",
            "ward": "Xã Văn Hiến"
        }
    },
    "Xã Văn Kiều": {
        "Xã Văn Kiều": {
            "state": "Nghệ An",
            "city": "Xã Văn Kiều",
            "ward": "Xã Văn Kiều"
        }
    },
    "Xã Vĩnh Tường": {
        "Xã Vĩnh Tường": {
            "state": "Nghệ An",
            "city": "Xã Vĩnh Tường",
            "ward": "Xã Vĩnh Tường"
        }
    },
    "Xã Vạn An": {
        "Xã Vạn An": {
            "state": "Nghệ An",
            "city": "Xã Vạn An",
            "ward": "Xã Vạn An"
        }
    },
    "Xã Xuân Lâm": {
        "Xã Xuân Lâm": {
            "state": "Nghệ An",
            "city": "Xã Xuân Lâm",
            "ward": "Xã Xuân Lâm"
        }
    },
    "Xã Yên Hòa": {
        "Xã Yên Hòa": {
            "state": "Nghệ An",
            "city": "Xã Yên Hòa",
            "ward": "Xã Yên Hòa"
        }
    },
    "Xã Yên Na": {
        "Xã Yên Na": {
            "state": "Nghệ An",
            "city": "Xã Yên Na",
            "ward": "Xã Yên Na"
        }
    },
    "Xã Yên Thành": {
        "Xã Yên Thành": {
            "state": "Nghệ An",
            "city": "Xã Yên Thành",
            "ward": "Xã Yên Thành"
        }
    },
    "Xã Yên Trung": {
        "Xã Yên Trung": {
            "state": "Nghệ An",
            "city": "Xã Yên Trung",
            "ward": "Xã Yên Trung"
        }
    },
    "Xã Yên Xuân": {
        "Xã Yên Xuân": {
            "state": "Nghệ An",
            "city": "Xã Yên Xuân",
            "ward": "Xã Yên Xuân"
        }
    },
    "Xã Đô Lương": {
        "Xã Đô Lương": {
            "state": "Nghệ An",
            "city": "Xã Đô Lương",
            "ward": "Xã Đô Lương"
        }
    },
    "Xã Đông Hiếu": {
        "Xã Đông Hiếu": {
            "state": "Nghệ An",
            "city": "Xã Đông Hiếu",
            "ward": "Xã Đông Hiếu"
        }
    },
    "Xã Đông Lộc": {
        "Xã Đông Lộc": {
            "state": "Nghệ An",
            "city": "Xã Đông Lộc",
            "ward": "Xã Đông Lộc"
        }
    },
    "Xã Đông Thành": {
        "Xã Đông Thành": {
            "state": "Nghệ An",
            "city": "Xã Đông Thành",
            "ward": "Xã Đông Thành"
        }
    },
    "Xã Đại Huệ": {
        "Xã Đại Huệ": {
            "state": "Nghệ An",
            "city": "Xã Đại Huệ",
            "ward": "Xã Đại Huệ"
        }
    },
    "Xã Đại Đồng": {
        "Xã Đại Đồng": {
            "state": "Nghệ An",
            "city": "Xã Đại Đồng",
            "ward": "Xã Đại Đồng"
        }
    },
    "Xã Đức Châu": {
        "Xã Đức Châu": {
            "state": "Nghệ An",
            "city": "Xã Đức Châu",
            "ward": "Xã Đức Châu"
        }
    }
}