{
    "Phường Châu Sơn": {
        "Phường Châu Sơn": {
            "state": "Ninh Bình",
            "city": "Phường Châu Sơn",
            "ward": "Phường Châu Sơn"
        }
    },
    "Phường Duy Hà": {
        "Phường Duy Hà": {
            "state": "Ninh Bình",
            "city": "Phường Duy Hà",
            "ward": "Phường Duy Hà"
        }
    },
    "Phường Duy Tiên": {
        "Phường Duy Tiên": {
            "state": "Ninh Bình",
            "city": "Phường Duy Tiên",
            "ward": "Phường Duy Tiên"
        }
    },
    "Phường Duy Tân": {
        "Phường Duy Tân": {
            "state": "Ninh Bình",
            "city": "Phường Duy Tân",
            "ward": "Phường Duy Tân"
        }
    },
    "Phường Hoa Lư": {
        "Phường Hoa Lư": {
            "state": "Ninh Bình",
            "city": "Phường Hoa Lư",
            "ward": "Phường Hoa Lư"
        }
    },
    "Phường Hà Nam": {
        "Phường Hà Nam": {
            "state": "Ninh Bình",
            "city": "Phường Hà Nam",
            "ward": "Phường Hà Nam"
        }
    },
    "Phường Hồng Quang": {
        "Phường Hồng Quang": {
            "state": "Ninh Bình",
            "city": "Phường Hồng Quang",
            "ward": "Phường Hồng Quang"
        }
    },
    "Phường Kim Bảng": {
        "Phường Kim Bảng": {
            "state": "Ninh Bình",
            "city": "Phường Kim Bảng",
            "ward": "Phường Kim Bảng"
        }
    },
    "Phường Kim Thanh": {
        "Phường Kim Thanh": {
            "state": "Ninh Bình",
            "city": "Phường Kim Thanh",
            "ward": "Phường Kim Thanh"
        }
    },
    "Phường Liêm Tuyền": {
        "Phường Liêm Tuyền": {
            "state": "Ninh Bình",
            "city": "Phường Liêm Tuyền",
            "ward": "Phường Liêm Tuyền"
        }
    },
    "Phường Lê Hồ ": {
        "Phường Lê Hồ ": {
            "state": "Ninh Bình",
            "city": "Phường Lê Hồ ",
            "ward": "Phường Lê Hồ "
        }
    },
    "Phường Lý Thường Kiệt": {
        "Phường Lý Thường Kiệt": {
            "state": "Ninh Bình",
            "city": "Phường Lý Thường Kiệt",
            "ward": "Phường Lý Thường Kiệt"
        }
    },
    "Phường Mỹ Lộc": {
        "Phường Mỹ Lộc": {
            "state": "Ninh Bình",
            "city": "Phường Mỹ Lộc",
            "ward": "Phường Mỹ Lộc"
        }
    },
    "Phường Nam Hoa Lư": {
        "Phường Nam Hoa Lư": {
            "state": "Ninh Bình",
            "city": "Phường Nam Hoa Lư",
            "ward": "Phường Nam Hoa Lư"
        }
    },
    "Phường Nam Định": {
        "Phường Nam Định": {
            "state": "Ninh Bình",
            "city": "Phường Nam Định",
            "ward": "Phường Nam Định"
        }
    },
    "Phường Nguyễn Uý": {
        "Phường Nguyễn Uý": {
            "state": "Ninh Bình",
            "city": "Phường Nguyễn Uý",
            "ward": "Phường Nguyễn Uý"
        }
    },
    "Phường Phù Vân": {
        "Phường Phù Vân": {
            "state": "Ninh Bình",
            "city": "Phường Phù Vân",
            "ward": "Phường Phù Vân"
        }
    },
    "Phường Phủ Lý": {
        "Phường Phủ Lý": {
            "state": "Ninh Bình",
            "city": "Phường Phủ Lý",
            "ward": "Phường Phủ Lý"
        }
    },
    "Phường Tam Chúc": {
        "Phường Tam Chúc": {
            "state": "Ninh Bình",
            "city": "Phường Tam Chúc",
            "ward": "Phường Tam Chúc"
        }
    },
    "Phường Tam Điệp": {
        "Phường Tam Điệp": {
            "state": "Ninh Bình",
            "city": "Phường Tam Điệp",
            "ward": "Phường Tam Điệp"
        }
    },
    "Phường Thiên Trường": {
        "Phường Thiên Trường": {
            "state": "Ninh Bình",
            "city": "Phường Thiên Trường",
            "ward": "Phường Thiên Trường"
        }
    },
    "Phường Thành Nam": {
        "Phường Thành Nam": {
            "state": "Ninh Bình",
            "city": "Phường Thành Nam",
            "ward": "Phường Thành Nam"
        }
    },
    "Phường Tiên Sơn": {
        "Phường Tiên Sơn": {
            "state": "Ninh Bình",
            "city": "Phường Tiên Sơn",
            "ward": "Phường Tiên Sơn"
        }
    },
    "Phường Trung Sơn": {
        "Phường Trung Sơn": {
            "state": "Ninh Bình",
            "city": "Phường Trung Sơn",
            "ward": "Phường Trung Sơn"
        }
    },
    "Phường Trường Thi": {
        "Phường Trường Thi": {
            "state": "Ninh Bình",
            "city": "Phường Trường Thi",
            "ward": "Phường Trường Thi"
        }
    },
    "Phường Tây Hoa Lư": {
        "Phường Tây Hoa Lư": {
            "state": "Ninh Bình",
            "city": "Phường Tây Hoa Lư",
            "ward": "Phường Tây Hoa Lư"
        }
    },
    "Phường Vị Khê": {
        "Phường Vị Khê": {
            "state": "Ninh Bình",
            "city": "Phường Vị Khê",
            "ward": "Phường Vị Khê"
        }
    },
    "Phường Yên Sơn": {
        "Phường Yên Sơn": {
            "state": "Ninh Bình",
            "city": "Phường Yên Sơn",
            "ward": "Phường Yên Sơn"
        }
    },
    "Phường Yên Thắng": {
        "Phường Yên Thắng": {
            "state": "Ninh Bình",
            "city": "Phường Yên Thắng",
            "ward": "Phường Yên Thắng"
        }
    },
    "Phường Đông A": {
        "Phường Đông A": {
            "state": "Ninh Bình",
            "city": "Phường Đông A",
            "ward": "Phường Đông A"
        }
    },
    "Phường Đông Hoa Lư": {
        "Phường Đông Hoa Lư": {
            "state": "Ninh Bình",
            "city": "Phường Đông Hoa Lư",
            "ward": "Phường Đông Hoa Lư"
        }
    },
    "Phường Đồng Văn ": {
        "Phường Đồng Văn ": {
            "state": "Ninh Bình",
            "city": "Phường Đồng Văn ",
            "ward": "Phường Đồng Văn "
        }
    },
    "Xã Bình An": {
        "Xã Bình An": {
            "state": "Ninh Bình",
            "city": "Xã Bình An",
            "ward": "Xã Bình An"
        }
    },
    "Xã Bình Giang": {
        "Xã Bình Giang": {
            "state": "Ninh Bình",
            "city": "Xã Bình Giang",
            "ward": "Xã Bình Giang"
        }
    },
    "Xã Bình Lục": {
        "Xã Bình Lục": {
            "state": "Ninh Bình",
            "city": "Xã Bình Lục",
            "ward": "Xã Bình Lục"
        }
    },
    "Xã Bình Minh": {
        "Xã Bình Minh": {
            "state": "Ninh Bình",
            "city": "Xã Bình Minh",
            "ward": "Xã Bình Minh"
        }
    },
    "Xã Bình Mỹ": {
        "Xã Bình Mỹ": {
            "state": "Ninh Bình",
            "city": "Xã Bình Mỹ",
            "ward": "Xã Bình Mỹ"
        }
    },
    "Xã Bình Sơn": {
        "Xã Bình Sơn": {
            "state": "Ninh Bình",
            "city": "Xã Bình Sơn",
            "ward": "Xã Bình Sơn"
        }
    },
    "Xã Bắc Lý ": {
        "Xã Bắc Lý ": {
            "state": "Ninh Bình",
            "city": "Xã Bắc Lý ",
            "ward": "Xã Bắc Lý "
        }
    },
    "Xã Chất Bình": {
        "Xã Chất Bình": {
            "state": "Ninh Bình",
            "city": "Xã Chất Bình",
            "ward": "Xã Chất Bình"
        }
    },
    "Xã Cát Thành": {
        "Xã Cát Thành": {
            "state": "Ninh Bình",
            "city": "Xã Cát Thành",
            "ward": "Xã Cát Thành"
        }
    },
    "Xã Cúc Phương": {
        "Xã Cúc Phương": {
            "state": "Ninh Bình",
            "city": "Xã Cúc Phương",
            "ward": "Xã Cúc Phương"
        }
    },
    "Xã Cổ Lễ": {
        "Xã Cổ Lễ": {
            "state": "Ninh Bình",
            "city": "Xã Cổ Lễ",
            "ward": "Xã Cổ Lễ"
        }
    },
    "Xã Gia Hưng": {
        "Xã Gia Hưng": {
            "state": "Ninh Bình",
            "city": "Xã Gia Hưng",
            "ward": "Xã Gia Hưng"
        }
    },
    "Xã Gia Lâm": {
        "Xã Gia Lâm": {
            "state": "Ninh Bình",
            "city": "Xã Gia Lâm",
            "ward": "Xã Gia Lâm"
        }
    },
    "Xã Gia Phong": {
        "Xã Gia Phong": {
            "state": "Ninh Bình",
            "city": "Xã Gia Phong",
            "ward": "Xã Gia Phong"
        }
    },
    "Xã Gia Trấn": {
        "Xã Gia Trấn": {
            "state": "Ninh Bình",
            "city": "Xã Gia Trấn",
            "ward": "Xã Gia Trấn"
        }
    },
    "Xã Gia Tường": {
        "Xã Gia Tường": {
            "state": "Ninh Bình",
            "city": "Xã Gia Tường",
            "ward": "Xã Gia Tường"
        }
    },
    "Xã Gia Viễn": {
        "Xã Gia Viễn": {
            "state": "Ninh Bình",
            "city": "Xã Gia Viễn",
            "ward": "Xã Gia Viễn"
        }
    },
    "Xã Gia Vân": {
        "Xã Gia Vân": {
            "state": "Ninh Bình",
            "city": "Xã Gia Vân",
            "ward": "Xã Gia Vân"
        }
    },
    "Xã Giao Bình": {
        "Xã Giao Bình": {
            "state": "Ninh Bình",
            "city": "Xã Giao Bình",
            "ward": "Xã Giao Bình"
        }
    },
    "Xã Giao Hòa": {
        "Xã Giao Hòa": {
            "state": "Ninh Bình",
            "city": "Xã Giao Hòa",
            "ward": "Xã Giao Hòa"
        }
    },
    "Xã Giao Hưng": {
        "Xã Giao Hưng": {
            "state": "Ninh Bình",
            "city": "Xã Giao Hưng",
            "ward": "Xã Giao Hưng"
        }
    },
    "Xã Giao Minh": {
        "Xã Giao Minh": {
            "state": "Ninh Bình",
            "city": "Xã Giao Minh",
            "ward": "Xã Giao Minh"
        }
    },
    "Xã Giao Ninh": {
        "Xã Giao Ninh": {
            "state": "Ninh Bình",
            "city": "Xã Giao Ninh",
            "ward": "Xã Giao Ninh"
        }
    },
    "Xã Giao Phúc": {
        "Xã Giao Phúc": {
            "state": "Ninh Bình",
            "city": "Xã Giao Phúc",
            "ward": "Xã Giao Phúc"
        }
    },
    "Xã Giao Thuỷ": {
        "Xã Giao Thuỷ": {
            "state": "Ninh Bình",
            "city": "Xã Giao Thuỷ",
            "ward": "Xã Giao Thuỷ"
        }
    },
    "Xã Hiển Khánh": {
        "Xã Hiển Khánh": {
            "state": "Ninh Bình",
            "city": "Xã Hiển Khánh",
            "ward": "Xã Hiển Khánh"
        }
    },
    "Xã Hải An": {
        "Xã Hải An": {
            "state": "Ninh Bình",
            "city": "Xã Hải An",
            "ward": "Xã Hải An"
        }
    },
    "Xã Hải Anh": {
        "Xã Hải Anh": {
            "state": "Ninh Bình",
            "city": "Xã Hải Anh",
            "ward": "Xã Hải Anh"
        }
    },
    "Xã Hải Hưng": {
        "Xã Hải Hưng": {
            "state": "Ninh Bình",
            "city": "Xã Hải Hưng",
            "ward": "Xã Hải Hưng"
        }
    },
    "Xã Hải Hậu": {
        "Xã Hải Hậu": {
            "state": "Ninh Bình",
            "city": "Xã Hải Hậu",
            "ward": "Xã Hải Hậu"
        }
    },
    "Xã Hải Quang": {
        "Xã Hải Quang": {
            "state": "Ninh Bình",
            "city": "Xã Hải Quang",
            "ward": "Xã Hải Quang"
        }
    },
    "Xã Hải Thịnh": {
        "Xã Hải Thịnh": {
            "state": "Ninh Bình",
            "city": "Xã Hải Thịnh",
            "ward": "Xã Hải Thịnh"
        }
    },
    "Xã Hải Tiến": {
        "Xã Hải Tiến": {
            "state": "Ninh Bình",
            "city": "Xã Hải Tiến",
            "ward": "Xã Hải Tiến"
        }
    },
    "Xã Hải Xuân": {
        "Xã Hải Xuân": {
            "state": "Ninh Bình",
            "city": "Xã Hải Xuân",
            "ward": "Xã Hải Xuân"
        }
    },
    "Xã Hồng Phong": {
        "Xã Hồng Phong": {
            "state": "Ninh Bình",
            "city": "Xã Hồng Phong",
            "ward": "Xã Hồng Phong"
        }
    },
    "Xã Khánh Hội": {
        "Xã Khánh Hội": {
            "state": "Ninh Bình",
            "city": "Xã Khánh Hội",
            "ward": "Xã Khánh Hội"
        }
    },
    "Xã Khánh Nhạc": {
        "Xã Khánh Nhạc": {
            "state": "Ninh Bình",
            "city": "Xã Khánh Nhạc",
            "ward": "Xã Khánh Nhạc"
        }
    },
    "Xã Khánh Thiện": {
        "Xã Khánh Thiện": {
            "state": "Ninh Bình",
            "city": "Xã Khánh Thiện",
            "ward": "Xã Khánh Thiện"
        }
    },
    "Xã Khánh Trung": {
        "Xã Khánh Trung": {
            "state": "Ninh Bình",
            "city": "Xã Khánh Trung",
            "ward": "Xã Khánh Trung"
        }
    },
    "Xã Kim Sơn": {
        "Xã Kim Sơn": {
            "state": "Ninh Bình",
            "city": "Xã Kim Sơn",
            "ward": "Xã Kim Sơn"
        }
    },
    "Xã Kim Đông": {
        "Xã Kim Đông": {
            "state": "Ninh Bình",
            "city": "Xã Kim Đông",
            "ward": "Xã Kim Đông"
        }
    },
    "Xã Lai Thành": {
        "Xã Lai Thành": {
            "state": "Ninh Bình",
            "city": "Xã Lai Thành",
            "ward": "Xã Lai Thành"
        }
    },
    "Xã Liêm Hà": {
        "Xã Liêm Hà": {
            "state": "Ninh Bình",
            "city": "Xã Liêm Hà",
            "ward": "Xã Liêm Hà"
        }
    },
    "Xã Liên Minh": {
        "Xã Liên Minh": {
            "state": "Ninh Bình",
            "city": "Xã Liên Minh",
            "ward": "Xã Liên Minh"
        }
    },
    "Xã Lý Nhân": {
        "Xã Lý Nhân": {
            "state": "Ninh Bình",
            "city": "Xã Lý Nhân",
            "ward": "Xã Lý Nhân"
        }
    },
    "Xã Minh Thái": {
        "Xã Minh Thái": {
            "state": "Ninh Bình",
            "city": "Xã Minh Thái",
            "ward": "Xã Minh Thái"
        }
    },
    "Xã Minh Tân": {
        "Xã Minh Tân": {
            "state": "Ninh Bình",
            "city": "Xã Minh Tân",
            "ward": "Xã Minh Tân"
        }
    },
    "Xã Nam Hồng": {
        "Xã Nam Hồng": {
            "state": "Ninh Bình",
            "city": "Xã Nam Hồng",
            "ward": "Xã Nam Hồng"
        }
    },
    "Xã Nam Lý": {
        "Xã Nam Lý": {
            "state": "Ninh Bình",
            "city": "Xã Nam Lý",
            "ward": "Xã Nam Lý"
        }
    },
    "Xã Nam Minh": {
        "Xã Nam Minh": {
            "state": "Ninh Bình",
            "city": "Xã Nam Minh",
            "ward": "Xã Nam Minh"
        }
    },
    "Xã Nam Ninh": {
        "Xã Nam Ninh": {
            "state": "Ninh Bình",
            "city": "Xã Nam Ninh",
            "ward": "Xã Nam Ninh"
        }
    },
    "Xã Nam Trực": {
        "Xã Nam Trực": {
            "state": "Ninh Bình",
            "city": "Xã Nam Trực",
            "ward": "Xã Nam Trực"
        }
    },
    "Xã Nam Xang": {
        "Xã Nam Xang": {
            "state": "Ninh Bình",
            "city": "Xã Nam Xang",
            "ward": "Xã Nam Xang"
        }
    },
    "Xã Nam Đồng": {
        "Xã Nam Đồng": {
            "state": "Ninh Bình",
            "city": "Xã Nam Đồng",
            "ward": "Xã Nam Đồng"
        }
    },
    "Xã Nghĩa Hưng": {
        "Xã Nghĩa Hưng": {
            "state": "Ninh Bình",
            "city": "Xã Nghĩa Hưng",
            "ward": "Xã Nghĩa Hưng"
        }
    },
    "Xã Nghĩa Lâm": {
        "Xã Nghĩa Lâm": {
            "state": "Ninh Bình",
            "city": "Xã Nghĩa Lâm",
            "ward": "Xã Nghĩa Lâm"
        }
    },
    "Xã Nghĩa Sơn": {
        "Xã Nghĩa Sơn": {
            "state": "Ninh Bình",
            "city": "Xã Nghĩa Sơn",
            "ward": "Xã Nghĩa Sơn"
        }
    },
    "Xã Nho Quan": {
        "Xã Nho Quan": {
            "state": "Ninh Bình",
            "city": "Xã Nho Quan",
            "ward": "Xã Nho Quan"
        }
    },
    "Xã Nhân Hà": {
        "Xã Nhân Hà": {
            "state": "Ninh Bình",
            "city": "Xã Nhân Hà",
            "ward": "Xã Nhân Hà"
        }
    },
    "Xã Ninh Cường": {
        "Xã Ninh Cường": {
            "state": "Ninh Bình",
            "city": "Xã Ninh Cường",
            "ward": "Xã Ninh Cường"
        }
    },
    "Xã Ninh Giang": {
        "Xã Ninh Giang": {
            "state": "Ninh Bình",
            "city": "Xã Ninh Giang",
            "ward": "Xã Ninh Giang"
        }
    },
    "Xã Phong Doanh": {
        "Xã Phong Doanh": {
            "state": "Ninh Bình",
            "city": "Xã Phong Doanh",
            "ward": "Xã Phong Doanh"
        }
    },
    "Xã Phát Diệm": {
        "Xã Phát Diệm": {
            "state": "Ninh Bình",
            "city": "Xã Phát Diệm",
            "ward": "Xã Phát Diệm"
        }
    },
    "Xã Phú Long": {
        "Xã Phú Long": {
            "state": "Ninh Bình",
            "city": "Xã Phú Long",
            "ward": "Xã Phú Long"
        }
    },
    "Xã Phú Sơn": {
        "Xã Phú Sơn": {
            "state": "Ninh Bình",
            "city": "Xã Phú Sơn",
            "ward": "Xã Phú Sơn"
        }
    },
    "Xã Quang Hưng": {
        "Xã Quang Hưng": {
            "state": "Ninh Bình",
            "city": "Xã Quang Hưng",
            "ward": "Xã Quang Hưng"
        }
    },
    "Xã Quang Thiện": {
        "Xã Quang Thiện": {
            "state": "Ninh Bình",
            "city": "Xã Quang Thiện",
            "ward": "Xã Quang Thiện"
        }
    },
    "Xã Quỳnh Lưu": {
        "Xã Quỳnh Lưu": {
            "state": "Ninh Bình",
            "city": "Xã Quỳnh Lưu",
            "ward": "Xã Quỳnh Lưu"
        }
    },
    "Xã Quỹ Nhất": {
        "Xã Quỹ Nhất": {
            "state": "Ninh Bình",
            "city": "Xã Quỹ Nhất",
            "ward": "Xã Quỹ Nhất"
        }
    },
    "Xã Rạng Đông": {
        "Xã Rạng Đông": {
            "state": "Ninh Bình",
            "city": "Xã Rạng Đông",
            "ward": "Xã Rạng Đông"
        }
    },
    "Xã Thanh Bình": {
        "Xã Thanh Bình": {
            "state": "Ninh Bình",
            "city": "Xã Thanh Bình",
            "ward": "Xã Thanh Bình"
        }
    },
    "Xã Thanh Liêm": {
        "Xã Thanh Liêm": {
            "state": "Ninh Bình",
            "city": "Xã Thanh Liêm",
            "ward": "Xã Thanh Liêm"
        }
    },
    "Xã Thanh Lâm": {
        "Xã Thanh Lâm": {
            "state": "Ninh Bình",
            "city": "Xã Thanh Lâm",
            "ward": "Xã Thanh Lâm"
        }
    },
    "Xã Thanh Sơn": {
        "Xã Thanh Sơn": {
            "state": "Ninh Bình",
            "city": "Xã Thanh Sơn",
            "ward": "Xã Thanh Sơn"
        }
    },
    "Xã Trần Thương": {
        "Xã Trần Thương": {
            "state": "Ninh Bình",
            "city": "Xã Trần Thương",
            "ward": "Xã Trần Thương"
        }
    },
    "Xã Trực Ninh": {
        "Xã Trực Ninh": {
            "state": "Ninh Bình",
            "city": "Xã Trực Ninh",
            "ward": "Xã Trực Ninh"
        }
    },
    "Xã Tân Minh": {
        "Xã Tân Minh": {
            "state": "Ninh Bình",
            "city": "Xã Tân Minh",
            "ward": "Xã Tân Minh"
        }
    },
    "Xã Tân Thanh": {
        "Xã Tân Thanh": {
            "state": "Ninh Bình",
            "city": "Xã Tân Thanh",
            "ward": "Xã Tân Thanh"
        }
    },
    "Xã Vĩnh Trụ": {
        "Xã Vĩnh Trụ": {
            "state": "Ninh Bình",
            "city": "Xã Vĩnh Trụ",
            "ward": "Xã Vĩnh Trụ"
        }
    },
    "Xã Vũ Dương": {
        "Xã Vũ Dương": {
            "state": "Ninh Bình",
            "city": "Xã Vũ Dương",
            "ward": "Xã Vũ Dương"
        }
    },
    "Xã Vạn Thắng": {
        "Xã Vạn Thắng": {
            "state": "Ninh Bình",
            "city": "Xã Vạn Thắng",
            "ward": "Xã Vạn Thắng"
        }
    },
    "Xã Vụ Bản": {
        "Xã Vụ Bản": {
            "state": "Ninh Bình",
            "city": "Xã Vụ Bản",
            "ward": "Xã Vụ Bản"
        }
    },
    "Xã Xuân Giang": {
        "Xã Xuân Giang": {
            "state": "Ninh Bình",
            "city": "Xã Xuân Giang",
            "ward": "Xã Xuân Giang"
        }
    },
    "Xã Xuân Hưng": {
        "Xã Xuân Hưng": {
            "state": "Ninh Bình",
            "city": "Xã Xuân Hưng",
            "ward": "Xã Xuân Hưng"
        }
    },
    "Xã Xuân Hồng": {
        "Xã Xuân Hồng": {
            "state": "Ninh Bình",
            "city": "Xã Xuân Hồng",
            "ward": "Xã Xuân Hồng"
        }
    },
    "Xã Xuân Trường": {
        "Xã Xuân Trường": {
            "state": "Ninh Bình",
            "city": "Xã Xuân Trường",
            "ward": "Xã Xuân Trường"
        }
    },
    "Xã Yên Cường": {
        "Xã Yên Cường": {
            "state": "Ninh Bình",
            "city": "Xã Yên Cường",
            "ward": "Xã Yên Cường"
        }
    },
    "Xã Yên Khánh": {
        "Xã Yên Khánh": {
            "state": "Ninh Bình",
            "city": "Xã Yên Khánh",
            "ward": "Xã Yên Khánh"
        }
    },
    "Xã Yên Mô": {
        "Xã Yên Mô": {
            "state": "Ninh Bình",
            "city": "Xã Yên Mô",
            "ward": "Xã Yên Mô"
        }
    },
    "Xã Yên Mạc": {
        "Xã Yên Mạc": {
            "state": "Ninh Bình",
            "city": "Xã Yên Mạc",
            "ward": "Xã Yên Mạc"
        }
    },
    "Xã Yên Từ": {
        "Xã Yên Từ": {
            "state": "Ninh Bình",
            "city": "Xã Yên Từ",
            "ward": "Xã Yên Từ"
        }
    },
    "Xã Yên Đồng": {
        "Xã Yên Đồng": {
            "state": "Ninh Bình",
            "city": "Xã Yên Đồng",
            "ward": "Xã Yên Đồng"
        }
    },
    "Xã Ý Yên": {
        "Xã Ý Yên": {
            "state": "Ninh Bình",
            "city": "Xã Ý Yên",
            "ward": "Xã Ý Yên"
        }
    },
    "Xã Đại Hoàng": {
        "Xã Đại Hoàng": {
            "state": "Ninh Bình",
            "city": "Xã Đại Hoàng",
            "ward": "Xã Đại Hoàng"
        }
    },
    "Xã Định Hoá": {
        "Xã Định Hoá": {
            "state": "Ninh Bình",
            "city": "Xã Định Hoá",
            "ward": "Xã Định Hoá"
        }
    },
    "Xã Đồng Thái": {
        "Xã Đồng Thái": {
            "state": "Ninh Bình",
            "city": "Xã Đồng Thái",
            "ward": "Xã Đồng Thái"
        }
    },
    "Xã Đồng Thịnh": {
        "Xã Đồng Thịnh": {
            "state": "Ninh Bình",
            "city": "Xã Đồng Thịnh",
            "ward": "Xã Đồng Thịnh"
        }
    }
}