{
    "Phường Hòa Bình": {
        "Phường Hòa Bình": {
            "state": "Phú Thọ",
            "city": "Phường Hòa Bình",
            "ward": "Phường Hòa Bình"
        }
    },
    "Phường Kỳ Sơn": {
        "Phường Kỳ Sơn": {
            "state": "Phú Thọ",
            "city": "Phường Kỳ Sơn",
            "ward": "Phường Kỳ Sơn"
        }
    },
    "Phường Nông Trang": {
        "Phường Nông Trang": {
            "state": "Phú Thọ",
            "city": "Phường Nông Trang",
            "ward": "Phường Nông Trang"
        }
    },
    "Phường Phong Châu": {
        "Phường Phong Châu": {
            "state": "Phú Thọ",
            "city": "Phường Phong Châu",
            "ward": "Phường Phong Châu"
        }
    },
    "Phường Phú Thọ": {
        "Phường Phú Thọ": {
            "state": "Phú Thọ",
            "city": "Phường Phú Thọ",
            "ward": "Phường Phú Thọ"
        }
    },
    "Phường Phúc Yên": {
        "Phường Phúc Yên": {
            "state": "Phú Thọ",
            "city": "Phường Phúc Yên",
            "ward": "Phường Phúc Yên"
        }
    },
    "Phường Thanh Miếu": {
        "Phường Thanh Miếu": {
            "state": "Phú Thọ",
            "city": "Phường Thanh Miếu",
            "ward": "Phường Thanh Miếu"
        }
    },
    "Phường Thống Nhất": {
        "Phường Thống Nhất": {
            "state": "Phú Thọ",
            "city": "Phường Thống Nhất",
            "ward": "Phường Thống Nhất"
        }
    },
    "Phường Tân Hòa": {
        "Phường Tân Hòa": {
            "state": "Phú Thọ",
            "city": "Phường Tân Hòa",
            "ward": "Phường Tân Hòa"
        }
    },
    "Phường Việt Trì": {
        "Phường Việt Trì": {
            "state": "Phú Thọ",
            "city": "Phường Việt Trì",
            "ward": "Phường Việt Trì"
        }
    },
    "Phường Vân Phú": {
        "Phường Vân Phú": {
            "state": "Phú Thọ",
            "city": "Phường Vân Phú",
            "ward": "Phường Vân Phú"
        }
    },
    "Phường Vĩnh Phúc": {
        "Phường Vĩnh Phúc": {
            "state": "Phú Thọ",
            "city": "Phường Vĩnh Phúc",
            "ward": "Phường Vĩnh Phúc"
        }
    },
    "Phường Vĩnh Yên": {
        "Phường Vĩnh Yên": {
            "state": "Phú Thọ",
            "city": "Phường Vĩnh Yên",
            "ward": "Phường Vĩnh Yên"
        }
    },
    "Phường Xuân Hòa": {
        "Phường Xuân Hòa": {
            "state": "Phú Thọ",
            "city": "Phường Xuân Hòa",
            "ward": "Phường Xuân Hòa"
        }
    },
    "Phường Âu Cơ": {
        "Phường Âu Cơ": {
            "state": "Phú Thọ",
            "city": "Phường Âu Cơ",
            "ward": "Phường Âu Cơ"
        }
    },
    "Xã An Bình": {
        "Xã An Bình": {
            "state": "Phú Thọ",
            "city": "Xã An Bình",
            "ward": "Xã An Bình"
        }
    },
    "Xã An Nghĩa": {
        "Xã An Nghĩa": {
            "state": "Phú Thọ",
            "city": "Xã An Nghĩa",
            "ward": "Xã An Nghĩa"
        }
    },
    "Xã Bao La": {
        "Xã Bao La": {
            "state": "Phú Thọ",
            "city": "Xã Bao La",
            "ward": "Xã Bao La"
        }
    },
    "Xã Bình Nguyên": {
        "Xã Bình Nguyên": {
            "state": "Phú Thọ",
            "city": "Xã Bình Nguyên",
            "ward": "Xã Bình Nguyên"
        }
    },
    "Xã Bình Phú": {
        "Xã Bình Phú": {
            "state": "Phú Thọ",
            "city": "Xã Bình Phú",
            "ward": "Xã Bình Phú"
        }
    },
    "Xã Bình Tuyền": {
        "Xã Bình Tuyền": {
            "state": "Phú Thọ",
            "city": "Xã Bình Tuyền",
            "ward": "Xã Bình Tuyền"
        }
    },
    "Xã Bình Xuyên": {
        "Xã Bình Xuyên": {
            "state": "Phú Thọ",
            "city": "Xã Bình Xuyên",
            "ward": "Xã Bình Xuyên"
        }
    },
    "Xã Bản Nguyên": {
        "Xã Bản Nguyên": {
            "state": "Phú Thọ",
            "city": "Xã Bản Nguyên",
            "ward": "Xã Bản Nguyên"
        }
    },
    "Xã Bằng Luân": {
        "Xã Bằng Luân": {
            "state": "Phú Thọ",
            "city": "Xã Bằng Luân",
            "ward": "Xã Bằng Luân"
        }
    },
    "Xã Cao Dương": {
        "Xã Cao Dương": {
            "state": "Phú Thọ",
            "city": "Xã Cao Dương",
            "ward": "Xã Cao Dương"
        }
    },
    "Xã Cao Phong": {
        "Xã Cao Phong": {
            "state": "Phú Thọ",
            "city": "Xã Cao Phong",
            "ward": "Xã Cao Phong"
        }
    },
    "Xã Cao Sơn": {
        "Xã Cao Sơn": {
            "state": "Phú Thọ",
            "city": "Xã Cao Sơn",
            "ward": "Xã Cao Sơn"
        }
    },
    "Xã Chân Mộng": {
        "Xã Chân Mộng": {
            "state": "Phú Thọ",
            "city": "Xã Chân Mộng",
            "ward": "Xã Chân Mộng"
        }
    },
    "Xã Chí Tiên": {
        "Xã Chí Tiên": {
            "state": "Phú Thọ",
            "city": "Xã Chí Tiên",
            "ward": "Xã Chí Tiên"
        }
    },
    "Xã Chí Đám": {
        "Xã Chí Đám": {
            "state": "Phú Thọ",
            "city": "Xã Chí Đám",
            "ward": "Xã Chí Đám"
        }
    },
    "Xã Cẩm Khê": {
        "Xã Cẩm Khê": {
            "state": "Phú Thọ",
            "city": "Xã Cẩm Khê",
            "ward": "Xã Cẩm Khê"
        }
    },
    "Xã Cự Đồng": {
        "Xã Cự Đồng": {
            "state": "Phú Thọ",
            "city": "Xã Cự Đồng",
            "ward": "Xã Cự Đồng"
        }
    },
    "Xã Dân Chủ": {
        "Xã Dân Chủ": {
            "state": "Phú Thọ",
            "city": "Xã Dân Chủ",
            "ward": "Xã Dân Chủ"
        }
    },
    "Xã Dũng Tiến": {
        "Xã Dũng Tiến": {
            "state": "Phú Thọ",
            "city": "Xã Dũng Tiến",
            "ward": "Xã Dũng Tiến"
        }
    },
    "Xã Hiền Lương": {
        "Xã Hiền Lương": {
            "state": "Phú Thọ",
            "city": "Xã Hiền Lương",
            "ward": "Xã Hiền Lương"
        }
    },
    "Xã Hiền Quan": {
        "Xã Hiền Quan": {
            "state": "Phú Thọ",
            "city": "Xã Hiền Quan",
            "ward": "Xã Hiền Quan"
        }
    },
    "Xã Hoàng An": {
        "Xã Hoàng An": {
            "state": "Phú Thọ",
            "city": "Xã Hoàng An",
            "ward": "Xã Hoàng An"
        }
    },
    "Xã Hoàng Cương": {
        "Xã Hoàng Cương": {
            "state": "Phú Thọ",
            "city": "Xã Hoàng Cương",
            "ward": "Xã Hoàng Cương"
        }
    },
    "Xã Hy Cương": {
        "Xã Hy Cương": {
            "state": "Phú Thọ",
            "city": "Xã Hy Cương",
            "ward": "Xã Hy Cương"
        }
    },
    "Xã Hùng Việt": {
        "Xã Hùng Việt": {
            "state": "Phú Thọ",
            "city": "Xã Hùng Việt",
            "ward": "Xã Hùng Việt"
        }
    },
    "Xã Hương Cần": {
        "Xã Hương Cần": {
            "state": "Phú Thọ",
            "city": "Xã Hương Cần",
            "ward": "Xã Hương Cần"
        }
    },
    "Xã Hạ Hòa": {
        "Xã Hạ Hòa": {
            "state": "Phú Thọ",
            "city": "Xã Hạ Hòa",
            "ward": "Xã Hạ Hòa"
        }
    },
    "Xã Hải Lựu": {
        "Xã Hải Lựu": {
            "state": "Phú Thọ",
            "city": "Xã Hải Lựu",
            "ward": "Xã Hải Lựu"
        }
    },
    "Xã Hội Thịnh": {
        "Xã Hội Thịnh": {
            "state": "Phú Thọ",
            "city": "Xã Hội Thịnh",
            "ward": "Xã Hội Thịnh"
        }
    },
    "Xã Hợp Kim": {
        "Xã Hợp Kim": {
            "state": "Phú Thọ",
            "city": "Xã Hợp Kim",
            "ward": "Xã Hợp Kim"
        }
    },
    "Xã Hợp Lý": {
        "Xã Hợp Lý": {
            "state": "Phú Thọ",
            "city": "Xã Hợp Lý",
            "ward": "Xã Hợp Lý"
        }
    },
    "Xã Khả Cửu": {
        "Xã Khả Cửu": {
            "state": "Phú Thọ",
            "city": "Xã Khả Cửu",
            "ward": "Xã Khả Cửu"
        }
    },
    "Xã Kim Bôi": {
        "Xã Kim Bôi": {
            "state": "Phú Thọ",
            "city": "Xã Kim Bôi",
            "ward": "Xã Kim Bôi"
        }
    },
    "Xã Lai Đồng": {
        "Xã Lai Đồng": {
            "state": "Phú Thọ",
            "city": "Xã Lai Đồng",
            "ward": "Xã Lai Đồng"
        }
    },
    "Xã Liên Châu": {
        "Xã Liên Châu": {
            "state": "Phú Thọ",
            "city": "Xã Liên Châu",
            "ward": "Xã Liên Châu"
        }
    },
    "Xã Liên Hòa": {
        "Xã Liên Hòa": {
            "state": "Phú Thọ",
            "city": "Xã Liên Hòa",
            "ward": "Xã Liên Hòa"
        }
    },
    "Xã Liên Minh": {
        "Xã Liên Minh": {
            "state": "Phú Thọ",
            "city": "Xã Liên Minh",
            "ward": "Xã Liên Minh"
        }
    },
    "Xã Liên Sơn": {
        "Xã Liên Sơn": {
            "state": "Phú Thọ",
            "city": "Xã Liên Sơn",
            "ward": "Xã Liên Sơn"
        }
    },
    "Xã Long Cốc": {
        "Xã Long Cốc": {
            "state": "Phú Thọ",
            "city": "Xã Long Cốc",
            "ward": "Xã Long Cốc"
        }
    },
    "Xã Lâm Thao": {
        "Xã Lâm Thao": {
            "state": "Phú Thọ",
            "city": "Xã Lâm Thao",
            "ward": "Xã Lâm Thao"
        }
    },
    "Xã Lương Sơn": {
        "Xã Lương Sơn": {
            "state": "Phú Thọ",
            "city": "Xã Lương Sơn",
            "ward": "Xã Lương Sơn"
        }
    },
    "Xã Lạc Lương": {
        "Xã Lạc Lương": {
            "state": "Phú Thọ",
            "city": "Xã Lạc Lương",
            "ward": "Xã Lạc Lương"
        }
    },
    "Xã Lạc Sơn": {
        "Xã Lạc Sơn": {
            "state": "Phú Thọ",
            "city": "Xã Lạc Sơn",
            "ward": "Xã Lạc Sơn"
        }
    },
    "Xã Lạc Thủy": {
        "Xã Lạc Thủy": {
            "state": "Phú Thọ",
            "city": "Xã Lạc Thủy",
            "ward": "Xã Lạc Thủy"
        }
    },
    "Xã Lập Thạch": {
        "Xã Lập Thạch": {
            "state": "Phú Thọ",
            "city": "Xã Lập Thạch",
            "ward": "Xã Lập Thạch"
        }
    },
    "Xã Mai Châu": {
        "Xã Mai Châu": {
            "state": "Phú Thọ",
            "city": "Xã Mai Châu",
            "ward": "Xã Mai Châu"
        }
    },
    "Xã Mai Hạ": {
        "Xã Mai Hạ": {
            "state": "Phú Thọ",
            "city": "Xã Mai Hạ",
            "ward": "Xã Mai Hạ"
        }
    },
    "Xã Minh Hòa": {
        "Xã Minh Hòa": {
            "state": "Phú Thọ",
            "city": "Xã Minh Hòa",
            "ward": "Xã Minh Hòa"
        }
    },
    "Xã Minh Đài": {
        "Xã Minh Đài": {
            "state": "Phú Thọ",
            "city": "Xã Minh Đài",
            "ward": "Xã Minh Đài"
        }
    },
    "Xã Mường Bi": {
        "Xã Mường Bi": {
            "state": "Phú Thọ",
            "city": "Xã Mường Bi",
            "ward": "Xã Mường Bi"
        }
    },
    "Xã Mường Hoa": {
        "Xã Mường Hoa": {
            "state": "Phú Thọ",
            "city": "Xã Mường Hoa",
            "ward": "Xã Mường Hoa"
        }
    },
    "Xã Mường Thàng": {
        "Xã Mường Thàng": {
            "state": "Phú Thọ",
            "city": "Xã Mường Thàng",
            "ward": "Xã Mường Thàng"
        }
    },
    "Xã Mường Vang": {
        "Xã Mường Vang": {
            "state": "Phú Thọ",
            "city": "Xã Mường Vang",
            "ward": "Xã Mường Vang"
        }
    },
    "Xã Mường Động": {
        "Xã Mường Động": {
            "state": "Phú Thọ",
            "city": "Xã Mường Động",
            "ward": "Xã Mường Động"
        }
    },
    "Xã Nguyệt Đức": {
        "Xã Nguyệt Đức": {
            "state": "Phú Thọ",
            "city": "Xã Nguyệt Đức",
            "ward": "Xã Nguyệt Đức"
        }
    },
    "Xã Ngọc Sơn": {
        "Xã Ngọc Sơn": {
            "state": "Phú Thọ",
            "city": "Xã Ngọc Sơn",
            "ward": "Xã Ngọc Sơn"
        }
    },
    "Xã Nhân Nghĩa": {
        "Xã Nhân Nghĩa": {
            "state": "Phú Thọ",
            "city": "Xã Nhân Nghĩa",
            "ward": "Xã Nhân Nghĩa"
        }
    },
    "Xã Nật Sơn": {
        "Xã Nật Sơn": {
            "state": "Phú Thọ",
            "city": "Xã Nật Sơn",
            "ward": "Xã Nật Sơn"
        }
    },
    "Xã Phù Ninh": {
        "Xã Phù Ninh": {
            "state": "Phú Thọ",
            "city": "Xã Phù Ninh",
            "ward": "Xã Phù Ninh"
        }
    },
    "Xã Phùng Nguyên": {
        "Xã Phùng Nguyên": {
            "state": "Phú Thọ",
            "city": "Xã Phùng Nguyên",
            "ward": "Xã Phùng Nguyên"
        }
    },
    "Xã Phú Khê": {
        "Xã Phú Khê": {
            "state": "Phú Thọ",
            "city": "Xã Phú Khê",
            "ward": "Xã Phú Khê"
        }
    },
    "Xã Phú Mỹ": {
        "Xã Phú Mỹ": {
            "state": "Phú Thọ",
            "city": "Xã Phú Mỹ",
            "ward": "Xã Phú Mỹ"
        }
    },
    "Xã Pà Cò": {
        "Xã Pà Cò": {
            "state": "Phú Thọ",
            "city": "Xã Pà Cò",
            "ward": "Xã Pà Cò"
        }
    },
    "Xã Quy Đức": {
        "Xã Quy Đức": {
            "state": "Phú Thọ",
            "city": "Xã Quy Đức",
            "ward": "Xã Quy Đức"
        }
    },
    "Xã Quyết Thắng": {
        "Xã Quyết Thắng": {
            "state": "Phú Thọ",
            "city": "Xã Quyết Thắng",
            "ward": "Xã Quyết Thắng"
        }
    },
    "Xã Quảng Yên": {
        "Xã Quảng Yên": {
            "state": "Phú Thọ",
            "city": "Xã Quảng Yên",
            "ward": "Xã Quảng Yên"
        }
    },
    "Xã Sông Lô": {
        "Xã Sông Lô": {
            "state": "Phú Thọ",
            "city": "Xã Sông Lô",
            "ward": "Xã Sông Lô"
        }
    },
    "Xã Sơn Lương": {
        "Xã Sơn Lương": {
            "state": "Phú Thọ",
            "city": "Xã Sơn Lương",
            "ward": "Xã Sơn Lương"
        }
    },
    "Xã Sơn Đông": {
        "Xã Sơn Đông": {
            "state": "Phú Thọ",
            "city": "Xã Sơn Đông",
            "ward": "Xã Sơn Đông"
        }
    },
    "Xã Tam Dương": {
        "Xã Tam Dương": {
            "state": "Phú Thọ",
            "city": "Xã Tam Dương",
            "ward": "Xã Tam Dương"
        }
    },
    "Xã Tam Dương Bắc": {
        "Xã Tam Dương Bắc": {
            "state": "Phú Thọ",
            "city": "Xã Tam Dương Bắc",
            "ward": "Xã Tam Dương Bắc"
        }
    },
    "Xã Tam Hồng": {
        "Xã Tam Hồng": {
            "state": "Phú Thọ",
            "city": "Xã Tam Hồng",
            "ward": "Xã Tam Hồng"
        }
    },
    "Xã Tam Nông": {
        "Xã Tam Nông": {
            "state": "Phú Thọ",
            "city": "Xã Tam Nông",
            "ward": "Xã Tam Nông"
        }
    },
    "Xã Tam Sơn": {
        "Xã Tam Sơn": {
            "state": "Phú Thọ",
            "city": "Xã Tam Sơn",
            "ward": "Xã Tam Sơn"
        }
    },
    "Xã Tam Đảo": {
        "Xã Tam Đảo": {
            "state": "Phú Thọ",
            "city": "Xã Tam Đảo",
            "ward": "Xã Tam Đảo"
        }
    },
    "Xã Thanh Ba": {
        "Xã Thanh Ba": {
            "state": "Phú Thọ",
            "city": "Xã Thanh Ba",
            "ward": "Xã Thanh Ba"
        }
    },
    "Xã Thanh Sơn": {
        "Xã Thanh Sơn": {
            "state": "Phú Thọ",
            "city": "Xã Thanh Sơn",
            "ward": "Xã Thanh Sơn"
        }
    },
    "Xã Thanh Thủy": {
        "Xã Thanh Thủy": {
            "state": "Phú Thọ",
            "city": "Xã Thanh Thủy",
            "ward": "Xã Thanh Thủy"
        }
    },
    "Xã Thu Cúc": {
        "Xã Thu Cúc": {
            "state": "Phú Thọ",
            "city": "Xã Thu Cúc",
            "ward": "Xã Thu Cúc"
        }
    },
    "Xã Thung Nai": {
        "Xã Thung Nai": {
            "state": "Phú Thọ",
            "city": "Xã Thung Nai",
            "ward": "Xã Thung Nai"
        }
    },
    "Xã Thái Hòa": {
        "Xã Thái Hòa": {
            "state": "Phú Thọ",
            "city": "Xã Thái Hòa",
            "ward": "Xã Thái Hòa"
        }
    },
    "Xã Thượng Cốc": {
        "Xã Thượng Cốc": {
            "state": "Phú Thọ",
            "city": "Xã Thượng Cốc",
            "ward": "Xã Thượng Cốc"
        }
    },
    "Xã Thượng Long": {
        "Xã Thượng Long": {
            "state": "Phú Thọ",
            "city": "Xã Thượng Long",
            "ward": "Xã Thượng Long"
        }
    },
    "Xã Thịnh Minh": {
        "Xã Thịnh Minh": {
            "state": "Phú Thọ",
            "city": "Xã Thịnh Minh",
            "ward": "Xã Thịnh Minh"
        }
    },
    "Xã Thọ Văn": {
        "Xã Thọ Văn": {
            "state": "Phú Thọ",
            "city": "Xã Thọ Văn",
            "ward": "Xã Thọ Văn"
        }
    },
    "Xã Thổ Tang": {
        "Xã Thổ Tang": {
            "state": "Phú Thọ",
            "city": "Xã Thổ Tang",
            "ward": "Xã Thổ Tang"
        }
    },
    "Xã Tiên Lương": {
        "Xã Tiên Lương": {
            "state": "Phú Thọ",
            "city": "Xã Tiên Lương",
            "ward": "Xã Tiên Lương"
        }
    },
    "Xã Tiên Lữ": {
        "Xã Tiên Lữ": {
            "state": "Phú Thọ",
            "city": "Xã Tiên Lữ",
            "ward": "Xã Tiên Lữ"
        }
    },
    "Xã Tiền Phong": {
        "Xã Tiền Phong": {
            "state": "Phú Thọ",
            "city": "Xã Tiền Phong",
            "ward": "Xã Tiền Phong"
        }
    },
    "Xã Toàn Thắng": {
        "Xã Toàn Thắng": {
            "state": "Phú Thọ",
            "city": "Xã Toàn Thắng",
            "ward": "Xã Toàn Thắng"
        }
    },
    "Xã Trung Sơn": {
        "Xã Trung Sơn": {
            "state": "Phú Thọ",
            "city": "Xã Trung Sơn",
            "ward": "Xã Trung Sơn"
        }
    },
    "Xã Trạm Thản": {
        "Xã Trạm Thản": {
            "state": "Phú Thọ",
            "city": "Xã Trạm Thản",
            "ward": "Xã Trạm Thản"
        }
    },
    "Xã Tu Vũ": {
        "Xã Tu Vũ": {
            "state": "Phú Thọ",
            "city": "Xã Tu Vũ",
            "ward": "Xã Tu Vũ"
        }
    },
    "Xã Tân Lạc": {
        "Xã Tân Lạc": {
            "state": "Phú Thọ",
            "city": "Xã Tân Lạc",
            "ward": "Xã Tân Lạc"
        }
    },
    "Xã Tân Mai": {
        "Xã Tân Mai": {
            "state": "Phú Thọ",
            "city": "Xã Tân Mai",
            "ward": "Xã Tân Mai"
        }
    },
    "Xã Tân Pheo": {
        "Xã Tân Pheo": {
            "state": "Phú Thọ",
            "city": "Xã Tân Pheo",
            "ward": "Xã Tân Pheo"
        }
    },
    "Xã Tân Sơn": {
        "Xã Tân Sơn": {
            "state": "Phú Thọ",
            "city": "Xã Tân Sơn",
            "ward": "Xã Tân Sơn"
        }
    },
    "Xã Tây Cốc": {
        "Xã Tây Cốc": {
            "state": "Phú Thọ",
            "city": "Xã Tây Cốc",
            "ward": "Xã Tây Cốc"
        }
    },
    "Xã Tề Lỗ": {
        "Xã Tề Lỗ": {
            "state": "Phú Thọ",
            "city": "Xã Tề Lỗ",
            "ward": "Xã Tề Lỗ"
        }
    },
    "Xã Vân Bán": {
        "Xã Vân Bán": {
            "state": "Phú Thọ",
            "city": "Xã Vân Bán",
            "ward": "Xã Vân Bán"
        }
    },
    "Xã Vân Sơn": {
        "Xã Vân Sơn": {
            "state": "Phú Thọ",
            "city": "Xã Vân Sơn",
            "ward": "Xã Vân Sơn"
        }
    },
    "Xã Võ Miếu": {
        "Xã Võ Miếu": {
            "state": "Phú Thọ",
            "city": "Xã Võ Miếu",
            "ward": "Xã Võ Miếu"
        }
    },
    "Xã Văn Lang": {
        "Xã Văn Lang": {
            "state": "Phú Thọ",
            "city": "Xã Văn Lang",
            "ward": "Xã Văn Lang"
        }
    },
    "Xã Văn Miếu": {
        "Xã Văn Miếu": {
            "state": "Phú Thọ",
            "city": "Xã Văn Miếu",
            "ward": "Xã Văn Miếu"
        }
    },
    "Xã Vĩnh An": {
        "Xã Vĩnh An": {
            "state": "Phú Thọ",
            "city": "Xã Vĩnh An",
            "ward": "Xã Vĩnh An"
        }
    },
    "Xã Vĩnh Chân": {
        "Xã Vĩnh Chân": {
            "state": "Phú Thọ",
            "city": "Xã Vĩnh Chân",
            "ward": "Xã Vĩnh Chân"
        }
    },
    "Xã Vĩnh Hưng": {
        "Xã Vĩnh Hưng": {
            "state": "Phú Thọ",
            "city": "Xã Vĩnh Hưng",
            "ward": "Xã Vĩnh Hưng"
        }
    },
    "Xã Vĩnh Phú": {
        "Xã Vĩnh Phú": {
            "state": "Phú Thọ",
            "city": "Xã Vĩnh Phú",
            "ward": "Xã Vĩnh Phú"
        }
    },
    "Xã Vĩnh Thành": {
        "Xã Vĩnh Thành": {
            "state": "Phú Thọ",
            "city": "Xã Vĩnh Thành",
            "ward": "Xã Vĩnh Thành"
        }
    },
    "Xã Vĩnh Tường": {
        "Xã Vĩnh Tường": {
            "state": "Phú Thọ",
            "city": "Xã Vĩnh Tường",
            "ward": "Xã Vĩnh Tường"
        }
    },
    "Xã Vạn Xuân": {
        "Xã Vạn Xuân": {
            "state": "Phú Thọ",
            "city": "Xã Vạn Xuân",
            "ward": "Xã Vạn Xuân"
        }
    },
    "Xã Xuân Lãng": {
        "Xã Xuân Lãng": {
            "state": "Phú Thọ",
            "city": "Xã Xuân Lãng",
            "ward": "Xã Xuân Lãng"
        }
    },
    "Xã Xuân Lũng": {
        "Xã Xuân Lũng": {
            "state": "Phú Thọ",
            "city": "Xã Xuân Lũng",
            "ward": "Xã Xuân Lũng"
        }
    },
    "Xã Xuân Viên": {
        "Xã Xuân Viên": {
            "state": "Phú Thọ",
            "city": "Xã Xuân Viên",
            "ward": "Xã Xuân Viên"
        }
    },
    "Xã Xuân Đài": {
        "Xã Xuân Đài": {
            "state": "Phú Thọ",
            "city": "Xã Xuân Đài",
            "ward": "Xã Xuân Đài"
        }
    },
    "Xã Yên Kỳ": {
        "Xã Yên Kỳ": {
            "state": "Phú Thọ",
            "city": "Xã Yên Kỳ",
            "ward": "Xã Yên Kỳ"
        }
    },
    "Xã Yên Lãng": {
        "Xã Yên Lãng": {
            "state": "Phú Thọ",
            "city": "Xã Yên Lãng",
            "ward": "Xã Yên Lãng"
        }
    },
    "Xã Yên Lạc": {
        "Xã Yên Lạc": {
            "state": "Phú Thọ",
            "city": "Xã Yên Lạc",
            "ward": "Xã Yên Lạc"
        }
    },
    "Xã Yên Lập": {
        "Xã Yên Lập": {
            "state": "Phú Thọ",
            "city": "Xã Yên Lập",
            "ward": "Xã Yên Lập"
        }
    },
    "Xã Yên Phú": {
        "Xã Yên Phú": {
            "state": "Phú Thọ",
            "city": "Xã Yên Phú",
            "ward": "Xã Yên Phú"
        }
    },
    "Xã Yên Sơn": {
        "Xã Yên Sơn": {
            "state": "Phú Thọ",
            "city": "Xã Yên Sơn",
            "ward": "Xã Yên Sơn"
        }
    },
    "Xã Yên Thủy": {
        "Xã Yên Thủy": {
            "state": "Phú Thọ",
            "city": "Xã Yên Thủy",
            "ward": "Xã Yên Thủy"
        }
    },
    "Xã Yên Trị": {
        "Xã Yên Trị": {
            "state": "Phú Thọ",
            "city": "Xã Yên Trị",
            "ward": "Xã Yên Trị"
        }
    },
    "Xã Đan Thượng": {
        "Xã Đan Thượng": {
            "state": "Phú Thọ",
            "city": "Xã Đan Thượng",
            "ward": "Xã Đan Thượng"
        }
    },
    "Xã Đoan Hùng": {
        "Xã Đoan Hùng": {
            "state": "Phú Thọ",
            "city": "Xã Đoan Hùng",
            "ward": "Xã Đoan Hùng"
        }
    },
    "Xã Đà Bắc": {
        "Xã Đà Bắc": {
            "state": "Phú Thọ",
            "city": "Xã Đà Bắc",
            "ward": "Xã Đà Bắc"
        }
    },
    "Xã Đào Xá": {
        "Xã Đào Xá": {
            "state": "Phú Thọ",
            "city": "Xã Đào Xá",
            "ward": "Xã Đào Xá"
        }
    },
    "Xã Đông Thành": {
        "Xã Đông Thành": {
            "state": "Phú Thọ",
            "city": "Xã Đông Thành",
            "ward": "Xã Đông Thành"
        }
    },
    "Xã Đại Đình": {
        "Xã Đại Đình": {
            "state": "Phú Thọ",
            "city": "Xã Đại Đình",
            "ward": "Xã Đại Đình"
        }
    },
    "Xã Đại Đồng": {
        "Xã Đại Đồng": {
            "state": "Phú Thọ",
            "city": "Xã Đại Đồng",
            "ward": "Xã Đại Đồng"
        }
    },
    "Xã Đạo Trù": {
        "Xã Đạo Trù": {
            "state": "Phú Thọ",
            "city": "Xã Đạo Trù",
            "ward": "Xã Đạo Trù"
        }
    },
    "Xã Đồng Lương": {
        "Xã Đồng Lương": {
            "state": "Phú Thọ",
            "city": "Xã Đồng Lương",
            "ward": "Xã Đồng Lương"
        }
    },
    "Xã Đức Nhàn": {
        "Xã Đức Nhàn": {
            "state": "Phú Thọ",
            "city": "Xã Đức Nhàn",
            "ward": "Xã Đức Nhàn"
        }
    }
}