{
    "Đặc khu Lý Sơn": {
        "Đặc khu Lý Sơn": {
            "state": "Quảng Ngãi",
            "city": "Đặc khu Lý Sơn",
            "ward": "Đặc khu Lý Sơn"
        }
    },
    "Phường Cẩm Thành": {
        "Phường Cẩm Thành": {
            "state": "Quảng Ngãi",
            "city": "Phường Cẩm Thành",
            "ward": "Phường Cẩm Thành"
        }
    },
    "Phường Kon Tum": {
        "Phường Kon Tum": {
            "state": "Quảng Ngãi",
            "city": "Phường Kon Tum",
            "ward": "Phường Kon Tum"
        }
    },
    "Phường Nghĩa Lộ": {
        "Phường Nghĩa Lộ": {
            "state": "Quảng Ngãi",
            "city": "Phường Nghĩa Lộ",
            "ward": "Phường Nghĩa Lộ"
        }
    },
    "Phường Sa Huỳnh": {
        "Phường Sa Huỳnh": {
            "state": "Quảng Ngãi",
            "city": "Phường Sa Huỳnh",
            "ward": "Phường Sa Huỳnh"
        }
    },
    "Phường Trà Câu": {
        "Phường Trà Câu": {
            "state": "Quảng Ngãi",
            "city": "Phường Trà Câu",
            "ward": "Phường Trà Câu"
        }
    },
    "Phường Trương Quang Trọng": {
        "Phường Trương Quang Trọng": {
            "state": "Quảng Ngãi",
            "city": "Phường Trương Quang Trọng",
            "ward": "Phường Trương Quang Trọng"
        }
    },
    "Phường Đăk Bla": {
        "Phường Đăk Bla": {
            "state": "Quảng Ngãi",
            "city": "Phường Đăk Bla",
            "ward": "Phường Đăk Bla"
        }
    },
    "Phường Đăk Cấm": {
        "Phường Đăk Cấm": {
            "state": "Quảng Ngãi",
            "city": "Phường Đăk Cấm",
            "ward": "Phường Đăk Cấm"
        }
    },
    "Phường Đức Phổ": {
        "Phường Đức Phổ": {
            "state": "Quảng Ngãi",
            "city": "Phường Đức Phổ",
            "ward": "Phường Đức Phổ"
        }
    },
    "Xã An Phú": {
        "Xã An Phú": {
            "state": "Quảng Ngãi",
            "city": "Xã An Phú",
            "ward": "Xã An Phú"
        }
    },
    "Xã Ba Dinh": {
        "Xã Ba Dinh": {
            "state": "Quảng Ngãi",
            "city": "Xã Ba Dinh",
            "ward": "Xã Ba Dinh"
        }
    },
    "Xã Ba Gia": {
        "Xã Ba Gia": {
            "state": "Quảng Ngãi",
            "city": "Xã Ba Gia",
            "ward": "Xã Ba Gia"
        }
    },
    "Xã Ba Tô": {
        "Xã Ba Tô": {
            "state": "Quảng Ngãi",
            "city": "Xã Ba Tô",
            "ward": "Xã Ba Tô"
        }
    },
    "Xã Ba Tơ": {
        "Xã Ba Tơ": {
            "state": "Quảng Ngãi",
            "city": "Xã Ba Tơ",
            "ward": "Xã Ba Tơ"
        }
    },
    "Xã Ba Vinh": {
        "Xã Ba Vinh": {
            "state": "Quảng Ngãi",
            "city": "Xã Ba Vinh",
            "ward": "Xã Ba Vinh"
        }
    },
    "Xã Ba Vì": {
        "Xã Ba Vì": {
            "state": "Quảng Ngãi",
            "city": "Xã Ba Vì",
            "ward": "Xã Ba Vì"
        }
    },
    "Xã Ba Xa": {
        "Xã Ba Xa": {
            "state": "Quảng Ngãi",
            "city": "Xã Ba Xa",
            "ward": "Xã Ba Xa"
        }
    },
    "Xã Ba Động": {
        "Xã Ba Động": {
            "state": "Quảng Ngãi",
            "city": "Xã Ba Động",
            "ward": "Xã Ba Động"
        }
    },
    "Xã Bình Chương": {
        "Xã Bình Chương": {
            "state": "Quảng Ngãi",
            "city": "Xã Bình Chương",
            "ward": "Xã Bình Chương"
        }
    },
    "Xã Bình Minh": {
        "Xã Bình Minh": {
            "state": "Quảng Ngãi",
            "city": "Xã Bình Minh",
            "ward": "Xã Bình Minh"
        }
    },
    "Xã Bình Sơn": {
        "Xã Bình Sơn": {
            "state": "Quảng Ngãi",
            "city": "Xã Bình Sơn",
            "ward": "Xã Bình Sơn"
        }
    },
    "Xã Bờ Y": {
        "Xã Bờ Y": {
            "state": "Quảng Ngãi",
            "city": "Xã Bờ Y",
            "ward": "Xã Bờ Y"
        }
    },
    "Xã Cà Đam": {
        "Xã Cà Đam": {
            "state": "Quảng Ngãi",
            "city": "Xã Cà Đam",
            "ward": "Xã Cà Đam"
        }
    },
    "Xã Dục Nông": {
        "Xã Dục Nông": {
            "state": "Quảng Ngãi",
            "city": "Xã Dục Nông",
            "ward": "Xã Dục Nông"
        }
    },
    "Xã Ia Chim": {
        "Xã Ia Chim": {
            "state": "Quảng Ngãi",
            "city": "Xã Ia Chim",
            "ward": "Xã Ia Chim"
        }
    },
    "Xã Ia Tơi": {
        "Xã Ia Tơi": {
            "state": "Quảng Ngãi",
            "city": "Xã Ia Tơi",
            "ward": "Xã Ia Tơi"
        }
    },
    "Xã Ia Đal": {
        "Xã Ia Đal": {
            "state": "Quảng Ngãi",
            "city": "Xã Ia Đal",
            "ward": "Xã Ia Đal"
        }
    },
    "Xã Khánh Cường": {
        "Xã Khánh Cường": {
            "state": "Quảng Ngãi",
            "city": "Xã Khánh Cường",
            "ward": "Xã Khánh Cường"
        }
    },
    "Xã Kon Braih": {
        "Xã Kon Braih": {
            "state": "Quảng Ngãi",
            "city": "Xã Kon Braih",
            "ward": "Xã Kon Braih"
        }
    },
    "Xã Kon Plông": {
        "Xã Kon Plông": {
            "state": "Quảng Ngãi",
            "city": "Xã Kon Plông",
            "ward": "Xã Kon Plông"
        }
    },
    "Xã Kon Đào": {
        "Xã Kon Đào": {
            "state": "Quảng Ngãi",
            "city": "Xã Kon Đào",
            "ward": "Xã Kon Đào"
        }
    },
    "Xã Long Phụng": {
        "Xã Long Phụng": {
            "state": "Quảng Ngãi",
            "city": "Xã Long Phụng",
            "ward": "Xã Long Phụng"
        }
    },
    "Xã Lân Phong": {
        "Xã Lân Phong": {
            "state": "Quảng Ngãi",
            "city": "Xã Lân Phong",
            "ward": "Xã Lân Phong"
        }
    },
    "Xã Minh Long ": {
        "Xã Minh Long ": {
            "state": "Quảng Ngãi",
            "city": "Xã Minh Long ",
            "ward": "Xã Minh Long "
        }
    },
    "Xã Mô Rai": {
        "Xã Mô Rai": {
            "state": "Quảng Ngãi",
            "city": "Xã Mô Rai",
            "ward": "Xã Mô Rai"
        }
    },
    "Xã Măng Bút": {
        "Xã Măng Bút": {
            "state": "Quảng Ngãi",
            "city": "Xã Măng Bút",
            "ward": "Xã Măng Bút"
        }
    },
    "Xã Măng Ri": {
        "Xã Măng Ri": {
            "state": "Quảng Ngãi",
            "city": "Xã Măng Ri",
            "ward": "Xã Măng Ri"
        }
    },
    "Xã Măng Đen": {
        "Xã Măng Đen": {
            "state": "Quảng Ngãi",
            "city": "Xã Măng Đen",
            "ward": "Xã Măng Đen"
        }
    },
    "Xã Mỏ Cày": {
        "Xã Mỏ Cày": {
            "state": "Quảng Ngãi",
            "city": "Xã Mỏ Cày",
            "ward": "Xã Mỏ Cày"
        }
    },
    "Xã Mộ Đức": {
        "Xã Mộ Đức": {
            "state": "Quảng Ngãi",
            "city": "Xã Mộ Đức",
            "ward": "Xã Mộ Đức"
        }
    },
    "Xã Nghĩa Giang": {
        "Xã Nghĩa Giang": {
            "state": "Quảng Ngãi",
            "city": "Xã Nghĩa Giang",
            "ward": "Xã Nghĩa Giang"
        }
    },
    "Xã Nghĩa Hành": {
        "Xã Nghĩa Hành": {
            "state": "Quảng Ngãi",
            "city": "Xã Nghĩa Hành",
            "ward": "Xã Nghĩa Hành"
        }
    },
    "Xã Nguyễn Nghiêm": {
        "Xã Nguyễn Nghiêm": {
            "state": "Quảng Ngãi",
            "city": "Xã Nguyễn Nghiêm",
            "ward": "Xã Nguyễn Nghiêm"
        }
    },
    "Xã Ngọc Linh": {
        "Xã Ngọc Linh": {
            "state": "Quảng Ngãi",
            "city": "Xã Ngọc Linh",
            "ward": "Xã Ngọc Linh"
        }
    },
    "Xã Ngọk Bay": {
        "Xã Ngọk Bay": {
            "state": "Quảng Ngãi",
            "city": "Xã Ngọk Bay",
            "ward": "Xã Ngọk Bay"
        }
    },
    "Xã Ngọk Réo": {
        "Xã Ngọk Réo": {
            "state": "Quảng Ngãi",
            "city": "Xã Ngọk Réo",
            "ward": "Xã Ngọk Réo"
        }
    },
    "Xã Ngọk Tụ": {
        "Xã Ngọk Tụ": {
            "state": "Quảng Ngãi",
            "city": "Xã Ngọk Tụ",
            "ward": "Xã Ngọk Tụ"
        }
    },
    "Xã Phước Giang": {
        "Xã Phước Giang": {
            "state": "Quảng Ngãi",
            "city": "Xã Phước Giang",
            "ward": "Xã Phước Giang"
        }
    },
    "Xã Rờ Kơi": {
        "Xã Rờ Kơi": {
            "state": "Quảng Ngãi",
            "city": "Xã Rờ Kơi",
            "ward": "Xã Rờ Kơi"
        }
    },
    "Xã Sa Bình": {
        "Xã Sa Bình": {
            "state": "Quảng Ngãi",
            "city": "Xã Sa Bình",
            "ward": "Xã Sa Bình"
        }
    },
    "Xã Sa Loong": {
        "Xã Sa Loong": {
            "state": "Quảng Ngãi",
            "city": "Xã Sa Loong",
            "ward": "Xã Sa Loong"
        }
    },
    "Xã Sa Thầy": {
        "Xã Sa Thầy": {
            "state": "Quảng Ngãi",
            "city": "Xã Sa Thầy",
            "ward": "Xã Sa Thầy"
        }
    },
    "Xã Sơn Hà": {
        "Xã Sơn Hà": {
            "state": "Quảng Ngãi",
            "city": "Xã Sơn Hà",
            "ward": "Xã Sơn Hà"
        }
    },
    "Xã Sơn Hạ": {
        "Xã Sơn Hạ": {
            "state": "Quảng Ngãi",
            "city": "Xã Sơn Hạ",
            "ward": "Xã Sơn Hạ"
        }
    },
    "Xã Sơn Kỳ": {
        "Xã Sơn Kỳ": {
            "state": "Quảng Ngãi",
            "city": "Xã Sơn Kỳ",
            "ward": "Xã Sơn Kỳ"
        }
    },
    "Xã Sơn Linh": {
        "Xã Sơn Linh": {
            "state": "Quảng Ngãi",
            "city": "Xã Sơn Linh",
            "ward": "Xã Sơn Linh"
        }
    },
    "Xã Sơn Mai": {
        "Xã Sơn Mai": {
            "state": "Quảng Ngãi",
            "city": "Xã Sơn Mai",
            "ward": "Xã Sơn Mai"
        }
    },
    "Xã Sơn Thủy": {
        "Xã Sơn Thủy": {
            "state": "Quảng Ngãi",
            "city": "Xã Sơn Thủy",
            "ward": "Xã Sơn Thủy"
        }
    },
    "Xã Sơn Tây": {
        "Xã Sơn Tây": {
            "state": "Quảng Ngãi",
            "city": "Xã Sơn Tây",
            "ward": "Xã Sơn Tây"
        }
    },
    "Xã Sơn Tây Hạ": {
        "Xã Sơn Tây Hạ": {
            "state": "Quảng Ngãi",
            "city": "Xã Sơn Tây Hạ",
            "ward": "Xã Sơn Tây Hạ"
        }
    },
    "Xã Sơn Tây Thượng": {
        "Xã Sơn Tây Thượng": {
            "state": "Quảng Ngãi",
            "city": "Xã Sơn Tây Thượng",
            "ward": "Xã Sơn Tây Thượng"
        }
    },
    "Xã Sơn Tịnh ": {
        "Xã Sơn Tịnh ": {
            "state": "Quảng Ngãi",
            "city": "Xã Sơn Tịnh ",
            "ward": "Xã Sơn Tịnh "
        }
    },
    "Xã Thanh Bồng": {
        "Xã Thanh Bồng": {
            "state": "Quảng Ngãi",
            "city": "Xã Thanh Bồng",
            "ward": "Xã Thanh Bồng"
        }
    },
    "Xã Thiện Tín": {
        "Xã Thiện Tín": {
            "state": "Quảng Ngãi",
            "city": "Xã Thiện Tín",
            "ward": "Xã Thiện Tín"
        }
    },
    "Xã Thọ Phong": {
        "Xã Thọ Phong": {
            "state": "Quảng Ngãi",
            "city": "Xã Thọ Phong",
            "ward": "Xã Thọ Phong"
        }
    },
    "Xã Trà Bồng": {
        "Xã Trà Bồng": {
            "state": "Quảng Ngãi",
            "city": "Xã Trà Bồng",
            "ward": "Xã Trà Bồng"
        }
    },
    "Xã Trà Giang": {
        "Xã Trà Giang": {
            "state": "Quảng Ngãi",
            "city": "Xã Trà Giang",
            "ward": "Xã Trà Giang"
        }
    },
    "Xã Trường Giang": {
        "Xã Trường Giang": {
            "state": "Quảng Ngãi",
            "city": "Xã Trường Giang",
            "ward": "Xã Trường Giang"
        }
    },
    "Xã Tu Mơ Rông": {
        "Xã Tu Mơ Rông": {
            "state": "Quảng Ngãi",
            "city": "Xã Tu Mơ Rông",
            "ward": "Xã Tu Mơ Rông"
        }
    },
    "Xã Tây Trà": {
        "Xã Tây Trà": {
            "state": "Quảng Ngãi",
            "city": "Xã Tây Trà",
            "ward": "Xã Tây Trà"
        }
    },
    "Xã Tây Trà Bồng": {
        "Xã Tây Trà Bồng": {
            "state": "Quảng Ngãi",
            "city": "Xã Tây Trà Bồng",
            "ward": "Xã Tây Trà Bồng"
        }
    },
    "Xã Tư Nghĩa": {
        "Xã Tư Nghĩa": {
            "state": "Quảng Ngãi",
            "city": "Xã Tư Nghĩa",
            "ward": "Xã Tư Nghĩa"
        }
    },
    "Xã Tịnh Khê": {
        "Xã Tịnh Khê": {
            "state": "Quảng Ngãi",
            "city": "Xã Tịnh Khê",
            "ward": "Xã Tịnh Khê"
        }
    },
    "Xã Vạn Tường": {
        "Xã Vạn Tường": {
            "state": "Quảng Ngãi",
            "city": "Xã Vạn Tường",
            "ward": "Xã Vạn Tường"
        }
    },
    "Xã Vệ Giang": {
        "Xã Vệ Giang": {
            "state": "Quảng Ngãi",
            "city": "Xã Vệ Giang",
            "ward": "Xã Vệ Giang"
        }
    },
    "Xã Xốp": {
        "Xã Xốp": {
            "state": "Quảng Ngãi",
            "city": "Xã Xốp",
            "ward": "Xã Xốp"
        }
    },
    "Xã Ya Ly": {
        "Xã Ya Ly": {
            "state": "Quảng Ngãi",
            "city": "Xã Ya Ly",
            "ward": "Xã Ya Ly"
        }
    },
    "Xã Đình Cương": {
        "Xã Đình Cương": {
            "state": "Quảng Ngãi",
            "city": "Xã Đình Cương",
            "ward": "Xã Đình Cương"
        }
    },
    "Xã Đông Sơn": {
        "Xã Đông Sơn": {
            "state": "Quảng Ngãi",
            "city": "Xã Đông Sơn",
            "ward": "Xã Đông Sơn"
        }
    },
    "Xã Đông Trà Bồng": {
        "Xã Đông Trà Bồng": {
            "state": "Quảng Ngãi",
            "city": "Xã Đông Trà Bồng",
            "ward": "Xã Đông Trà Bồng"
        }
    },
    "Xã Đăk Hà": {
        "Xã Đăk Hà": {
            "state": "Quảng Ngãi",
            "city": "Xã Đăk Hà",
            "ward": "Xã Đăk Hà"
        }
    },
    "Xã Đăk Kôi": {
        "Xã Đăk Kôi": {
            "state": "Quảng Ngãi",
            "city": "Xã Đăk Kôi",
            "ward": "Xã Đăk Kôi"
        }
    },
    "Xã Đăk Long": {
        "Xã Đăk Long": {
            "state": "Quảng Ngãi",
            "city": "Xã Đăk Long",
            "ward": "Xã Đăk Long"
        }
    },
    "Xã Đăk Mar": {
        "Xã Đăk Mar": {
            "state": "Quảng Ngãi",
            "city": "Xã Đăk Mar",
            "ward": "Xã Đăk Mar"
        }
    },
    "Xã Đăk Môn": {
        "Xã Đăk Môn": {
            "state": "Quảng Ngãi",
            "city": "Xã Đăk Môn",
            "ward": "Xã Đăk Môn"
        }
    },
    "Xã Đăk Plô": {
        "Xã Đăk Plô": {
            "state": "Quảng Ngãi",
            "city": "Xã Đăk Plô",
            "ward": "Xã Đăk Plô"
        }
    },
    "Xã Đăk Pxi": {
        "Xã Đăk Pxi": {
            "state": "Quảng Ngãi",
            "city": "Xã Đăk Pxi",
            "ward": "Xã Đăk Pxi"
        }
    },
    "Xã Đăk Pék": {
        "Xã Đăk Pék": {
            "state": "Quảng Ngãi",
            "city": "Xã Đăk Pék",
            "ward": "Xã Đăk Pék"
        }
    },
    "Xã Đăk Rve": {
        "Xã Đăk Rve": {
            "state": "Quảng Ngãi",
            "city": "Xã Đăk Rve",
            "ward": "Xã Đăk Rve"
        }
    },
    "Xã Đăk Rơ Wa": {
        "Xã Đăk Rơ Wa": {
            "state": "Quảng Ngãi",
            "city": "Xã Đăk Rơ Wa",
            "ward": "Xã Đăk Rơ Wa"
        }
    },
    "Xã Đăk Sao": {
        "Xã Đăk Sao": {
            "state": "Quảng Ngãi",
            "city": "Xã Đăk Sao",
            "ward": "Xã Đăk Sao"
        }
    },
    "Xã Đăk Tô": {
        "Xã Đăk Tô": {
            "state": "Quảng Ngãi",
            "city": "Xã Đăk Tô",
            "ward": "Xã Đăk Tô"
        }
    },
    "Xã Đăk Tờ Kan": {
        "Xã Đăk Tờ Kan": {
            "state": "Quảng Ngãi",
            "city": "Xã Đăk Tờ Kan",
            "ward": "Xã Đăk Tờ Kan"
        }
    },
    "Xã Đăk Ui": {
        "Xã Đăk Ui": {
            "state": "Quảng Ngãi",
            "city": "Xã Đăk Ui",
            "ward": "Xã Đăk Ui"
        }
    },
    "Xã Đặng Thùy Trâm": {
        "Xã Đặng Thùy Trâm": {
            "state": "Quảng Ngãi",
            "city": "Xã Đặng Thùy Trâm",
            "ward": "Xã Đặng Thùy Trâm"
        }
    }
}