{
    "Đặc khu Cô Tô": {
        "Đặc khu Cô Tô": {
            "state": "Quảng Ninh",
            "city": "Đặc khu Cô Tô",
            "ward": "Đặc khu Cô Tô"
        }
    },
    "Đặc khu Vân Đồn": {
        "Đặc khu Vân Đồn": {
            "state": "Quảng Ninh",
            "city": "Đặc khu Vân Đồn",
            "ward": "Đặc khu Vân Đồn"
        }
    },
    "Phường An Sinh": {
        "Phường An Sinh": {
            "state": "Quảng Ninh",
            "city": "Phường An Sinh",
            "ward": "Phường An Sinh"
        }
    },
    "Phường Bãi Cháy": {
        "Phường Bãi Cháy": {
            "state": "Quảng Ninh",
            "city": "Phường Bãi Cháy",
            "ward": "Phường Bãi Cháy"
        }
    },
    "Phường Bình Khê": {
        "Phường Bình Khê": {
            "state": "Quảng Ninh",
            "city": "Phường Bình Khê",
            "ward": "Phường Bình Khê"
        }
    },
    "Phường Cao Xanh": {
        "Phường Cao Xanh": {
            "state": "Quảng Ninh",
            "city": "Phường Cao Xanh",
            "ward": "Phường Cao Xanh"
        }
    },
    "Phường Cẩm Phả": {
        "Phường Cẩm Phả": {
            "state": "Quảng Ninh",
            "city": "Phường Cẩm Phả",
            "ward": "Phường Cẩm Phả"
        }
    },
    "Phường Cửa Ông": {
        "Phường Cửa Ông": {
            "state": "Quảng Ninh",
            "city": "Phường Cửa Ông",
            "ward": "Phường Cửa Ông"
        }
    },
    "Phường Hiệp Hòa": {
        "Phường Hiệp Hòa": {
            "state": "Quảng Ninh",
            "city": "Phường Hiệp Hòa",
            "ward": "Phường Hiệp Hòa"
        }
    },
    "Phường Hoàng Quế": {
        "Phường Hoàng Quế": {
            "state": "Quảng Ninh",
            "city": "Phường Hoàng Quế",
            "ward": "Phường Hoàng Quế"
        }
    },
    "Phường Hoành Bồ": {
        "Phường Hoành Bồ": {
            "state": "Quảng Ninh",
            "city": "Phường Hoành Bồ",
            "ward": "Phường Hoành Bồ"
        }
    },
    "Phường Hà An": {
        "Phường Hà An": {
            "state": "Quảng Ninh",
            "city": "Phường Hà An",
            "ward": "Phường Hà An"
        }
    },
    "Phường Hà Lầm": {
        "Phường Hà Lầm": {
            "state": "Quảng Ninh",
            "city": "Phường Hà Lầm",
            "ward": "Phường Hà Lầm"
        }
    },
    "Phường Hà Tu": {
        "Phường Hà Tu": {
            "state": "Quảng Ninh",
            "city": "Phường Hà Tu",
            "ward": "Phường Hà Tu"
        }
    },
    "Phường Hạ Long": {
        "Phường Hạ Long": {
            "state": "Quảng Ninh",
            "city": "Phường Hạ Long",
            "ward": "Phường Hạ Long"
        }
    },
    "Phường Hồng Gai": {
        "Phường Hồng Gai": {
            "state": "Quảng Ninh",
            "city": "Phường Hồng Gai",
            "ward": "Phường Hồng Gai"
        }
    },
    "Phường Liên Hòa": {
        "Phường Liên Hòa": {
            "state": "Quảng Ninh",
            "city": "Phường Liên Hòa",
            "ward": "Phường Liên Hòa"
        }
    },
    "Phường Móng Cái 1": {
        "Phường Móng Cái 1": {
            "state": "Quảng Ninh",
            "city": "Phường Móng Cái 1",
            "ward": "Phường Móng Cái 1"
        }
    },
    "Phường Móng Cái 2": {
        "Phường Móng Cái 2": {
            "state": "Quảng Ninh",
            "city": "Phường Móng Cái 2",
            "ward": "Phường Móng Cái 2"
        }
    },
    "Phường Móng Cái 3": {
        "Phường Móng Cái 3": {
            "state": "Quảng Ninh",
            "city": "Phường Móng Cái 3",
            "ward": "Phường Móng Cái 3"
        }
    },
    "Phường Mông Dương": {
        "Phường Mông Dương": {
            "state": "Quảng Ninh",
            "city": "Phường Mông Dương",
            "ward": "Phường Mông Dương"
        }
    },
    "Phường Mạo Khê": {
        "Phường Mạo Khê": {
            "state": "Quảng Ninh",
            "city": "Phường Mạo Khê",
            "ward": "Phường Mạo Khê"
        }
    },
    "Phường Phong Cốc": {
        "Phường Phong Cốc": {
            "state": "Quảng Ninh",
            "city": "Phường Phong Cốc",
            "ward": "Phường Phong Cốc"
        }
    },
    "Phường Quang Hanh": {
        "Phường Quang Hanh": {
            "state": "Quảng Ninh",
            "city": "Phường Quang Hanh",
            "ward": "Phường Quang Hanh"
        }
    },
    "Phường Quảng Yên": {
        "Phường Quảng Yên": {
            "state": "Quảng Ninh",
            "city": "Phường Quảng Yên",
            "ward": "Phường Quảng Yên"
        }
    },
    "Phường Tuần Châu": {
        "Phường Tuần Châu": {
            "state": "Quảng Ninh",
            "city": "Phường Tuần Châu",
            "ward": "Phường Tuần Châu"
        }
    },
    "Phường Uông Bí": {
        "Phường Uông Bí": {
            "state": "Quảng Ninh",
            "city": "Phường Uông Bí",
            "ward": "Phường Uông Bí"
        }
    },
    "Phường Việt Hưng": {
        "Phường Việt Hưng": {
            "state": "Quảng Ninh",
            "city": "Phường Việt Hưng",
            "ward": "Phường Việt Hưng"
        }
    },
    "Phường Vàng Danh": {
        "Phường Vàng Danh": {
            "state": "Quảng Ninh",
            "city": "Phường Vàng Danh",
            "ward": "Phường Vàng Danh"
        }
    },
    "Phường Yên Tử": {
        "Phường Yên Tử": {
            "state": "Quảng Ninh",
            "city": "Phường Yên Tử",
            "ward": "Phường Yên Tử"
        }
    },
    "Phường Đông Mai": {
        "Phường Đông Mai": {
            "state": "Quảng Ninh",
            "city": "Phường Đông Mai",
            "ward": "Phường Đông Mai"
        }
    },
    "Phường Đông Triều": {
        "Phường Đông Triều": {
            "state": "Quảng Ninh",
            "city": "Phường Đông Triều",
            "ward": "Phường Đông Triều"
        }
    },
    "Xã Ba Chẽ": {
        "Xã Ba Chẽ": {
            "state": "Quảng Ninh",
            "city": "Xã Ba Chẽ",
            "ward": "Xã Ba Chẽ"
        }
    },
    "Xã Bình Liêu": {
        "Xã Bình Liêu": {
            "state": "Quảng Ninh",
            "city": "Xã Bình Liêu",
            "ward": "Xã Bình Liêu"
        }
    },
    "Xã Cái Chiên": {
        "Xã Cái Chiên": {
            "state": "Quảng Ninh",
            "city": "Xã Cái Chiên",
            "ward": "Xã Cái Chiên"
        }
    },
    "Xã Hoành Mô": {
        "Xã Hoành Mô": {
            "state": "Quảng Ninh",
            "city": "Xã Hoành Mô",
            "ward": "Xã Hoành Mô"
        }
    },
    "Xã Hải Hòa": {
        "Xã Hải Hòa": {
            "state": "Quảng Ninh",
            "city": "Xã Hải Hòa",
            "ward": "Xã Hải Hòa"
        }
    },
    "Xã Hải Lạng": {
        "Xã Hải Lạng": {
            "state": "Quảng Ninh",
            "city": "Xã Hải Lạng",
            "ward": "Xã Hải Lạng"
        }
    },
    "Xã Hải Ninh": {
        "Xã Hải Ninh": {
            "state": "Quảng Ninh",
            "city": "Xã Hải Ninh",
            "ward": "Xã Hải Ninh"
        }
    },
    "Xã Hải Sơn": {
        "Xã Hải Sơn": {
            "state": "Quảng Ninh",
            "city": "Xã Hải Sơn",
            "ward": "Xã Hải Sơn"
        }
    },
    "Xã Kỳ Thượng": {
        "Xã Kỳ Thượng": {
            "state": "Quảng Ninh",
            "city": "Xã Kỳ Thượng",
            "ward": "Xã Kỳ Thượng"
        }
    },
    "Xã Lương Minh": {
        "Xã Lương Minh": {
            "state": "Quảng Ninh",
            "city": "Xã Lương Minh",
            "ward": "Xã Lương Minh"
        }
    },
    "Xã Lục Hồn": {
        "Xã Lục Hồn": {
            "state": "Quảng Ninh",
            "city": "Xã Lục Hồn",
            "ward": "Xã Lục Hồn"
        }
    },
    "Xã Quảng Hà": {
        "Xã Quảng Hà": {
            "state": "Quảng Ninh",
            "city": "Xã Quảng Hà",
            "ward": "Xã Quảng Hà"
        }
    },
    "Xã Quảng La": {
        "Xã Quảng La": {
            "state": "Quảng Ninh",
            "city": "Xã Quảng La",
            "ward": "Xã Quảng La"
        }
    },
    "Xã Quảng Tân": {
        "Xã Quảng Tân": {
            "state": "Quảng Ninh",
            "city": "Xã Quảng Tân",
            "ward": "Xã Quảng Tân"
        }
    },
    "Xã Quảng Đức": {
        "Xã Quảng Đức": {
            "state": "Quảng Ninh",
            "city": "Xã Quảng Đức",
            "ward": "Xã Quảng Đức"
        }
    },
    "Xã Thống Nhất": {
        "Xã Thống Nhất": {
            "state": "Quảng Ninh",
            "city": "Xã Thống Nhất",
            "ward": "Xã Thống Nhất"
        }
    },
    "Xã Tiên Yên": {
        "Xã Tiên Yên": {
            "state": "Quảng Ninh",
            "city": "Xã Tiên Yên",
            "ward": "Xã Tiên Yên"
        }
    },
    "Xã Vĩnh Thực": {
        "Xã Vĩnh Thực": {
            "state": "Quảng Ninh",
            "city": "Xã Vĩnh Thực",
            "ward": "Xã Vĩnh Thực"
        }
    },
    "Xã Điền Xá": {
        "Xã Điền Xá": {
            "state": "Quảng Ninh",
            "city": "Xã Điền Xá",
            "ward": "Xã Điền Xá"
        }
    },
    "Xã Đông Ngũ": {
        "Xã Đông Ngũ": {
            "state": "Quảng Ninh",
            "city": "Xã Đông Ngũ",
            "ward": "Xã Đông Ngũ"
        }
    },
    "Xã Đường Hoa": {
        "Xã Đường Hoa": {
            "state": "Quảng Ninh",
            "city": "Xã Đường Hoa",
            "ward": "Xã Đường Hoa"
        }
    },
    "Xã Đầm Hà": {
        "Xã Đầm Hà": {
            "state": "Quảng Ninh",
            "city": "Xã Đầm Hà",
            "ward": "Xã Đầm Hà"
        }
    }
}