{
    "Đặc khu Cồn Cỏ": {
        "Đặc khu Cồn Cỏ": {
            "state": "Quảng Trị",
            "city": "Đặc khu Cồn Cỏ",
            "ward": "Đặc khu Cồn Cỏ"
        }
    },
    "Phường Ba Đồn": {
        "Phường Ba Đồn": {
            "state": "Quảng Trị",
            "city": "Phường Ba Đồn",
            "ward": "Phường Ba Đồn"
        }
    },
    "Phường Bắc Gianh": {
        "Phường Bắc Gianh": {
            "state": "Quảng Trị",
            "city": "Phường Bắc Gianh",
            "ward": "Phường Bắc Gianh"
        }
    },
    "Phường Nam Đông Hà": {
        "Phường Nam Đông Hà": {
            "state": "Quảng Trị",
            "city": "Phường Nam Đông Hà",
            "ward": "Phường Nam Đông Hà"
        }
    },
    "Phường Quảng Trị": {
        "Phường Quảng Trị": {
            "state": "Quảng Trị",
            "city": "Phường Quảng Trị",
            "ward": "Phường Quảng Trị"
        }
    },
    "Phường Đông Hà": {
        "Phường Đông Hà": {
            "state": "Quảng Trị",
            "city": "Phường Đông Hà",
            "ward": "Phường Đông Hà"
        }
    },
    "Phường Đồng Hới": {
        "Phường Đồng Hới": {
            "state": "Quảng Trị",
            "city": "Phường Đồng Hới",
            "ward": "Phường Đồng Hới"
        }
    },
    "Phường Đồng Sơn": {
        "Phường Đồng Sơn": {
            "state": "Quảng Trị",
            "city": "Phường Đồng Sơn",
            "ward": "Phường Đồng Sơn"
        }
    },
    "Phường Đồng Thuận": {
        "Phường Đồng Thuận": {
            "state": "Quảng Trị",
            "city": "Phường Đồng Thuận",
            "ward": "Phường Đồng Thuận"
        }
    },
    "Xã A Dơi": {
        "Xã A Dơi": {
            "state": "Quảng Trị",
            "city": "Xã A Dơi",
            "ward": "Xã A Dơi"
        }
    },
    "Xã Ba Lòng": {
        "Xã Ba Lòng": {
            "state": "Quảng Trị",
            "city": "Xã Ba Lòng",
            "ward": "Xã Ba Lòng"
        }
    },
    "Xã Bắc Trạch": {
        "Xã Bắc Trạch": {
            "state": "Quảng Trị",
            "city": "Xã Bắc Trạch",
            "ward": "Xã Bắc Trạch"
        }
    },
    "Xã Bến Hải": {
        "Xã Bến Hải": {
            "state": "Quảng Trị",
            "city": "Xã Bến Hải",
            "ward": "Xã Bến Hải"
        }
    },
    "Xã Bến Quan": {
        "Xã Bến Quan": {
            "state": "Quảng Trị",
            "city": "Xã Bến Quan",
            "ward": "Xã Bến Quan"
        }
    },
    "Xã Bố Trạch": {
        "Xã Bố Trạch": {
            "state": "Quảng Trị",
            "city": "Xã Bố Trạch",
            "ward": "Xã Bố Trạch"
        }
    },
    "Xã Cam Hồng": {
        "Xã Cam Hồng": {
            "state": "Quảng Trị",
            "city": "Xã Cam Hồng",
            "ward": "Xã Cam Hồng"
        }
    },
    "Xã Cam Lộ": {
        "Xã Cam Lộ": {
            "state": "Quảng Trị",
            "city": "Xã Cam Lộ",
            "ward": "Xã Cam Lộ"
        }
    },
    "Xã Cồn Tiên": {
        "Xã Cồn Tiên": {
            "state": "Quảng Trị",
            "city": "Xã Cồn Tiên",
            "ward": "Xã Cồn Tiên"
        }
    },
    "Xã Cửa Tùng": {
        "Xã Cửa Tùng": {
            "state": "Quảng Trị",
            "city": "Xã Cửa Tùng",
            "ward": "Xã Cửa Tùng"
        }
    },
    "Xã Cửa Việt": {
        "Xã Cửa Việt": {
            "state": "Quảng Trị",
            "city": "Xã Cửa Việt",
            "ward": "Xã Cửa Việt"
        }
    },
    "Xã Diên Sanh": {
        "Xã Diên Sanh": {
            "state": "Quảng Trị",
            "city": "Xã Diên Sanh",
            "ward": "Xã Diên Sanh"
        }
    },
    "Xã Dân Hóa": {
        "Xã Dân Hóa": {
            "state": "Quảng Trị",
            "city": "Xã Dân Hóa",
            "ward": "Xã Dân Hóa"
        }
    },
    "Xã Gio Linh": {
        "Xã Gio Linh": {
            "state": "Quảng Trị",
            "city": "Xã Gio Linh",
            "ward": "Xã Gio Linh"
        }
    },
    "Xã Hiếu Giang": {
        "Xã Hiếu Giang": {
            "state": "Quảng Trị",
            "city": "Xã Hiếu Giang",
            "ward": "Xã Hiếu Giang"
        }
    },
    "Xã Hoàn Lão": {
        "Xã Hoàn Lão": {
            "state": "Quảng Trị",
            "city": "Xã Hoàn Lão",
            "ward": "Xã Hoàn Lão"
        }
    },
    "Xã Hòa Trạch": {
        "Xã Hòa Trạch": {
            "state": "Quảng Trị",
            "city": "Xã Hòa Trạch",
            "ward": "Xã Hòa Trạch"
        }
    },
    "Xã Hướng Hiệp": {
        "Xã Hướng Hiệp": {
            "state": "Quảng Trị",
            "city": "Xã Hướng Hiệp",
            "ward": "Xã Hướng Hiệp"
        }
    },
    "Xã Hướng Lập": {
        "Xã Hướng Lập": {
            "state": "Quảng Trị",
            "city": "Xã Hướng Lập",
            "ward": "Xã Hướng Lập"
        }
    },
    "Xã Hướng Phùng": {
        "Xã Hướng Phùng": {
            "state": "Quảng Trị",
            "city": "Xã Hướng Phùng",
            "ward": "Xã Hướng Phùng"
        }
    },
    "Xã Hải Lăng": {
        "Xã Hải Lăng": {
            "state": "Quảng Trị",
            "city": "Xã Hải Lăng",
            "ward": "Xã Hải Lăng"
        }
    },
    "Xã Khe Sanh": {
        "Xã Khe Sanh": {
            "state": "Quảng Trị",
            "city": "Xã Khe Sanh",
            "ward": "Xã Khe Sanh"
        }
    },
    "Xã Kim Ngân": {
        "Xã Kim Ngân": {
            "state": "Quảng Trị",
            "city": "Xã Kim Ngân",
            "ward": "Xã Kim Ngân"
        }
    },
    "Xã Kim Phú": {
        "Xã Kim Phú": {
            "state": "Quảng Trị",
            "city": "Xã Kim Phú",
            "ward": "Xã Kim Phú"
        }
    },
    "Xã Kim Điền": {
        "Xã Kim Điền": {
            "state": "Quảng Trị",
            "city": "Xã Kim Điền",
            "ward": "Xã Kim Điền"
        }
    },
    "Xã La Lay": {
        "Xã La Lay": {
            "state": "Quảng Trị",
            "city": "Xã La Lay",
            "ward": "Xã La Lay"
        }
    },
    "Xã Lao Bảo": {
        "Xã Lao Bảo": {
            "state": "Quảng Trị",
            "city": "Xã Lao Bảo",
            "ward": "Xã Lao Bảo"
        }
    },
    "Xã Lìa": {
        "Xã Lìa": {
            "state": "Quảng Trị",
            "city": "Xã Lìa",
            "ward": "Xã Lìa"
        }
    },
    "Xã Lệ Ninh": {
        "Xã Lệ Ninh": {
            "state": "Quảng Trị",
            "city": "Xã Lệ Ninh",
            "ward": "Xã Lệ Ninh"
        }
    },
    "Xã Lệ Thủy": {
        "Xã Lệ Thủy": {
            "state": "Quảng Trị",
            "city": "Xã Lệ Thủy",
            "ward": "Xã Lệ Thủy"
        }
    },
    "Xã Minh Hóa": {
        "Xã Minh Hóa": {
            "state": "Quảng Trị",
            "city": "Xã Minh Hóa",
            "ward": "Xã Minh Hóa"
        }
    },
    "Xã Mỹ Thủy": {
        "Xã Mỹ Thủy": {
            "state": "Quảng Trị",
            "city": "Xã Mỹ Thủy",
            "ward": "Xã Mỹ Thủy"
        }
    },
    "Xã Nam Ba Đồn": {
        "Xã Nam Ba Đồn": {
            "state": "Quảng Trị",
            "city": "Xã Nam Ba Đồn",
            "ward": "Xã Nam Ba Đồn"
        }
    },
    "Xã Nam Cửa Việt": {
        "Xã Nam Cửa Việt": {
            "state": "Quảng Trị",
            "city": "Xã Nam Cửa Việt",
            "ward": "Xã Nam Cửa Việt"
        }
    },
    "Xã Nam Gianh": {
        "Xã Nam Gianh": {
            "state": "Quảng Trị",
            "city": "Xã Nam Gianh",
            "ward": "Xã Nam Gianh"
        }
    },
    "Xã Nam Hải Lăng": {
        "Xã Nam Hải Lăng": {
            "state": "Quảng Trị",
            "city": "Xã Nam Hải Lăng",
            "ward": "Xã Nam Hải Lăng"
        }
    },
    "Xã Nam Trạch": {
        "Xã Nam Trạch": {
            "state": "Quảng Trị",
            "city": "Xã Nam Trạch",
            "ward": "Xã Nam Trạch"
        }
    },
    "Xã Ninh Châu": {
        "Xã Ninh Châu": {
            "state": "Quảng Trị",
            "city": "Xã Ninh Châu",
            "ward": "Xã Ninh Châu"
        }
    },
    "Xã Phong Nha": {
        "Xã Phong Nha": {
            "state": "Quảng Trị",
            "city": "Xã Phong Nha",
            "ward": "Xã Phong Nha"
        }
    },
    "Xã Phú Trạch": {
        "Xã Phú Trạch": {
            "state": "Quảng Trị",
            "city": "Xã Phú Trạch",
            "ward": "Xã Phú Trạch"
        }
    },
    "Xã Quảng Ninh": {
        "Xã Quảng Ninh": {
            "state": "Quảng Trị",
            "city": "Xã Quảng Ninh",
            "ward": "Xã Quảng Ninh"
        }
    },
    "Xã Quảng Trạch": {
        "Xã Quảng Trạch": {
            "state": "Quảng Trị",
            "city": "Xã Quảng Trạch",
            "ward": "Xã Quảng Trạch"
        }
    },
    "Xã Sen Ngư": {
        "Xã Sen Ngư": {
            "state": "Quảng Trị",
            "city": "Xã Sen Ngư",
            "ward": "Xã Sen Ngư"
        }
    },
    "Xã Thượng Trạch": {
        "Xã Thượng Trạch": {
            "state": "Quảng Trị",
            "city": "Xã Thượng Trạch",
            "ward": "Xã Thượng Trạch"
        }
    },
    "Xã Triệu Bình": {
        "Xã Triệu Bình": {
            "state": "Quảng Trị",
            "city": "Xã Triệu Bình",
            "ward": "Xã Triệu Bình"
        }
    },
    "Xã Triệu Cơ": {
        "Xã Triệu Cơ": {
            "state": "Quảng Trị",
            "city": "Xã Triệu Cơ",
            "ward": "Xã Triệu Cơ"
        }
    },
    "Xã Triệu Phong": {
        "Xã Triệu Phong": {
            "state": "Quảng Trị",
            "city": "Xã Triệu Phong",
            "ward": "Xã Triệu Phong"
        }
    },
    "Xã Trung Thuần": {
        "Xã Trung Thuần": {
            "state": "Quảng Trị",
            "city": "Xã Trung Thuần",
            "ward": "Xã Trung Thuần"
        }
    },
    "Xã Trường Ninh": {
        "Xã Trường Ninh": {
            "state": "Quảng Trị",
            "city": "Xã Trường Ninh",
            "ward": "Xã Trường Ninh"
        }
    },
    "Xã Trường Phú": {
        "Xã Trường Phú": {
            "state": "Quảng Trị",
            "city": "Xã Trường Phú",
            "ward": "Xã Trường Phú"
        }
    },
    "Xã Trường Sơn": {
        "Xã Trường Sơn": {
            "state": "Quảng Trị",
            "city": "Xã Trường Sơn",
            "ward": "Xã Trường Sơn"
        }
    },
    "Xã Tuyên Bình": {
        "Xã Tuyên Bình": {
            "state": "Quảng Trị",
            "city": "Xã Tuyên Bình",
            "ward": "Xã Tuyên Bình"
        }
    },
    "Xã Tuyên Hóa": {
        "Xã Tuyên Hóa": {
            "state": "Quảng Trị",
            "city": "Xã Tuyên Hóa",
            "ward": "Xã Tuyên Hóa"
        }
    },
    "Xã Tuyên Lâm": {
        "Xã Tuyên Lâm": {
            "state": "Quảng Trị",
            "city": "Xã Tuyên Lâm",
            "ward": "Xã Tuyên Lâm"
        }
    },
    "Xã Tuyên Phú": {
        "Xã Tuyên Phú": {
            "state": "Quảng Trị",
            "city": "Xã Tuyên Phú",
            "ward": "Xã Tuyên Phú"
        }
    },
    "Xã Tuyên Sơn": {
        "Xã Tuyên Sơn": {
            "state": "Quảng Trị",
            "city": "Xã Tuyên Sơn",
            "ward": "Xã Tuyên Sơn"
        }
    },
    "Xã Tà Rụt": {
        "Xã Tà Rụt": {
            "state": "Quảng Trị",
            "city": "Xã Tà Rụt",
            "ward": "Xã Tà Rụt"
        }
    },
    "Xã Tân Gianh": {
        "Xã Tân Gianh": {
            "state": "Quảng Trị",
            "city": "Xã Tân Gianh",
            "ward": "Xã Tân Gianh"
        }
    },
    "Xã Tân Lập": {
        "Xã Tân Lập": {
            "state": "Quảng Trị",
            "city": "Xã Tân Lập",
            "ward": "Xã Tân Lập"
        }
    },
    "Xã Tân Mỹ": {
        "Xã Tân Mỹ": {
            "state": "Quảng Trị",
            "city": "Xã Tân Mỹ",
            "ward": "Xã Tân Mỹ"
        }
    },
    "Xã Tân Thành": {
        "Xã Tân Thành": {
            "state": "Quảng Trị",
            "city": "Xã Tân Thành",
            "ward": "Xã Tân Thành"
        }
    },
    "Xã Vĩnh Hoàng": {
        "Xã Vĩnh Hoàng": {
            "state": "Quảng Trị",
            "city": "Xã Vĩnh Hoàng",
            "ward": "Xã Vĩnh Hoàng"
        }
    },
    "Xã Vĩnh Linh": {
        "Xã Vĩnh Linh": {
            "state": "Quảng Trị",
            "city": "Xã Vĩnh Linh",
            "ward": "Xã Vĩnh Linh"
        }
    },
    "Xã Vĩnh Thủy": {
        "Xã Vĩnh Thủy": {
            "state": "Quảng Trị",
            "city": "Xã Vĩnh Thủy",
            "ward": "Xã Vĩnh Thủy"
        }
    },
    "Xã Vĩnh Định": {
        "Xã Vĩnh Định": {
            "state": "Quảng Trị",
            "city": "Xã Vĩnh Định",
            "ward": "Xã Vĩnh Định"
        }
    },
    "Xã Ái Tử": {
        "Xã Ái Tử": {
            "state": "Quảng Trị",
            "city": "Xã Ái Tử",
            "ward": "Xã Ái Tử"
        }
    },
    "Xã Đakrông": {
        "Xã Đakrông": {
            "state": "Quảng Trị",
            "city": "Xã Đakrông",
            "ward": "Xã Đakrông"
        }
    },
    "Xã Đông Trạch": {
        "Xã Đông Trạch": {
            "state": "Quảng Trị",
            "city": "Xã Đông Trạch",
            "ward": "Xã Đông Trạch"
        }
    },
    "Xã Đồng Lê": {
        "Xã Đồng Lê": {
            "state": "Quảng Trị",
            "city": "Xã Đồng Lê",
            "ward": "Xã Đồng Lê"
        }
    }
}