{
    "Phường Chiềng An": {
        "Phường Chiềng An": {
            "state": "Sơn La",
            "city": "Phường Chiềng An",
            "ward": "Phường Chiềng An"
        }
    },
    "Phường Chiềng Cơi": {
        "Phường Chiềng Cơi": {
            "state": "Sơn La",
            "city": "Phường Chiềng Cơi",
            "ward": "Phường Chiềng Cơi"
        }
    },
    "Phường Chiềng Sinh": {
        "Phường Chiềng Sinh": {
            "state": "Sơn La",
            "city": "Phường Chiềng Sinh",
            "ward": "Phường Chiềng Sinh"
        }
    },
    "Phường Mộc Châu": {
        "Phường Mộc Châu": {
            "state": "Sơn La",
            "city": "Phường Mộc Châu",
            "ward": "Phường Mộc Châu"
        }
    },
    "Phường Mộc Sơn": {
        "Phường Mộc Sơn": {
            "state": "Sơn La",
            "city": "Phường Mộc Sơn",
            "ward": "Phường Mộc Sơn"
        }
    },
    "Phường Thảo Nguyên": {
        "Phường Thảo Nguyên": {
            "state": "Sơn La",
            "city": "Phường Thảo Nguyên",
            "ward": "Phường Thảo Nguyên"
        }
    },
    "Phường Tô Hiệu": {
        "Phường Tô Hiệu": {
            "state": "Sơn La",
            "city": "Phường Tô Hiệu",
            "ward": "Phường Tô Hiệu"
        }
    },
    "Phường Vân Sơn": {
        "Phường Vân Sơn": {
            "state": "Sơn La",
            "city": "Phường Vân Sơn",
            "ward": "Phường Vân Sơn"
        }
    },
    "Xã Bình Thuận": {
        "Xã Bình Thuận": {
            "state": "Sơn La",
            "city": "Xã Bình Thuận",
            "ward": "Xã Bình Thuận"
        }
    },
    "Xã Bó Sinh": {
        "Xã Bó Sinh": {
            "state": "Sơn La",
            "city": "Xã Bó Sinh",
            "ward": "Xã Bó Sinh"
        }
    },
    "Xã Bắc Yên": {
        "Xã Bắc Yên": {
            "state": "Sơn La",
            "city": "Xã Bắc Yên",
            "ward": "Xã Bắc Yên"
        }
    },
    "Xã Chiềng Hoa": {
        "Xã Chiềng Hoa": {
            "state": "Sơn La",
            "city": "Xã Chiềng Hoa",
            "ward": "Xã Chiềng Hoa"
        }
    },
    "Xã Chiềng Hặc": {
        "Xã Chiềng Hặc": {
            "state": "Sơn La",
            "city": "Xã Chiềng Hặc",
            "ward": "Xã Chiềng Hặc"
        }
    },
    "Xã Chiềng Khoong": {
        "Xã Chiềng Khoong": {
            "state": "Sơn La",
            "city": "Xã Chiềng Khoong",
            "ward": "Xã Chiềng Khoong"
        }
    },
    "Xã Chiềng Khương": {
        "Xã Chiềng Khương": {
            "state": "Sơn La",
            "city": "Xã Chiềng Khương",
            "ward": "Xã Chiềng Khương"
        }
    },
    "Xã Chiềng La": {
        "Xã Chiềng La": {
            "state": "Sơn La",
            "city": "Xã Chiềng La",
            "ward": "Xã Chiềng La"
        }
    },
    "Xã Chiềng Lao": {
        "Xã Chiềng Lao": {
            "state": "Sơn La",
            "city": "Xã Chiềng Lao",
            "ward": "Xã Chiềng Lao"
        }
    },
    "Xã Chiềng Mai": {
        "Xã Chiềng Mai": {
            "state": "Sơn La",
            "city": "Xã Chiềng Mai",
            "ward": "Xã Chiềng Mai"
        }
    },
    "Xã Chiềng Mung": {
        "Xã Chiềng Mung": {
            "state": "Sơn La",
            "city": "Xã Chiềng Mung",
            "ward": "Xã Chiềng Mung"
        }
    },
    "Xã Chiềng Sung": {
        "Xã Chiềng Sung": {
            "state": "Sơn La",
            "city": "Xã Chiềng Sung",
            "ward": "Xã Chiềng Sung"
        }
    },
    "Xã Chiềng Sơ": {
        "Xã Chiềng Sơ": {
            "state": "Sơn La",
            "city": "Xã Chiềng Sơ",
            "ward": "Xã Chiềng Sơ"
        }
    },
    "Xã Chiềng Sơn": {
        "Xã Chiềng Sơn": {
            "state": "Sơn La",
            "city": "Xã Chiềng Sơn",
            "ward": "Xã Chiềng Sơn"
        }
    },
    "Xã Chiềng Sại": {
        "Xã Chiềng Sại": {
            "state": "Sơn La",
            "city": "Xã Chiềng Sại",
            "ward": "Xã Chiềng Sại"
        }
    },
    "Xã Co Mạ": {
        "Xã Co Mạ": {
            "state": "Sơn La",
            "city": "Xã Co Mạ",
            "ward": "Xã Co Mạ"
        }
    },
    "Xã Gia Phù": {
        "Xã Gia Phù": {
            "state": "Sơn La",
            "city": "Xã Gia Phù",
            "ward": "Xã Gia Phù"
        }
    },
    "Xã Huổi Một": {
        "Xã Huổi Một": {
            "state": "Sơn La",
            "city": "Xã Huổi Một",
            "ward": "Xã Huổi Một"
        }
    },
    "Xã Kim Bon": {
        "Xã Kim Bon": {
            "state": "Sơn La",
            "city": "Xã Kim Bon",
            "ward": "Xã Kim Bon"
        }
    },
    "Xã Long Hẹ": {
        "Xã Long Hẹ": {
            "state": "Sơn La",
            "city": "Xã Long Hẹ",
            "ward": "Xã Long Hẹ"
        }
    },
    "Xã Lóng Phiêng": {
        "Xã Lóng Phiêng": {
            "state": "Sơn La",
            "city": "Xã Lóng Phiêng",
            "ward": "Xã Lóng Phiêng"
        }
    },
    "Xã Lóng Sập": {
        "Xã Lóng Sập": {
            "state": "Sơn La",
            "city": "Xã Lóng Sập",
            "ward": "Xã Lóng Sập"
        }
    },
    "Xã Mai Sơn": {
        "Xã Mai Sơn": {
            "state": "Sơn La",
            "city": "Xã Mai Sơn",
            "ward": "Xã Mai Sơn"
        }
    },
    "Xã Muổi Nọi": {
        "Xã Muổi Nọi": {
            "state": "Sơn La",
            "city": "Xã Muổi Nọi",
            "ward": "Xã Muổi Nọi"
        }
    },
    "Xã Mường Bang": {
        "Xã Mường Bang": {
            "state": "Sơn La",
            "city": "Xã Mường Bang",
            "ward": "Xã Mường Bang"
        }
    },
    "Xã Mường Bám": {
        "Xã Mường Bám": {
            "state": "Sơn La",
            "city": "Xã Mường Bám",
            "ward": "Xã Mường Bám"
        }
    },
    "Xã Mường Bú": {
        "Xã Mường Bú": {
            "state": "Sơn La",
            "city": "Xã Mường Bú",
            "ward": "Xã Mường Bú"
        }
    },
    "Xã Mường Chanh": {
        "Xã Mường Chanh": {
            "state": "Sơn La",
            "city": "Xã Mường Chanh",
            "ward": "Xã Mường Chanh"
        }
    },
    "Xã Mường Chiên": {
        "Xã Mường Chiên": {
            "state": "Sơn La",
            "city": "Xã Mường Chiên",
            "ward": "Xã Mường Chiên"
        }
    },
    "Xã Mường Cơi": {
        "Xã Mường Cơi": {
            "state": "Sơn La",
            "city": "Xã Mường Cơi",
            "ward": "Xã Mường Cơi"
        }
    },
    "Xã Mường Giôn": {
        "Xã Mường Giôn": {
            "state": "Sơn La",
            "city": "Xã Mường Giôn",
            "ward": "Xã Mường Giôn"
        }
    },
    "Xã Mường Hung": {
        "Xã Mường Hung": {
            "state": "Sơn La",
            "city": "Xã Mường Hung",
            "ward": "Xã Mường Hung"
        }
    },
    "Xã Mường Khiêng": {
        "Xã Mường Khiêng": {
            "state": "Sơn La",
            "city": "Xã Mường Khiêng",
            "ward": "Xã Mường Khiêng"
        }
    },
    "Xã Mường La": {
        "Xã Mường La": {
            "state": "Sơn La",
            "city": "Xã Mường La",
            "ward": "Xã Mường La"
        }
    },
    "Xã Mường Lèo": {
        "Xã Mường Lèo": {
            "state": "Sơn La",
            "city": "Xã Mường Lèo",
            "ward": "Xã Mường Lèo"
        }
    },
    "Xã Mường Lạn": {
        "Xã Mường Lạn": {
            "state": "Sơn La",
            "city": "Xã Mường Lạn",
            "ward": "Xã Mường Lạn"
        }
    },
    "Xã Mường Lầm": {
        "Xã Mường Lầm": {
            "state": "Sơn La",
            "city": "Xã Mường Lầm",
            "ward": "Xã Mường Lầm"
        }
    },
    "Xã Mường Sại": {
        "Xã Mường Sại": {
            "state": "Sơn La",
            "city": "Xã Mường Sại",
            "ward": "Xã Mường Sại"
        }
    },
    "Xã Mường É": {
        "Xã Mường É": {
            "state": "Sơn La",
            "city": "Xã Mường É",
            "ward": "Xã Mường É"
        }
    },
    "Xã Ngọc Chiến": {
        "Xã Ngọc Chiến": {
            "state": "Sơn La",
            "city": "Xã Ngọc Chiến",
            "ward": "Xã Ngọc Chiến"
        }
    },
    "Xã Nậm Lầu": {
        "Xã Nậm Lầu": {
            "state": "Sơn La",
            "city": "Xã Nậm Lầu",
            "ward": "Xã Nậm Lầu"
        }
    },
    "Xã Nậm Ty": {
        "Xã Nậm Ty": {
            "state": "Sơn La",
            "city": "Xã Nậm Ty",
            "ward": "Xã Nậm Ty"
        }
    },
    "Xã Phiêng Cằm": {
        "Xã Phiêng Cằm": {
            "state": "Sơn La",
            "city": "Xã Phiêng Cằm",
            "ward": "Xã Phiêng Cằm"
        }
    },
    "Xã Phiêng Khoài": {
        "Xã Phiêng Khoài": {
            "state": "Sơn La",
            "city": "Xã Phiêng Khoài",
            "ward": "Xã Phiêng Khoài"
        }
    },
    "Xã Phiêng Pằn": {
        "Xã Phiêng Pằn": {
            "state": "Sơn La",
            "city": "Xã Phiêng Pằn",
            "ward": "Xã Phiêng Pằn"
        }
    },
    "Xã Phù Yên": {
        "Xã Phù Yên": {
            "state": "Sơn La",
            "city": "Xã Phù Yên",
            "ward": "Xã Phù Yên"
        }
    },
    "Xã Púng Bánh": {
        "Xã Púng Bánh": {
            "state": "Sơn La",
            "city": "Xã Púng Bánh",
            "ward": "Xã Púng Bánh"
        }
    },
    "Xã Pắc Ngà": {
        "Xã Pắc Ngà": {
            "state": "Sơn La",
            "city": "Xã Pắc Ngà",
            "ward": "Xã Pắc Ngà"
        }
    },
    "Xã Quỳnh Nhai": {
        "Xã Quỳnh Nhai": {
            "state": "Sơn La",
            "city": "Xã Quỳnh Nhai",
            "ward": "Xã Quỳnh Nhai"
        }
    },
    "Xã Song Khủa": {
        "Xã Song Khủa": {
            "state": "Sơn La",
            "city": "Xã Song Khủa",
            "ward": "Xã Song Khủa"
        }
    },
    "Xã Suối Tọ": {
        "Xã Suối Tọ": {
            "state": "Sơn La",
            "city": "Xã Suối Tọ",
            "ward": "Xã Suối Tọ"
        }
    },
    "Xã Sông Mã": {
        "Xã Sông Mã": {
            "state": "Sơn La",
            "city": "Xã Sông Mã",
            "ward": "Xã Sông Mã"
        }
    },
    "Xã Sốp Cộp": {
        "Xã Sốp Cộp": {
            "state": "Sơn La",
            "city": "Xã Sốp Cộp",
            "ward": "Xã Sốp Cộp"
        }
    },
    "Xã Thuận Châu": {
        "Xã Thuận Châu": {
            "state": "Sơn La",
            "city": "Xã Thuận Châu",
            "ward": "Xã Thuận Châu"
        }
    },
    "Xã Tà Hộc": {
        "Xã Tà Hộc": {
            "state": "Sơn La",
            "city": "Xã Tà Hộc",
            "ward": "Xã Tà Hộc"
        }
    },
    "Xã Tà Xùa": {
        "Xã Tà Xùa": {
            "state": "Sơn La",
            "city": "Xã Tà Xùa",
            "ward": "Xã Tà Xùa"
        }
    },
    "Xã Tân Phong": {
        "Xã Tân Phong": {
            "state": "Sơn La",
            "city": "Xã Tân Phong",
            "ward": "Xã Tân Phong"
        }
    },
    "Xã Tân Yên": {
        "Xã Tân Yên": {
            "state": "Sơn La",
            "city": "Xã Tân Yên",
            "ward": "Xã Tân Yên"
        }
    },
    "Xã Tô Múa": {
        "Xã Tô Múa": {
            "state": "Sơn La",
            "city": "Xã Tô Múa",
            "ward": "Xã Tô Múa"
        }
    },
    "Xã Tường Hạ": {
        "Xã Tường Hạ": {
            "state": "Sơn La",
            "city": "Xã Tường Hạ",
            "ward": "Xã Tường Hạ"
        }
    },
    "Xã Tạ Khoa": {
        "Xã Tạ Khoa": {
            "state": "Sơn La",
            "city": "Xã Tạ Khoa",
            "ward": "Xã Tạ Khoa"
        }
    },
    "Xã Vân Hồ": {
        "Xã Vân Hồ": {
            "state": "Sơn La",
            "city": "Xã Vân Hồ",
            "ward": "Xã Vân Hồ"
        }
    },
    "Xã Xuân Nha": {
        "Xã Xuân Nha": {
            "state": "Sơn La",
            "city": "Xã Xuân Nha",
            "ward": "Xã Xuân Nha"
        }
    },
    "Xã Xím Vàng": {
        "Xã Xím Vàng": {
            "state": "Sơn La",
            "city": "Xã Xím Vàng",
            "ward": "Xã Xím Vàng"
        }
    },
    "Xã Yên Châu": {
        "Xã Yên Châu": {
            "state": "Sơn La",
            "city": "Xã Yên Châu",
            "ward": "Xã Yên Châu"
        }
    },
    "Xã Yên Sơn": {
        "Xã Yên Sơn": {
            "state": "Sơn La",
            "city": "Xã Yên Sơn",
            "ward": "Xã Yên Sơn"
        }
    },
    "Xã Đoàn Kết": {
        "Xã Đoàn Kết": {
            "state": "Sơn La",
            "city": "Xã Đoàn Kết",
            "ward": "Xã Đoàn Kết"
        }
    }
}