{
    "Phường Bá Xuyên": {
        "Phường Bá Xuyên": {
            "state": "Thái Nguyên",
            "city": "Phường Bá Xuyên",
            "ward": "Phường Bá Xuyên"
        }
    },
    "Phường Bách Quang": {
        "Phường Bách Quang": {
            "state": "Thái Nguyên",
            "city": "Phường Bách Quang",
            "ward": "Phường Bách Quang"
        }
    },
    "Phường Bắc Kạn": {
        "Phường Bắc Kạn": {
            "state": "Thái Nguyên",
            "city": "Phường Bắc Kạn",
            "ward": "Phường Bắc Kạn"
        }
    },
    "Phường Gia Sàng": {
        "Phường Gia Sàng": {
            "state": "Thái Nguyên",
            "city": "Phường Gia Sàng",
            "ward": "Phường Gia Sàng"
        }
    },
    "Phường Linh Sơn": {
        "Phường Linh Sơn": {
            "state": "Thái Nguyên",
            "city": "Phường Linh Sơn",
            "ward": "Phường Linh Sơn"
        }
    },
    "Phường Phan Đình Phùng": {
        "Phường Phan Đình Phùng": {
            "state": "Thái Nguyên",
            "city": "Phường Phan Đình Phùng",
            "ward": "Phường Phan Đình Phùng"
        }
    },
    "Phường Phúc Thuận": {
        "Phường Phúc Thuận": {
            "state": "Thái Nguyên",
            "city": "Phường Phúc Thuận",
            "ward": "Phường Phúc Thuận"
        }
    },
    "Phường Phổ Yên": {
        "Phường Phổ Yên": {
            "state": "Thái Nguyên",
            "city": "Phường Phổ Yên",
            "ward": "Phường Phổ Yên"
        }
    },
    "Phường Quan Triều": {
        "Phường Quan Triều": {
            "state": "Thái Nguyên",
            "city": "Phường Quan Triều",
            "ward": "Phường Quan Triều"
        }
    },
    "Phường Quyết Thắng": {
        "Phường Quyết Thắng": {
            "state": "Thái Nguyên",
            "city": "Phường Quyết Thắng",
            "ward": "Phường Quyết Thắng"
        }
    },
    "Phường Sông Công": {
        "Phường Sông Công": {
            "state": "Thái Nguyên",
            "city": "Phường Sông Công",
            "ward": "Phường Sông Công"
        }
    },
    "Phường Trung Thành": {
        "Phường Trung Thành": {
            "state": "Thái Nguyên",
            "city": "Phường Trung Thành",
            "ward": "Phường Trung Thành"
        }
    },
    "Phường Tích Lương": {
        "Phường Tích Lương": {
            "state": "Thái Nguyên",
            "city": "Phường Tích Lương",
            "ward": "Phường Tích Lương"
        }
    },
    "Phường Vạn Xuân": {
        "Phường Vạn Xuân": {
            "state": "Thái Nguyên",
            "city": "Phường Vạn Xuân",
            "ward": "Phường Vạn Xuân"
        }
    },
    "Phường Đức Xuân": {
        "Phường Đức Xuân": {
            "state": "Thái Nguyên",
            "city": "Phường Đức Xuân",
            "ward": "Phường Đức Xuân"
        }
    },
    "Xã An Khánh": {
        "Xã An Khánh": {
            "state": "Thái Nguyên",
            "city": "Xã An Khánh",
            "ward": "Xã An Khánh"
        }
    },
    "Xã Ba Bể": {
        "Xã Ba Bể": {
            "state": "Thái Nguyên",
            "city": "Xã Ba Bể",
            "ward": "Xã Ba Bể"
        }
    },
    "Xã Bình Thành": {
        "Xã Bình Thành": {
            "state": "Thái Nguyên",
            "city": "Xã Bình Thành",
            "ward": "Xã Bình Thành"
        }
    },
    "Xã Bình Yên": {
        "Xã Bình Yên": {
            "state": "Thái Nguyên",
            "city": "Xã Bình Yên",
            "ward": "Xã Bình Yên"
        }
    },
    "Xã Bạch Thông": {
        "Xã Bạch Thông": {
            "state": "Thái Nguyên",
            "city": "Xã Bạch Thông",
            "ward": "Xã Bạch Thông"
        }
    },
    "Xã Bằng Thành": {
        "Xã Bằng Thành": {
            "state": "Thái Nguyên",
            "city": "Xã Bằng Thành",
            "ward": "Xã Bằng Thành"
        }
    },
    "Xã Bằng Vân": {
        "Xã Bằng Vân": {
            "state": "Thái Nguyên",
            "city": "Xã Bằng Vân",
            "ward": "Xã Bằng Vân"
        }
    },
    "Xã Cao Minh": {
        "Xã Cao Minh": {
            "state": "Thái Nguyên",
            "city": "Xã Cao Minh",
            "ward": "Xã Cao Minh"
        }
    },
    "Xã Chợ Mới": {
        "Xã Chợ Mới": {
            "state": "Thái Nguyên",
            "city": "Xã Chợ Mới",
            "ward": "Xã Chợ Mới"
        }
    },
    "Xã Chợ Rã": {
        "Xã Chợ Rã": {
            "state": "Thái Nguyên",
            "city": "Xã Chợ Rã",
            "ward": "Xã Chợ Rã"
        }
    },
    "Xã Chợ Đồn": {
        "Xã Chợ Đồn": {
            "state": "Thái Nguyên",
            "city": "Xã Chợ Đồn",
            "ward": "Xã Chợ Đồn"
        }
    },
    "Xã Côn Minh": {
        "Xã Côn Minh": {
            "state": "Thái Nguyên",
            "city": "Xã Côn Minh",
            "ward": "Xã Côn Minh"
        }
    },
    "Xã Cường Lợi": {
        "Xã Cường Lợi": {
            "state": "Thái Nguyên",
            "city": "Xã Cường Lợi",
            "ward": "Xã Cường Lợi"
        }
    },
    "Xã Cẩm Giàng": {
        "Xã Cẩm Giàng": {
            "state": "Thái Nguyên",
            "city": "Xã Cẩm Giàng",
            "ward": "Xã Cẩm Giàng"
        }
    },
    "Xã Dân Tiến": {
        "Xã Dân Tiến": {
            "state": "Thái Nguyên",
            "city": "Xã Dân Tiến",
            "ward": "Xã Dân Tiến"
        }
    },
    "Xã Hiệp Lực": {
        "Xã Hiệp Lực": {
            "state": "Thái Nguyên",
            "city": "Xã Hiệp Lực",
            "ward": "Xã Hiệp Lực"
        }
    },
    "Xã Hợp Thành": {
        "Xã Hợp Thành": {
            "state": "Thái Nguyên",
            "city": "Xã Hợp Thành",
            "ward": "Xã Hợp Thành"
        }
    },
    "Xã Kha Sơn": {
        "Xã Kha Sơn": {
            "state": "Thái Nguyên",
            "city": "Xã Kha Sơn",
            "ward": "Xã Kha Sơn"
        }
    },
    "Xã Kim Phượng": {
        "Xã Kim Phượng": {
            "state": "Thái Nguyên",
            "city": "Xã Kim Phượng",
            "ward": "Xã Kim Phượng"
        }
    },
    "Xã La Bằng": {
        "Xã La Bằng": {
            "state": "Thái Nguyên",
            "city": "Xã La Bằng",
            "ward": "Xã La Bằng"
        }
    },
    "Xã La Hiên": {
        "Xã La Hiên": {
            "state": "Thái Nguyên",
            "city": "Xã La Hiên",
            "ward": "Xã La Hiên"
        }
    },
    "Xã Lam Vỹ": {
        "Xã Lam Vỹ": {
            "state": "Thái Nguyên",
            "city": "Xã Lam Vỹ",
            "ward": "Xã Lam Vỹ"
        }
    },
    "Xã Na Rì": {
        "Xã Na Rì": {
            "state": "Thái Nguyên",
            "city": "Xã Na Rì",
            "ward": "Xã Na Rì"
        }
    },
    "Xã Nam Cường": {
        "Xã Nam Cường": {
            "state": "Thái Nguyên",
            "city": "Xã Nam Cường",
            "ward": "Xã Nam Cường"
        }
    },
    "Xã Nam Hòa": {
        "Xã Nam Hòa": {
            "state": "Thái Nguyên",
            "city": "Xã Nam Hòa",
            "ward": "Xã Nam Hòa"
        }
    },
    "Xã Nghinh Tường": {
        "Xã Nghinh Tường": {
            "state": "Thái Nguyên",
            "city": "Xã Nghinh Tường",
            "ward": "Xã Nghinh Tường"
        }
    },
    "Xã Nghiên Loan": {
        "Xã Nghiên Loan": {
            "state": "Thái Nguyên",
            "city": "Xã Nghiên Loan",
            "ward": "Xã Nghiên Loan"
        }
    },
    "Xã Nghĩa Tá": {
        "Xã Nghĩa Tá": {
            "state": "Thái Nguyên",
            "city": "Xã Nghĩa Tá",
            "ward": "Xã Nghĩa Tá"
        }
    },
    "Xã Ngân Sơn": {
        "Xã Ngân Sơn": {
            "state": "Thái Nguyên",
            "city": "Xã Ngân Sơn",
            "ward": "Xã Ngân Sơn"
        }
    },
    "Xã Nà Phặc": {
        "Xã Nà Phặc": {
            "state": "Thái Nguyên",
            "city": "Xã Nà Phặc",
            "ward": "Xã Nà Phặc"
        }
    },
    "Xã Phong Quang": {
        "Xã Phong Quang": {
            "state": "Thái Nguyên",
            "city": "Xã Phong Quang",
            "ward": "Xã Phong Quang"
        }
    },
    "Xã Phú Bình": {
        "Xã Phú Bình": {
            "state": "Thái Nguyên",
            "city": "Xã Phú Bình",
            "ward": "Xã Phú Bình"
        }
    },
    "Xã Phú Lương": {
        "Xã Phú Lương": {
            "state": "Thái Nguyên",
            "city": "Xã Phú Lương",
            "ward": "Xã Phú Lương"
        }
    },
    "Xã Phú Lạc": {
        "Xã Phú Lạc": {
            "state": "Thái Nguyên",
            "city": "Xã Phú Lạc",
            "ward": "Xã Phú Lạc"
        }
    },
    "Xã Phú Thịnh": {
        "Xã Phú Thịnh": {
            "state": "Thái Nguyên",
            "city": "Xã Phú Thịnh",
            "ward": "Xã Phú Thịnh"
        }
    },
    "Xã Phú Xuyên": {
        "Xã Phú Xuyên": {
            "state": "Thái Nguyên",
            "city": "Xã Phú Xuyên",
            "ward": "Xã Phú Xuyên"
        }
    },
    "Xã Phú Đình": {
        "Xã Phú Đình": {
            "state": "Thái Nguyên",
            "city": "Xã Phú Đình",
            "ward": "Xã Phú Đình"
        }
    },
    "Xã Phúc Lộc": {
        "Xã Phúc Lộc": {
            "state": "Thái Nguyên",
            "city": "Xã Phúc Lộc",
            "ward": "Xã Phúc Lộc"
        }
    },
    "Xã Phượng Tiến": {
        "Xã Phượng Tiến": {
            "state": "Thái Nguyên",
            "city": "Xã Phượng Tiến",
            "ward": "Xã Phượng Tiến"
        }
    },
    "Xã Phủ Thông": {
        "Xã Phủ Thông": {
            "state": "Thái Nguyên",
            "city": "Xã Phủ Thông",
            "ward": "Xã Phủ Thông"
        }
    },
    "Xã Quang Sơn": {
        "Xã Quang Sơn": {
            "state": "Thái Nguyên",
            "city": "Xã Quang Sơn",
            "ward": "Xã Quang Sơn"
        }
    },
    "Xã Quân Chu": {
        "Xã Quân Chu": {
            "state": "Thái Nguyên",
            "city": "Xã Quân Chu",
            "ward": "Xã Quân Chu"
        }
    },
    "Xã Quảng Bạch": {
        "Xã Quảng Bạch": {
            "state": "Thái Nguyên",
            "city": "Xã Quảng Bạch",
            "ward": "Xã Quảng Bạch"
        }
    },
    "Xã Sảng Mộc": {
        "Xã Sảng Mộc": {
            "state": "Thái Nguyên",
            "city": "Xã Sảng Mộc",
            "ward": "Xã Sảng Mộc"
        }
    },
    "Xã Thanh Mai": {
        "Xã Thanh Mai": {
            "state": "Thái Nguyên",
            "city": "Xã Thanh Mai",
            "ward": "Xã Thanh Mai"
        }
    },
    "Xã Thanh Thịnh": {
        "Xã Thanh Thịnh": {
            "state": "Thái Nguyên",
            "city": "Xã Thanh Thịnh",
            "ward": "Xã Thanh Thịnh"
        }
    },
    "Xã Thành Công": {
        "Xã Thành Công": {
            "state": "Thái Nguyên",
            "city": "Xã Thành Công",
            "ward": "Xã Thành Công"
        }
    },
    "Xã Thượng Minh": {
        "Xã Thượng Minh": {
            "state": "Thái Nguyên",
            "city": "Xã Thượng Minh",
            "ward": "Xã Thượng Minh"
        }
    },
    "Xã Thượng Quan": {
        "Xã Thượng Quan": {
            "state": "Thái Nguyên",
            "city": "Xã Thượng Quan",
            "ward": "Xã Thượng Quan"
        }
    },
    "Xã Thần Sa": {
        "Xã Thần Sa": {
            "state": "Thái Nguyên",
            "city": "Xã Thần Sa",
            "ward": "Xã Thần Sa"
        }
    },
    "Xã Trung Hội": {
        "Xã Trung Hội": {
            "state": "Thái Nguyên",
            "city": "Xã Trung Hội",
            "ward": "Xã Trung Hội"
        }
    },
    "Xã Tràng Xá": {
        "Xã Tràng Xá": {
            "state": "Thái Nguyên",
            "city": "Xã Tràng Xá",
            "ward": "Xã Tràng Xá"
        }
    },
    "Xã Trại Cau": {
        "Xã Trại Cau": {
            "state": "Thái Nguyên",
            "city": "Xã Trại Cau",
            "ward": "Xã Trại Cau"
        }
    },
    "Xã Trần Phú": {
        "Xã Trần Phú": {
            "state": "Thái Nguyên",
            "city": "Xã Trần Phú",
            "ward": "Xã Trần Phú"
        }
    },
    "Xã Tân Cương": {
        "Xã Tân Cương": {
            "state": "Thái Nguyên",
            "city": "Xã Tân Cương",
            "ward": "Xã Tân Cương"
        }
    },
    "Xã Tân Khánh": {
        "Xã Tân Khánh": {
            "state": "Thái Nguyên",
            "city": "Xã Tân Khánh",
            "ward": "Xã Tân Khánh"
        }
    },
    "Xã Tân Kỳ": {
        "Xã Tân Kỳ": {
            "state": "Thái Nguyên",
            "city": "Xã Tân Kỳ",
            "ward": "Xã Tân Kỳ"
        }
    },
    "Xã Tân Thành": {
        "Xã Tân Thành": {
            "state": "Thái Nguyên",
            "city": "Xã Tân Thành",
            "ward": "Xã Tân Thành"
        }
    },
    "Xã Vô Tranh": {
        "Xã Vô Tranh": {
            "state": "Thái Nguyên",
            "city": "Xã Vô Tranh",
            "ward": "Xã Vô Tranh"
        }
    },
    "Xã Võ Nhai": {
        "Xã Võ Nhai": {
            "state": "Thái Nguyên",
            "city": "Xã Võ Nhai",
            "ward": "Xã Võ Nhai"
        }
    },
    "Xã Văn Hán": {
        "Xã Văn Hán": {
            "state": "Thái Nguyên",
            "city": "Xã Văn Hán",
            "ward": "Xã Văn Hán"
        }
    },
    "Xã Văn Lang": {
        "Xã Văn Lang": {
            "state": "Thái Nguyên",
            "city": "Xã Văn Lang",
            "ward": "Xã Văn Lang"
        }
    },
    "Xã Văn Lăng": {
        "Xã Văn Lăng": {
            "state": "Thái Nguyên",
            "city": "Xã Văn Lăng",
            "ward": "Xã Văn Lăng"
        }
    },
    "Xã Vĩnh Thông": {
        "Xã Vĩnh Thông": {
            "state": "Thái Nguyên",
            "city": "Xã Vĩnh Thông",
            "ward": "Xã Vĩnh Thông"
        }
    },
    "Xã Vạn Phú": {
        "Xã Vạn Phú": {
            "state": "Thái Nguyên",
            "city": "Xã Vạn Phú",
            "ward": "Xã Vạn Phú"
        }
    },
    "Xã Xuân Dương": {
        "Xã Xuân Dương": {
            "state": "Thái Nguyên",
            "city": "Xã Xuân Dương",
            "ward": "Xã Xuân Dương"
        }
    },
    "Xã Yên Bình": {
        "Xã Yên Bình": {
            "state": "Thái Nguyên",
            "city": "Xã Yên Bình",
            "ward": "Xã Yên Bình"
        }
    },
    "Xã Yên Phong": {
        "Xã Yên Phong": {
            "state": "Thái Nguyên",
            "city": "Xã Yên Phong",
            "ward": "Xã Yên Phong"
        }
    },
    "Xã Yên Thịnh": {
        "Xã Yên Thịnh": {
            "state": "Thái Nguyên",
            "city": "Xã Yên Thịnh",
            "ward": "Xã Yên Thịnh"
        }
    },
    "Xã Yên Trạch": {
        "Xã Yên Trạch": {
            "state": "Thái Nguyên",
            "city": "Xã Yên Trạch",
            "ward": "Xã Yên Trạch"
        }
    },
    "Xã Điềm Thụy": {
        "Xã Điềm Thụy": {
            "state": "Thái Nguyên",
            "city": "Xã Điềm Thụy",
            "ward": "Xã Điềm Thụy"
        }
    },
    "Xã Đại Phúc": {
        "Xã Đại Phúc": {
            "state": "Thái Nguyên",
            "city": "Xã Đại Phúc",
            "ward": "Xã Đại Phúc"
        }
    },
    "Xã Đại Từ": {
        "Xã Đại Từ": {
            "state": "Thái Nguyên",
            "city": "Xã Đại Từ",
            "ward": "Xã Đại Từ"
        }
    },
    "Xã Định Hoá": {
        "Xã Định Hoá": {
            "state": "Thái Nguyên",
            "city": "Xã Định Hoá",
            "ward": "Xã Định Hoá"
        }
    },
    "Xã Đồng Hỷ": {
        "Xã Đồng Hỷ": {
            "state": "Thái Nguyên",
            "city": "Xã Đồng Hỷ",
            "ward": "Xã Đồng Hỷ"
        }
    },
    "Xã Đồng Phúc": {
        "Xã Đồng Phúc": {
            "state": "Thái Nguyên",
            "city": "Xã Đồng Phúc",
            "ward": "Xã Đồng Phúc"
        }
    },
    "Xã Đức Lương": {
        "Xã Đức Lương": {
            "state": "Thái Nguyên",
            "city": "Xã Đức Lương",
            "ward": "Xã Đức Lương"
        }
    }
}