{
    "Phường Bỉm Sơn": {
        "Phường Bỉm Sơn": {
            "state": "Thanh Hóa",
            "city": "Phường Bỉm Sơn",
            "ward": "Phường Bỉm Sơn"
        }
    },
    "Phường Hàm Rồng": {
        "Phường Hàm Rồng": {
            "state": "Thanh Hóa",
            "city": "Phường Hàm Rồng",
            "ward": "Phường Hàm Rồng"
        }
    },
    "Phường Hạc Thành": {
        "Phường Hạc Thành": {
            "state": "Thanh Hóa",
            "city": "Phường Hạc Thành",
            "ward": "Phường Hạc Thành"
        }
    },
    "Phường Hải Bình": {
        "Phường Hải Bình": {
            "state": "Thanh Hóa",
            "city": "Phường Hải Bình",
            "ward": "Phường Hải Bình"
        }
    },
    "Phường Hải Lĩnh": {
        "Phường Hải Lĩnh": {
            "state": "Thanh Hóa",
            "city": "Phường Hải Lĩnh",
            "ward": "Phường Hải Lĩnh"
        }
    },
    "Phường Nam Sầm Sơn": {
        "Phường Nam Sầm Sơn": {
            "state": "Thanh Hóa",
            "city": "Phường Nam Sầm Sơn",
            "ward": "Phường Nam Sầm Sơn"
        }
    },
    "Phường Nghi Sơn": {
        "Phường Nghi Sơn": {
            "state": "Thanh Hóa",
            "city": "Phường Nghi Sơn",
            "ward": "Phường Nghi Sơn"
        }
    },
    "Phường Nguyệt Viên": {
        "Phường Nguyệt Viên": {
            "state": "Thanh Hóa",
            "city": "Phường Nguyệt Viên",
            "ward": "Phường Nguyệt Viên"
        }
    },
    "Phường Ngọc Sơn": {
        "Phường Ngọc Sơn": {
            "state": "Thanh Hóa",
            "city": "Phường Ngọc Sơn",
            "ward": "Phường Ngọc Sơn"
        }
    },
    "Phường Quang Trung": {
        "Phường Quang Trung": {
            "state": "Thanh Hóa",
            "city": "Phường Quang Trung",
            "ward": "Phường Quang Trung"
        }
    },
    "Phường Quảng Phú": {
        "Phường Quảng Phú": {
            "state": "Thanh Hóa",
            "city": "Phường Quảng Phú",
            "ward": "Phường Quảng Phú"
        }
    },
    "Phường Sầm Sơn": {
        "Phường Sầm Sơn": {
            "state": "Thanh Hóa",
            "city": "Phường Sầm Sơn",
            "ward": "Phường Sầm Sơn"
        }
    },
    "Phường Trúc Lâm": {
        "Phường Trúc Lâm": {
            "state": "Thanh Hóa",
            "city": "Phường Trúc Lâm",
            "ward": "Phường Trúc Lâm"
        }
    },
    "Phường Tân Dân": {
        "Phường Tân Dân": {
            "state": "Thanh Hóa",
            "city": "Phường Tân Dân",
            "ward": "Phường Tân Dân"
        }
    },
    "Phường Tĩnh Gia": {
        "Phường Tĩnh Gia": {
            "state": "Thanh Hóa",
            "city": "Phường Tĩnh Gia",
            "ward": "Phường Tĩnh Gia"
        }
    },
    "Phường Đào Duy Từ": {
        "Phường Đào Duy Từ": {
            "state": "Thanh Hóa",
            "city": "Phường Đào Duy Từ",
            "ward": "Phường Đào Duy Từ"
        }
    },
    "Phường Đông Quang": {
        "Phường Đông Quang": {
            "state": "Thanh Hóa",
            "city": "Phường Đông Quang",
            "ward": "Phường Đông Quang"
        }
    },
    "Phường Đông Sơn": {
        "Phường Đông Sơn": {
            "state": "Thanh Hóa",
            "city": "Phường Đông Sơn",
            "ward": "Phường Đông Sơn"
        }
    },
    "Phường Đông Tiến": {
        "Phường Đông Tiến": {
            "state": "Thanh Hóa",
            "city": "Phường Đông Tiến",
            "ward": "Phường Đông Tiến"
        }
    },
    "Xã An Nông": {
        "Xã An Nông": {
            "state": "Thanh Hóa",
            "city": "Xã An Nông",
            "ward": "Xã An Nông"
        }
    },
    "Xã Ba Đình": {
        "Xã Ba Đình": {
            "state": "Thanh Hóa",
            "city": "Xã Ba Đình",
            "ward": "Xã Ba Đình"
        }
    },
    "Xã Biện Thượng": {
        "Xã Biện Thượng": {
            "state": "Thanh Hóa",
            "city": "Xã Biện Thượng",
            "ward": "Xã Biện Thượng"
        }
    },
    "Xã Bá Thước": {
        "Xã Bá Thước": {
            "state": "Thanh Hóa",
            "city": "Xã Bá Thước",
            "ward": "Xã Bá Thước"
        }
    },
    "Xã Bát Mọt": {
        "Xã Bát Mọt": {
            "state": "Thanh Hóa",
            "city": "Xã Bát Mọt",
            "ward": "Xã Bát Mọt"
        }
    },
    "Xã Các Sơn": {
        "Xã Các Sơn": {
            "state": "Thanh Hóa",
            "city": "Xã Các Sơn",
            "ward": "Xã Các Sơn"
        }
    },
    "Xã Công Chính": {
        "Xã Công Chính": {
            "state": "Thanh Hóa",
            "city": "Xã Công Chính",
            "ward": "Xã Công Chính"
        }
    },
    "Xã Cẩm Thạch": {
        "Xã Cẩm Thạch": {
            "state": "Thanh Hóa",
            "city": "Xã Cẩm Thạch",
            "ward": "Xã Cẩm Thạch"
        }
    },
    "Xã Cẩm Thủy": {
        "Xã Cẩm Thủy": {
            "state": "Thanh Hóa",
            "city": "Xã Cẩm Thủy",
            "ward": "Xã Cẩm Thủy"
        }
    },
    "Xã Cẩm Tân": {
        "Xã Cẩm Tân": {
            "state": "Thanh Hóa",
            "city": "Xã Cẩm Tân",
            "ward": "Xã Cẩm Tân"
        }
    },
    "Xã Cẩm Tú": {
        "Xã Cẩm Tú": {
            "state": "Thanh Hóa",
            "city": "Xã Cẩm Tú",
            "ward": "Xã Cẩm Tú"
        }
    },
    "Xã Cẩm Vân": {
        "Xã Cẩm Vân": {
            "state": "Thanh Hóa",
            "city": "Xã Cẩm Vân",
            "ward": "Xã Cẩm Vân"
        }
    },
    "Xã Cổ Lũng": {
        "Xã Cổ Lũng": {
            "state": "Thanh Hóa",
            "city": "Xã Cổ Lũng",
            "ward": "Xã Cổ Lũng"
        }
    },
    "Xã Giao An": {
        "Xã Giao An": {
            "state": "Thanh Hóa",
            "city": "Xã Giao An",
            "ward": "Xã Giao An"
        }
    },
    "Xã Hiền Kiệt": {
        "Xã Hiền Kiệt": {
            "state": "Thanh Hóa",
            "city": "Xã Hiền Kiệt",
            "ward": "Xã Hiền Kiệt"
        }
    },
    "Xã Hoa Lộc": {
        "Xã Hoa Lộc": {
            "state": "Thanh Hóa",
            "city": "Xã Hoa Lộc",
            "ward": "Xã Hoa Lộc"
        }
    },
    "Xã Hoạt Giang": {
        "Xã Hoạt Giang": {
            "state": "Thanh Hóa",
            "city": "Xã Hoạt Giang",
            "ward": "Xã Hoạt Giang"
        }
    },
    "Xã Hoằng Châu": {
        "Xã Hoằng Châu": {
            "state": "Thanh Hóa",
            "city": "Xã Hoằng Châu",
            "ward": "Xã Hoằng Châu"
        }
    },
    "Xã Hoằng Giang": {
        "Xã Hoằng Giang": {
            "state": "Thanh Hóa",
            "city": "Xã Hoằng Giang",
            "ward": "Xã Hoằng Giang"
        }
    },
    "Xã Hoằng Hóa": {
        "Xã Hoằng Hóa": {
            "state": "Thanh Hóa",
            "city": "Xã Hoằng Hóa",
            "ward": "Xã Hoằng Hóa"
        }
    },
    "Xã Hoằng Lộc": {
        "Xã Hoằng Lộc": {
            "state": "Thanh Hóa",
            "city": "Xã Hoằng Lộc",
            "ward": "Xã Hoằng Lộc"
        }
    },
    "Xã Hoằng Phú": {
        "Xã Hoằng Phú": {
            "state": "Thanh Hóa",
            "city": "Xã Hoằng Phú",
            "ward": "Xã Hoằng Phú"
        }
    },
    "Xã Hoằng Sơn": {
        "Xã Hoằng Sơn": {
            "state": "Thanh Hóa",
            "city": "Xã Hoằng Sơn",
            "ward": "Xã Hoằng Sơn"
        }
    },
    "Xã Hoằng Thanh": {
        "Xã Hoằng Thanh": {
            "state": "Thanh Hóa",
            "city": "Xã Hoằng Thanh",
            "ward": "Xã Hoằng Thanh"
        }
    },
    "Xã Hoằng Tiến": {
        "Xã Hoằng Tiến": {
            "state": "Thanh Hóa",
            "city": "Xã Hoằng Tiến",
            "ward": "Xã Hoằng Tiến"
        }
    },
    "Xã Hà Long": {
        "Xã Hà Long": {
            "state": "Thanh Hóa",
            "city": "Xã Hà Long",
            "ward": "Xã Hà Long"
        }
    },
    "Xã Hà Trung": {
        "Xã Hà Trung": {
            "state": "Thanh Hóa",
            "city": "Xã Hà Trung",
            "ward": "Xã Hà Trung"
        }
    },
    "Xã Hóa Quỳ": {
        "Xã Hóa Quỳ": {
            "state": "Thanh Hóa",
            "city": "Xã Hóa Quỳ",
            "ward": "Xã Hóa Quỳ"
        }
    },
    "Xã Hậu Lộc": {
        "Xã Hậu Lộc": {
            "state": "Thanh Hóa",
            "city": "Xã Hậu Lộc",
            "ward": "Xã Hậu Lộc"
        }
    },
    "Xã Hồ Vương": {
        "Xã Hồ Vương": {
            "state": "Thanh Hóa",
            "city": "Xã Hồ Vương",
            "ward": "Xã Hồ Vương"
        }
    },
    "Xã Hồi Xuân": {
        "Xã Hồi Xuân": {
            "state": "Thanh Hóa",
            "city": "Xã Hồi Xuân",
            "ward": "Xã Hồi Xuân"
        }
    },
    "Xã Hợp Tiến": {
        "Xã Hợp Tiến": {
            "state": "Thanh Hóa",
            "city": "Xã Hợp Tiến",
            "ward": "Xã Hợp Tiến"
        }
    },
    "Xã Kim Tân": {
        "Xã Kim Tân": {
            "state": "Thanh Hóa",
            "city": "Xã Kim Tân",
            "ward": "Xã Kim Tân"
        }
    },
    "Xã Kiên Thọ": {
        "Xã Kiên Thọ": {
            "state": "Thanh Hóa",
            "city": "Xã Kiên Thọ",
            "ward": "Xã Kiên Thọ"
        }
    },
    "Xã Lam Sơn": {
        "Xã Lam Sơn": {
            "state": "Thanh Hóa",
            "city": "Xã Lam Sơn",
            "ward": "Xã Lam Sơn"
        }
    },
    "Xã Linh Sơn": {
        "Xã Linh Sơn": {
            "state": "Thanh Hóa",
            "city": "Xã Linh Sơn",
            "ward": "Xã Linh Sơn"
        }
    },
    "Xã Luận Thành": {
        "Xã Luận Thành": {
            "state": "Thanh Hóa",
            "city": "Xã Luận Thành",
            "ward": "Xã Luận Thành"
        }
    },
    "Xã Lĩnh Toại": {
        "Xã Lĩnh Toại": {
            "state": "Thanh Hóa",
            "city": "Xã Lĩnh Toại",
            "ward": "Xã Lĩnh Toại"
        }
    },
    "Xã Lưu Vệ": {
        "Xã Lưu Vệ": {
            "state": "Thanh Hóa",
            "city": "Xã Lưu Vệ",
            "ward": "Xã Lưu Vệ"
        }
    },
    "Xã Lương Sơn": {
        "Xã Lương Sơn": {
            "state": "Thanh Hóa",
            "city": "Xã Lương Sơn",
            "ward": "Xã Lương Sơn"
        }
    },
    "Xã Minh Sơn": {
        "Xã Minh Sơn": {
            "state": "Thanh Hóa",
            "city": "Xã Minh Sơn",
            "ward": "Xã Minh Sơn"
        }
    },
    "Xã Mường Chanh": {
        "Xã Mường Chanh": {
            "state": "Thanh Hóa",
            "city": "Xã Mường Chanh",
            "ward": "Xã Mường Chanh"
        }
    },
    "Xã Mường Lát": {
        "Xã Mường Lát": {
            "state": "Thanh Hóa",
            "city": "Xã Mường Lát",
            "ward": "Xã Mường Lát"
        }
    },
    "Xã Mường Lý": {
        "Xã Mường Lý": {
            "state": "Thanh Hóa",
            "city": "Xã Mường Lý",
            "ward": "Xã Mường Lý"
        }
    },
    "Xã Mường Mìn": {
        "Xã Mường Mìn": {
            "state": "Thanh Hóa",
            "city": "Xã Mường Mìn",
            "ward": "Xã Mường Mìn"
        }
    },
    "Xã Mậu Lâm": {
        "Xã Mậu Lâm": {
            "state": "Thanh Hóa",
            "city": "Xã Mậu Lâm",
            "ward": "Xã Mậu Lâm"
        }
    },
    "Xã Na Mèo": {
        "Xã Na Mèo": {
            "state": "Thanh Hóa",
            "city": "Xã Na Mèo",
            "ward": "Xã Na Mèo"
        }
    },
    "Xã Nam Xuân": {
        "Xã Nam Xuân": {
            "state": "Thanh Hóa",
            "city": "Xã Nam Xuân",
            "ward": "Xã Nam Xuân"
        }
    },
    "Xã Nga An": {
        "Xã Nga An": {
            "state": "Thanh Hóa",
            "city": "Xã Nga An",
            "ward": "Xã Nga An"
        }
    },
    "Xã Nga Sơn": {
        "Xã Nga Sơn": {
            "state": "Thanh Hóa",
            "city": "Xã Nga Sơn",
            "ward": "Xã Nga Sơn"
        }
    },
    "Xã Nga Thắng": {
        "Xã Nga Thắng": {
            "state": "Thanh Hóa",
            "city": "Xã Nga Thắng",
            "ward": "Xã Nga Thắng"
        }
    },
    "Xã Nguyệt Ấn": {
        "Xã Nguyệt Ấn": {
            "state": "Thanh Hóa",
            "city": "Xã Nguyệt Ấn",
            "ward": "Xã Nguyệt Ấn"
        }
    },
    "Xã Ngọc Liên": {
        "Xã Ngọc Liên": {
            "state": "Thanh Hóa",
            "city": "Xã Ngọc Liên",
            "ward": "Xã Ngọc Liên"
        }
    },
    "Xã Ngọc Lặc": {
        "Xã Ngọc Lặc": {
            "state": "Thanh Hóa",
            "city": "Xã Ngọc Lặc",
            "ward": "Xã Ngọc Lặc"
        }
    },
    "Xã Ngọc Trạo": {
        "Xã Ngọc Trạo": {
            "state": "Thanh Hóa",
            "city": "Xã Ngọc Trạo",
            "ward": "Xã Ngọc Trạo"
        }
    },
    "Xã Nhi Sơn": {
        "Xã Nhi Sơn": {
            "state": "Thanh Hóa",
            "city": "Xã Nhi Sơn",
            "ward": "Xã Nhi Sơn"
        }
    },
    "Xã Như Thanh": {
        "Xã Như Thanh": {
            "state": "Thanh Hóa",
            "city": "Xã Như Thanh",
            "ward": "Xã Như Thanh"
        }
    },
    "Xã Như Xuân": {
        "Xã Như Xuân": {
            "state": "Thanh Hóa",
            "city": "Xã Như Xuân",
            "ward": "Xã Như Xuân"
        }
    },
    "Xã Nông Cống": {
        "Xã Nông Cống": {
            "state": "Thanh Hóa",
            "city": "Xã Nông Cống",
            "ward": "Xã Nông Cống"
        }
    },
    "Xã Phú Lệ": {
        "Xã Phú Lệ": {
            "state": "Thanh Hóa",
            "city": "Xã Phú Lệ",
            "ward": "Xã Phú Lệ"
        }
    },
    "Xã Phú Xuân": {
        "Xã Phú Xuân": {
            "state": "Thanh Hóa",
            "city": "Xã Phú Xuân",
            "ward": "Xã Phú Xuân"
        }
    },
    "Xã Pù Luông": {
        "Xã Pù Luông": {
            "state": "Thanh Hóa",
            "city": "Xã Pù Luông",
            "ward": "Xã Pù Luông"
        }
    },
    "Xã Pù Nhi": {
        "Xã Pù Nhi": {
            "state": "Thanh Hóa",
            "city": "Xã Pù Nhi",
            "ward": "Xã Pù Nhi"
        }
    },
    "Xã Quan Sơn": {
        "Xã Quan Sơn": {
            "state": "Thanh Hóa",
            "city": "Xã Quan Sơn",
            "ward": "Xã Quan Sơn"
        }
    },
    "Xã Quang Chiểu": {
        "Xã Quang Chiểu": {
            "state": "Thanh Hóa",
            "city": "Xã Quang Chiểu",
            "ward": "Xã Quang Chiểu"
        }
    },
    "Xã Quý Lương": {
        "Xã Quý Lương": {
            "state": "Thanh Hóa",
            "city": "Xã Quý Lương",
            "ward": "Xã Quý Lương"
        }
    },
    "Xã Quý Lộc": {
        "Xã Quý Lộc": {
            "state": "Thanh Hóa",
            "city": "Xã Quý Lộc",
            "ward": "Xã Quý Lộc"
        }
    },
    "Xã Quảng Bình": {
        "Xã Quảng Bình": {
            "state": "Thanh Hóa",
            "city": "Xã Quảng Bình",
            "ward": "Xã Quảng Bình"
        }
    },
    "Xã Quảng Chính": {
        "Xã Quảng Chính": {
            "state": "Thanh Hóa",
            "city": "Xã Quảng Chính",
            "ward": "Xã Quảng Chính"
        }
    },
    "Xã Quảng Ngọc": {
        "Xã Quảng Ngọc": {
            "state": "Thanh Hóa",
            "city": "Xã Quảng Ngọc",
            "ward": "Xã Quảng Ngọc"
        }
    },
    "Xã Quảng Ninh": {
        "Xã Quảng Ninh": {
            "state": "Thanh Hóa",
            "city": "Xã Quảng Ninh",
            "ward": "Xã Quảng Ninh"
        }
    },
    "Xã Quảng Yên": {
        "Xã Quảng Yên": {
            "state": "Thanh Hóa",
            "city": "Xã Quảng Yên",
            "ward": "Xã Quảng Yên"
        }
    },
    "Xã Sao Vàng": {
        "Xã Sao Vàng": {
            "state": "Thanh Hóa",
            "city": "Xã Sao Vàng",
            "ward": "Xã Sao Vàng"
        }
    },
    "Xã Sơn Thủy": {
        "Xã Sơn Thủy": {
            "state": "Thanh Hóa",
            "city": "Xã Sơn Thủy",
            "ward": "Xã Sơn Thủy"
        }
    },
    "Xã Sơn Điện": {
        "Xã Sơn Điện": {
            "state": "Thanh Hóa",
            "city": "Xã Sơn Điện",
            "ward": "Xã Sơn Điện"
        }
    },
    "Xã Tam Chung": {
        "Xã Tam Chung": {
            "state": "Thanh Hóa",
            "city": "Xã Tam Chung",
            "ward": "Xã Tam Chung"
        }
    },
    "Xã Tam Lư": {
        "Xã Tam Lư": {
            "state": "Thanh Hóa",
            "city": "Xã Tam Lư",
            "ward": "Xã Tam Lư"
        }
    },
    "Xã Tam Thanh": {
        "Xã Tam Thanh": {
            "state": "Thanh Hóa",
            "city": "Xã Tam Thanh",
            "ward": "Xã Tam Thanh"
        }
    },
    "Xã Thanh Kỳ": {
        "Xã Thanh Kỳ": {
            "state": "Thanh Hóa",
            "city": "Xã Thanh Kỳ",
            "ward": "Xã Thanh Kỳ"
        }
    },
    "Xã Thanh Phong": {
        "Xã Thanh Phong": {
            "state": "Thanh Hóa",
            "city": "Xã Thanh Phong",
            "ward": "Xã Thanh Phong"
        }
    },
    "Xã Thanh Quân": {
        "Xã Thanh Quân": {
            "state": "Thanh Hóa",
            "city": "Xã Thanh Quân",
            "ward": "Xã Thanh Quân"
        }
    },
    "Xã Thiên Phủ": {
        "Xã Thiên Phủ": {
            "state": "Thanh Hóa",
            "city": "Xã Thiên Phủ",
            "ward": "Xã Thiên Phủ"
        }
    },
    "Xã Thiết Ống": {
        "Xã Thiết Ống": {
            "state": "Thanh Hóa",
            "city": "Xã Thiết Ống",
            "ward": "Xã Thiết Ống"
        }
    },
    "Xã Thiệu Hóa": {
        "Xã Thiệu Hóa": {
            "state": "Thanh Hóa",
            "city": "Xã Thiệu Hóa",
            "ward": "Xã Thiệu Hóa"
        }
    },
    "Xã Thiệu Quang": {
        "Xã Thiệu Quang": {
            "state": "Thanh Hóa",
            "city": "Xã Thiệu Quang",
            "ward": "Xã Thiệu Quang"
        }
    },
    "Xã Thiệu Tiến": {
        "Xã Thiệu Tiến": {
            "state": "Thanh Hóa",
            "city": "Xã Thiệu Tiến",
            "ward": "Xã Thiệu Tiến"
        }
    },
    "Xã Thiệu Toán": {
        "Xã Thiệu Toán": {
            "state": "Thanh Hóa",
            "city": "Xã Thiệu Toán",
            "ward": "Xã Thiệu Toán"
        }
    },
    "Xã Thiệu Trung": {
        "Xã Thiệu Trung": {
            "state": "Thanh Hóa",
            "city": "Xã Thiệu Trung",
            "ward": "Xã Thiệu Trung"
        }
    },
    "Xã Thành Vinh": {
        "Xã Thành Vinh": {
            "state": "Thanh Hóa",
            "city": "Xã Thành Vinh",
            "ward": "Xã Thành Vinh"
        }
    },
    "Xã Thăng Bình": {
        "Xã Thăng Bình": {
            "state": "Thanh Hóa",
            "city": "Xã Thăng Bình",
            "ward": "Xã Thăng Bình"
        }
    },
    "Xã Thường Xuân": {
        "Xã Thường Xuân": {
            "state": "Thanh Hóa",
            "city": "Xã Thường Xuân",
            "ward": "Xã Thường Xuân"
        }
    },
    "Xã Thượng Ninh": {
        "Xã Thượng Ninh": {
            "state": "Thanh Hóa",
            "city": "Xã Thượng Ninh",
            "ward": "Xã Thượng Ninh"
        }
    },
    "Xã Thạch Bình": {
        "Xã Thạch Bình": {
            "state": "Thanh Hóa",
            "city": "Xã Thạch Bình",
            "ward": "Xã Thạch Bình"
        }
    },
    "Xã Thạch Lập": {
        "Xã Thạch Lập": {
            "state": "Thanh Hóa",
            "city": "Xã Thạch Lập",
            "ward": "Xã Thạch Lập"
        }
    },
    "Xã Thạch Quảng": {
        "Xã Thạch Quảng": {
            "state": "Thanh Hóa",
            "city": "Xã Thạch Quảng",
            "ward": "Xã Thạch Quảng"
        }
    },
    "Xã Thắng Lộc": {
        "Xã Thắng Lộc": {
            "state": "Thanh Hóa",
            "city": "Xã Thắng Lộc",
            "ward": "Xã Thắng Lộc"
        }
    },
    "Xã Thắng Lợi": {
        "Xã Thắng Lợi": {
            "state": "Thanh Hóa",
            "city": "Xã Thắng Lợi",
            "ward": "Xã Thắng Lợi"
        }
    },
    "Xã Thọ Bình": {
        "Xã Thọ Bình": {
            "state": "Thanh Hóa",
            "city": "Xã Thọ Bình",
            "ward": "Xã Thọ Bình"
        }
    },
    "Xã Thọ Long": {
        "Xã Thọ Long": {
            "state": "Thanh Hóa",
            "city": "Xã Thọ Long",
            "ward": "Xã Thọ Long"
        }
    },
    "Xã Thọ Lập": {
        "Xã Thọ Lập": {
            "state": "Thanh Hóa",
            "city": "Xã Thọ Lập",
            "ward": "Xã Thọ Lập"
        }
    },
    "Xã Thọ Ngọc": {
        "Xã Thọ Ngọc": {
            "state": "Thanh Hóa",
            "city": "Xã Thọ Ngọc",
            "ward": "Xã Thọ Ngọc"
        }
    },
    "Xã Thọ Phú": {
        "Xã Thọ Phú": {
            "state": "Thanh Hóa",
            "city": "Xã Thọ Phú",
            "ward": "Xã Thọ Phú"
        }
    },
    "Xã Thọ Xuân": {
        "Xã Thọ Xuân": {
            "state": "Thanh Hóa",
            "city": "Xã Thọ Xuân",
            "ward": "Xã Thọ Xuân"
        }
    },
    "Xã Tiên Trang": {
        "Xã Tiên Trang": {
            "state": "Thanh Hóa",
            "city": "Xã Tiên Trang",
            "ward": "Xã Tiên Trang"
        }
    },
    "Xã Triệu Lộc": {
        "Xã Triệu Lộc": {
            "state": "Thanh Hóa",
            "city": "Xã Triệu Lộc",
            "ward": "Xã Triệu Lộc"
        }
    },
    "Xã Triệu Sơn": {
        "Xã Triệu Sơn": {
            "state": "Thanh Hóa",
            "city": "Xã Triệu Sơn",
            "ward": "Xã Triệu Sơn"
        }
    },
    "Xã Trung Chính": {
        "Xã Trung Chính": {
            "state": "Thanh Hóa",
            "city": "Xã Trung Chính",
            "ward": "Xã Trung Chính"
        }
    },
    "Xã Trung Hạ": {
        "Xã Trung Hạ": {
            "state": "Thanh Hóa",
            "city": "Xã Trung Hạ",
            "ward": "Xã Trung Hạ"
        }
    },
    "Xã Trung Lý": {
        "Xã Trung Lý": {
            "state": "Thanh Hóa",
            "city": "Xã Trung Lý",
            "ward": "Xã Trung Lý"
        }
    },
    "Xã Trung Sơn": {
        "Xã Trung Sơn": {
            "state": "Thanh Hóa",
            "city": "Xã Trung Sơn",
            "ward": "Xã Trung Sơn"
        }
    },
    "Xã Trung Thành": {
        "Xã Trung Thành": {
            "state": "Thanh Hóa",
            "city": "Xã Trung Thành",
            "ward": "Xã Trung Thành"
        }
    },
    "Xã Trường Lâm": {
        "Xã Trường Lâm": {
            "state": "Thanh Hóa",
            "city": "Xã Trường Lâm",
            "ward": "Xã Trường Lâm"
        }
    },
    "Xã Trường Văn": {
        "Xã Trường Văn": {
            "state": "Thanh Hóa",
            "city": "Xã Trường Văn",
            "ward": "Xã Trường Văn"
        }
    },
    "Xã Tân Ninh": {
        "Xã Tân Ninh": {
            "state": "Thanh Hóa",
            "city": "Xã Tân Ninh",
            "ward": "Xã Tân Ninh"
        }
    },
    "Xã Tân Thành": {
        "Xã Tân Thành": {
            "state": "Thanh Hóa",
            "city": "Xã Tân Thành",
            "ward": "Xã Tân Thành"
        }
    },
    "Xã Tân Tiến": {
        "Xã Tân Tiến": {
            "state": "Thanh Hóa",
            "city": "Xã Tân Tiến",
            "ward": "Xã Tân Tiến"
        }
    },
    "Xã Tây Đô": {
        "Xã Tây Đô": {
            "state": "Thanh Hóa",
            "city": "Xã Tây Đô",
            "ward": "Xã Tây Đô"
        }
    },
    "Xã Tượng Lĩnh": {
        "Xã Tượng Lĩnh": {
            "state": "Thanh Hóa",
            "city": "Xã Tượng Lĩnh",
            "ward": "Xã Tượng Lĩnh"
        }
    },
    "Xã Tống Sơn": {
        "Xã Tống Sơn": {
            "state": "Thanh Hóa",
            "city": "Xã Tống Sơn",
            "ward": "Xã Tống Sơn"
        }
    },
    "Xã Vân Du": {
        "Xã Vân Du": {
            "state": "Thanh Hóa",
            "city": "Xã Vân Du",
            "ward": "Xã Vân Du"
        }
    },
    "Xã Văn Nho": {
        "Xã Văn Nho": {
            "state": "Thanh Hóa",
            "city": "Xã Văn Nho",
            "ward": "Xã Văn Nho"
        }
    },
    "Xã Văn Phú": {
        "Xã Văn Phú": {
            "state": "Thanh Hóa",
            "city": "Xã Văn Phú",
            "ward": "Xã Văn Phú"
        }
    },
    "Xã Vĩnh Lộc": {
        "Xã Vĩnh Lộc": {
            "state": "Thanh Hóa",
            "city": "Xã Vĩnh Lộc",
            "ward": "Xã Vĩnh Lộc"
        }
    },
    "Xã Vạn Lộc": {
        "Xã Vạn Lộc": {
            "state": "Thanh Hóa",
            "city": "Xã Vạn Lộc",
            "ward": "Xã Vạn Lộc"
        }
    },
    "Xã Vạn Xuân": {
        "Xã Vạn Xuân": {
            "state": "Thanh Hóa",
            "city": "Xã Vạn Xuân",
            "ward": "Xã Vạn Xuân"
        }
    },
    "Xã Xuân Bình": {
        "Xã Xuân Bình": {
            "state": "Thanh Hóa",
            "city": "Xã Xuân Bình",
            "ward": "Xã Xuân Bình"
        }
    },
    "Xã Xuân Chinh": {
        "Xã Xuân Chinh": {
            "state": "Thanh Hóa",
            "city": "Xã Xuân Chinh",
            "ward": "Xã Xuân Chinh"
        }
    },
    "Xã Xuân Du": {
        "Xã Xuân Du": {
            "state": "Thanh Hóa",
            "city": "Xã Xuân Du",
            "ward": "Xã Xuân Du"
        }
    },
    "Xã Xuân Hòa": {
        "Xã Xuân Hòa": {
            "state": "Thanh Hóa",
            "city": "Xã Xuân Hòa",
            "ward": "Xã Xuân Hòa"
        }
    },
    "Xã Xuân Lập": {
        "Xã Xuân Lập": {
            "state": "Thanh Hóa",
            "city": "Xã Xuân Lập",
            "ward": "Xã Xuân Lập"
        }
    },
    "Xã Xuân Thái": {
        "Xã Xuân Thái": {
            "state": "Thanh Hóa",
            "city": "Xã Xuân Thái",
            "ward": "Xã Xuân Thái"
        }
    },
    "Xã Xuân Tín": {
        "Xã Xuân Tín": {
            "state": "Thanh Hóa",
            "city": "Xã Xuân Tín",
            "ward": "Xã Xuân Tín"
        }
    },
    "Xã Yên Khương": {
        "Xã Yên Khương": {
            "state": "Thanh Hóa",
            "city": "Xã Yên Khương",
            "ward": "Xã Yên Khương"
        }
    },
    "Xã Yên Nhân": {
        "Xã Yên Nhân": {
            "state": "Thanh Hóa",
            "city": "Xã Yên Nhân",
            "ward": "Xã Yên Nhân"
        }
    },
    "Xã Yên Ninh": {
        "Xã Yên Ninh": {
            "state": "Thanh Hóa",
            "city": "Xã Yên Ninh",
            "ward": "Xã Yên Ninh"
        }
    },
    "Xã Yên Phú": {
        "Xã Yên Phú": {
            "state": "Thanh Hóa",
            "city": "Xã Yên Phú",
            "ward": "Xã Yên Phú"
        }
    },
    "Xã Yên Thắng": {
        "Xã Yên Thắng": {
            "state": "Thanh Hóa",
            "city": "Xã Yên Thắng",
            "ward": "Xã Yên Thắng"
        }
    },
    "Xã Yên Thọ": {
        "Xã Yên Thọ": {
            "state": "Thanh Hóa",
            "city": "Xã Yên Thọ",
            "ward": "Xã Yên Thọ"
        }
    },
    "Xã Yên Trường": {
        "Xã Yên Trường": {
            "state": "Thanh Hóa",
            "city": "Xã Yên Trường",
            "ward": "Xã Yên Trường"
        }
    },
    "Xã Yên Định": {
        "Xã Yên Định": {
            "state": "Thanh Hóa",
            "city": "Xã Yên Định",
            "ward": "Xã Yên Định"
        }
    },
    "Xã Điền Lư": {
        "Xã Điền Lư": {
            "state": "Thanh Hóa",
            "city": "Xã Điền Lư",
            "ward": "Xã Điền Lư"
        }
    },
    "Xã Điền Quang": {
        "Xã Điền Quang": {
            "state": "Thanh Hóa",
            "city": "Xã Điền Quang",
            "ward": "Xã Điền Quang"
        }
    },
    "Xã Đông Thành": {
        "Xã Đông Thành": {
            "state": "Thanh Hóa",
            "city": "Xã Đông Thành",
            "ward": "Xã Đông Thành"
        }
    },
    "Xã Định Hòa": {
        "Xã Định Hòa": {
            "state": "Thanh Hóa",
            "city": "Xã Định Hòa",
            "ward": "Xã Định Hòa"
        }
    },
    "Xã Định Tân": {
        "Xã Định Tân": {
            "state": "Thanh Hóa",
            "city": "Xã Định Tân",
            "ward": "Xã Định Tân"
        }
    },
    "Xã Đồng Lương": {
        "Xã Đồng Lương": {
            "state": "Thanh Hóa",
            "city": "Xã Đồng Lương",
            "ward": "Xã Đồng Lương"
        }
    },
    "Xã Đồng Tiến": {
        "Xã Đồng Tiến": {
            "state": "Thanh Hóa",
            "city": "Xã Đồng Tiến",
            "ward": "Xã Đồng Tiến"
        }
    }
}