{
    "Phường An Tường": {
        "Phường An Tường": {
            "state": "Tuyên Quang",
            "city": "Phường An Tường",
            "ward": "Phường An Tường"
        }
    },
    "Phường Bình Thuận": {
        "Phường Bình Thuận": {
            "state": "Tuyên Quang",
            "city": "Phường Bình Thuận",
            "ward": "Phường Bình Thuận"
        }
    },
    "Phường Hà Giang 1": {
        "Phường Hà Giang 1": {
            "state": "Tuyên Quang",
            "city": "Phường Hà Giang 1",
            "ward": "Phường Hà Giang 1"
        }
    },
    "Phường Hà Giang 2": {
        "Phường Hà Giang 2": {
            "state": "Tuyên Quang",
            "city": "Phường Hà Giang 2",
            "ward": "Phường Hà Giang 2"
        }
    },
    "Phường Minh Xuân": {
        "Phường Minh Xuân": {
            "state": "Tuyên Quang",
            "city": "Phường Minh Xuân",
            "ward": "Phường Minh Xuân"
        }
    },
    "Phường Mỹ Lâm": {
        "Phường Mỹ Lâm": {
            "state": "Tuyên Quang",
            "city": "Phường Mỹ Lâm",
            "ward": "Phường Mỹ Lâm"
        }
    },
    "Phường Nông Tiến": {
        "Phường Nông Tiến": {
            "state": "Tuyên Quang",
            "city": "Phường Nông Tiến",
            "ward": "Phường Nông Tiến"
        }
    },
    "Xã Bình An": {
        "Xã Bình An": {
            "state": "Tuyên Quang",
            "city": "Xã Bình An",
            "ward": "Xã Bình An"
        }
    },
    "Xã Bình Ca": {
        "Xã Bình Ca": {
            "state": "Tuyên Quang",
            "city": "Xã Bình Ca",
            "ward": "Xã Bình Ca"
        }
    },
    "Xã Bình Xa": {
        "Xã Bình Xa": {
            "state": "Tuyên Quang",
            "city": "Xã Bình Xa",
            "ward": "Xã Bình Xa"
        }
    },
    "Xã Bạch Ngọc": {
        "Xã Bạch Ngọc": {
            "state": "Tuyên Quang",
            "city": "Xã Bạch Ngọc",
            "ward": "Xã Bạch Ngọc"
        }
    },
    "Xã Bạch Xa": {
        "Xã Bạch Xa": {
            "state": "Tuyên Quang",
            "city": "Xã Bạch Xa",
            "ward": "Xã Bạch Xa"
        }
    },
    "Xã Bạch Đích": {
        "Xã Bạch Đích": {
            "state": "Tuyên Quang",
            "city": "Xã Bạch Đích",
            "ward": "Xã Bạch Đích"
        }
    },
    "Xã Bản Máy": {
        "Xã Bản Máy": {
            "state": "Tuyên Quang",
            "city": "Xã Bản Máy",
            "ward": "Xã Bản Máy"
        }
    },
    "Xã Bắc Mê": {
        "Xã Bắc Mê": {
            "state": "Tuyên Quang",
            "city": "Xã Bắc Mê",
            "ward": "Xã Bắc Mê"
        }
    },
    "Xã Bắc Quang": {
        "Xã Bắc Quang": {
            "state": "Tuyên Quang",
            "city": "Xã Bắc Quang",
            "ward": "Xã Bắc Quang"
        }
    },
    "Xã Bằng Hành": {
        "Xã Bằng Hành": {
            "state": "Tuyên Quang",
            "city": "Xã Bằng Hành",
            "ward": "Xã Bằng Hành"
        }
    },
    "Xã Bằng Lang": {
        "Xã Bằng Lang": {
            "state": "Tuyên Quang",
            "city": "Xã Bằng Lang",
            "ward": "Xã Bằng Lang"
        }
    },
    "Xã Cao Bồ": {
        "Xã Cao Bồ": {
            "state": "Tuyên Quang",
            "city": "Xã Cao Bồ",
            "ward": "Xã Cao Bồ"
        }
    },
    "Xã Chiêm Hóa": {
        "Xã Chiêm Hóa": {
            "state": "Tuyên Quang",
            "city": "Xã Chiêm Hóa",
            "ward": "Xã Chiêm Hóa"
        }
    },
    "Xã Cán Tỷ": {
        "Xã Cán Tỷ": {
            "state": "Tuyên Quang",
            "city": "Xã Cán Tỷ",
            "ward": "Xã Cán Tỷ"
        }
    },
    "Xã Côn Lôn": {
        "Xã Côn Lôn": {
            "state": "Tuyên Quang",
            "city": "Xã Côn Lôn",
            "ward": "Xã Côn Lôn"
        }
    },
    "Xã Du Già": {
        "Xã Du Già": {
            "state": "Tuyên Quang",
            "city": "Xã Du Già",
            "ward": "Xã Du Già"
        }
    },
    "Xã Giáp Trung": {
        "Xã Giáp Trung": {
            "state": "Tuyên Quang",
            "city": "Xã Giáp Trung",
            "ward": "Xã Giáp Trung"
        }
    },
    "Xã Hoàng Su Phì": {
        "Xã Hoàng Su Phì": {
            "state": "Tuyên Quang",
            "city": "Xã Hoàng Su Phì",
            "ward": "Xã Hoàng Su Phì"
        }
    },
    "Xã Hàm Yên": {
        "Xã Hàm Yên": {
            "state": "Tuyên Quang",
            "city": "Xã Hàm Yên",
            "ward": "Xã Hàm Yên"
        }
    },
    "Xã Hòa An": {
        "Xã Hòa An": {
            "state": "Tuyên Quang",
            "city": "Xã Hòa An",
            "ward": "Xã Hòa An"
        }
    },
    "Xã Hùng An": {
        "Xã Hùng An": {
            "state": "Tuyên Quang",
            "city": "Xã Hùng An",
            "ward": "Xã Hùng An"
        }
    },
    "Xã Hùng Lợi": {
        "Xã Hùng Lợi": {
            "state": "Tuyên Quang",
            "city": "Xã Hùng Lợi",
            "ward": "Xã Hùng Lợi"
        }
    },
    "Xã Hùng Đức": {
        "Xã Hùng Đức": {
            "state": "Tuyên Quang",
            "city": "Xã Hùng Đức",
            "ward": "Xã Hùng Đức"
        }
    },
    "Xã Hồ Thầu": {
        "Xã Hồ Thầu": {
            "state": "Tuyên Quang",
            "city": "Xã Hồ Thầu",
            "ward": "Xã Hồ Thầu"
        }
    },
    "Xã Hồng Sơn": {
        "Xã Hồng Sơn": {
            "state": "Tuyên Quang",
            "city": "Xã Hồng Sơn",
            "ward": "Xã Hồng Sơn"
        }
    },
    "Xã Hồng Thái": {
        "Xã Hồng Thái": {
            "state": "Tuyên Quang",
            "city": "Xã Hồng Thái",
            "ward": "Xã Hồng Thái"
        }
    },
    "Xã Khuôn Lùng": {
        "Xã Khuôn Lùng": {
            "state": "Tuyên Quang",
            "city": "Xã Khuôn Lùng",
            "ward": "Xã Khuôn Lùng"
        }
    },
    "Xã Khâu Vai": {
        "Xã Khâu Vai": {
            "state": "Tuyên Quang",
            "city": "Xã Khâu Vai",
            "ward": "Xã Khâu Vai"
        }
    },
    "Xã Kim Bình": {
        "Xã Kim Bình": {
            "state": "Tuyên Quang",
            "city": "Xã Kim Bình",
            "ward": "Xã Kim Bình"
        }
    },
    "Xã Kiên Đài": {
        "Xã Kiên Đài": {
            "state": "Tuyên Quang",
            "city": "Xã Kiên Đài",
            "ward": "Xã Kiên Đài"
        }
    },
    "Xã Kiến Thiết": {
        "Xã Kiến Thiết": {
            "state": "Tuyên Quang",
            "city": "Xã Kiến Thiết",
            "ward": "Xã Kiến Thiết"
        }
    },
    "Xã Lao Chải": {
        "Xã Lao Chải": {
            "state": "Tuyên Quang",
            "city": "Xã Lao Chải",
            "ward": "Xã Lao Chải"
        }
    },
    "Xã Linh Hồ": {
        "Xã Linh Hồ": {
            "state": "Tuyên Quang",
            "city": "Xã Linh Hồ",
            "ward": "Xã Linh Hồ"
        }
    },
    "Xã Liên Hiệp": {
        "Xã Liên Hiệp": {
            "state": "Tuyên Quang",
            "city": "Xã Liên Hiệp",
            "ward": "Xã Liên Hiệp"
        }
    },
    "Xã Lâm Bình": {
        "Xã Lâm Bình": {
            "state": "Tuyên Quang",
            "city": "Xã Lâm Bình",
            "ward": "Xã Lâm Bình"
        }
    },
    "Xã Lùng Tám": {
        "Xã Lùng Tám": {
            "state": "Tuyên Quang",
            "city": "Xã Lùng Tám",
            "ward": "Xã Lùng Tám"
        }
    },
    "Xã Lũng Cú": {
        "Xã Lũng Cú": {
            "state": "Tuyên Quang",
            "city": "Xã Lũng Cú",
            "ward": "Xã Lũng Cú"
        }
    },
    "Xã Lũng Phìn": {
        "Xã Lũng Phìn": {
            "state": "Tuyên Quang",
            "city": "Xã Lũng Phìn",
            "ward": "Xã Lũng Phìn"
        }
    },
    "Xã Lực Hành": {
        "Xã Lực Hành": {
            "state": "Tuyên Quang",
            "city": "Xã Lực Hành",
            "ward": "Xã Lực Hành"
        }
    },
    "Xã Minh Ngọc": {
        "Xã Minh Ngọc": {
            "state": "Tuyên Quang",
            "city": "Xã Minh Ngọc",
            "ward": "Xã Minh Ngọc"
        }
    },
    "Xã Minh Quang": {
        "Xã Minh Quang": {
            "state": "Tuyên Quang",
            "city": "Xã Minh Quang",
            "ward": "Xã Minh Quang"
        }
    },
    "Xã Minh Sơn": {
        "Xã Minh Sơn": {
            "state": "Tuyên Quang",
            "city": "Xã Minh Sơn",
            "ward": "Xã Minh Sơn"
        }
    },
    "Xã Minh Thanh": {
        "Xã Minh Thanh": {
            "state": "Tuyên Quang",
            "city": "Xã Minh Thanh",
            "ward": "Xã Minh Thanh"
        }
    },
    "Xã Minh Tân": {
        "Xã Minh Tân": {
            "state": "Tuyên Quang",
            "city": "Xã Minh Tân",
            "ward": "Xã Minh Tân"
        }
    },
    "Xã Mèo Vạc": {
        "Xã Mèo Vạc": {
            "state": "Tuyên Quang",
            "city": "Xã Mèo Vạc",
            "ward": "Xã Mèo Vạc"
        }
    },
    "Xã Mậu Duệ": {
        "Xã Mậu Duệ": {
            "state": "Tuyên Quang",
            "city": "Xã Mậu Duệ",
            "ward": "Xã Mậu Duệ"
        }
    },
    "Xã Nghĩa Thuận": {
        "Xã Nghĩa Thuận": {
            "state": "Tuyên Quang",
            "city": "Xã Nghĩa Thuận",
            "ward": "Xã Nghĩa Thuận"
        }
    },
    "Xã Ngọc Long": {
        "Xã Ngọc Long": {
            "state": "Tuyên Quang",
            "city": "Xã Ngọc Long",
            "ward": "Xã Ngọc Long"
        }
    },
    "Xã Ngọc Đường": {
        "Xã Ngọc Đường": {
            "state": "Tuyên Quang",
            "city": "Xã Ngọc Đường",
            "ward": "Xã Ngọc Đường"
        }
    },
    "Xã Nhữ Khê": {
        "Xã Nhữ Khê": {
            "state": "Tuyên Quang",
            "city": "Xã Nhữ Khê",
            "ward": "Xã Nhữ Khê"
        }
    },
    "Xã Niêm Sơn": {
        "Xã Niêm Sơn": {
            "state": "Tuyên Quang",
            "city": "Xã Niêm Sơn",
            "ward": "Xã Niêm Sơn"
        }
    },
    "Xã Nà Hang": {
        "Xã Nà Hang": {
            "state": "Tuyên Quang",
            "city": "Xã Nà Hang",
            "ward": "Xã Nà Hang"
        }
    },
    "Xã Nấm Dẩn": {
        "Xã Nấm Dẩn": {
            "state": "Tuyên Quang",
            "city": "Xã Nấm Dẩn",
            "ward": "Xã Nấm Dẩn"
        }
    },
    "Xã Nậm Dịch": {
        "Xã Nậm Dịch": {
            "state": "Tuyên Quang",
            "city": "Xã Nậm Dịch",
            "ward": "Xã Nậm Dịch"
        }
    },
    "Xã Phù Lưu": {
        "Xã Phù Lưu": {
            "state": "Tuyên Quang",
            "city": "Xã Phù Lưu",
            "ward": "Xã Phù Lưu"
        }
    },
    "Xã Phú Linh": {
        "Xã Phú Linh": {
            "state": "Tuyên Quang",
            "city": "Xã Phú Linh",
            "ward": "Xã Phú Linh"
        }
    },
    "Xã Phú Lương": {
        "Xã Phú Lương": {
            "state": "Tuyên Quang",
            "city": "Xã Phú Lương",
            "ward": "Xã Phú Lương"
        }
    },
    "Xã Phố Bảng": {
        "Xã Phố Bảng": {
            "state": "Tuyên Quang",
            "city": "Xã Phố Bảng",
            "ward": "Xã Phố Bảng"
        }
    },
    "Xã Pà Vầy Sủ": {
        "Xã Pà Vầy Sủ": {
            "state": "Tuyên Quang",
            "city": "Xã Pà Vầy Sủ",
            "ward": "Xã Pà Vầy Sủ"
        }
    },
    "Xã Pờ Ly Ngài": {
        "Xã Pờ Ly Ngài": {
            "state": "Tuyên Quang",
            "city": "Xã Pờ Ly Ngài",
            "ward": "Xã Pờ Ly Ngài"
        }
    },
    "Xã Quang Bình": {
        "Xã Quang Bình": {
            "state": "Tuyên Quang",
            "city": "Xã Quang Bình",
            "ward": "Xã Quang Bình"
        }
    },
    "Xã Quản Bạ": {
        "Xã Quản Bạ": {
            "state": "Tuyên Quang",
            "city": "Xã Quản Bạ",
            "ward": "Xã Quản Bạ"
        }
    },
    "Xã Quảng Nguyên": {
        "Xã Quảng Nguyên": {
            "state": "Tuyên Quang",
            "city": "Xã Quảng Nguyên",
            "ward": "Xã Quảng Nguyên"
        }
    },
    "Xã Sà Phìn": {
        "Xã Sà Phìn": {
            "state": "Tuyên Quang",
            "city": "Xã Sà Phìn",
            "ward": "Xã Sà Phìn"
        }
    },
    "Xã Sơn Dương": {
        "Xã Sơn Dương": {
            "state": "Tuyên Quang",
            "city": "Xã Sơn Dương",
            "ward": "Xã Sơn Dương"
        }
    },
    "Xã Sơn Thủy": {
        "Xã Sơn Thủy": {
            "state": "Tuyên Quang",
            "city": "Xã Sơn Thủy",
            "ward": "Xã Sơn Thủy"
        }
    },
    "Xã Sơn Vĩ": {
        "Xã Sơn Vĩ": {
            "state": "Tuyên Quang",
            "city": "Xã Sơn Vĩ",
            "ward": "Xã Sơn Vĩ"
        }
    },
    "Xã Sủng Máng": {
        "Xã Sủng Máng": {
            "state": "Tuyên Quang",
            "city": "Xã Sủng Máng",
            "ward": "Xã Sủng Máng"
        }
    },
    "Xã Thanh Thủy": {
        "Xã Thanh Thủy": {
            "state": "Tuyên Quang",
            "city": "Xã Thanh Thủy",
            "ward": "Xã Thanh Thủy"
        }
    },
    "Xã Thuận Hòa": {
        "Xã Thuận Hòa": {
            "state": "Tuyên Quang",
            "city": "Xã Thuận Hòa",
            "ward": "Xã Thuận Hòa"
        }
    },
    "Xã Thàng Tín": {
        "Xã Thàng Tín": {
            "state": "Tuyên Quang",
            "city": "Xã Thàng Tín",
            "ward": "Xã Thàng Tín"
        }
    },
    "Xã Thái Bình": {
        "Xã Thái Bình": {
            "state": "Tuyên Quang",
            "city": "Xã Thái Bình",
            "ward": "Xã Thái Bình"
        }
    },
    "Xã Thái Hòa": {
        "Xã Thái Hòa": {
            "state": "Tuyên Quang",
            "city": "Xã Thái Hòa",
            "ward": "Xã Thái Hòa"
        }
    },
    "Xã Thái Sơn": {
        "Xã Thái Sơn": {
            "state": "Tuyên Quang",
            "city": "Xã Thái Sơn",
            "ward": "Xã Thái Sơn"
        }
    },
    "Xã Thông Nguyên": {
        "Xã Thông Nguyên": {
            "state": "Tuyên Quang",
            "city": "Xã Thông Nguyên",
            "ward": "Xã Thông Nguyên"
        }
    },
    "Xã Thượng Lâm": {
        "Xã Thượng Lâm": {
            "state": "Tuyên Quang",
            "city": "Xã Thượng Lâm",
            "ward": "Xã Thượng Lâm"
        }
    },
    "Xã Thượng Nông": {
        "Xã Thượng Nông": {
            "state": "Tuyên Quang",
            "city": "Xã Thượng Nông",
            "ward": "Xã Thượng Nông"
        }
    },
    "Xã Thượng Sơn": {
        "Xã Thượng Sơn": {
            "state": "Tuyên Quang",
            "city": "Xã Thượng Sơn",
            "ward": "Xã Thượng Sơn"
        }
    },
    "Xã Thắng Mố": {
        "Xã Thắng Mố": {
            "state": "Tuyên Quang",
            "city": "Xã Thắng Mố",
            "ward": "Xã Thắng Mố"
        }
    },
    "Xã Tiên Nguyên": {
        "Xã Tiên Nguyên": {
            "state": "Tuyên Quang",
            "city": "Xã Tiên Nguyên",
            "ward": "Xã Tiên Nguyên"
        }
    },
    "Xã Tiên Yên": {
        "Xã Tiên Yên": {
            "state": "Tuyên Quang",
            "city": "Xã Tiên Yên",
            "ward": "Xã Tiên Yên"
        }
    },
    "Xã Tri Phú": {
        "Xã Tri Phú": {
            "state": "Tuyên Quang",
            "city": "Xã Tri Phú",
            "ward": "Xã Tri Phú"
        }
    },
    "Xã Trung Hà": {
        "Xã Trung Hà": {
            "state": "Tuyên Quang",
            "city": "Xã Trung Hà",
            "ward": "Xã Trung Hà"
        }
    },
    "Xã Trung Sơn": {
        "Xã Trung Sơn": {
            "state": "Tuyên Quang",
            "city": "Xã Trung Sơn",
            "ward": "Xã Trung Sơn"
        }
    },
    "Xã Trung Thịnh": {
        "Xã Trung Thịnh": {
            "state": "Tuyên Quang",
            "city": "Xã Trung Thịnh",
            "ward": "Xã Trung Thịnh"
        }
    },
    "Xã Trường Sinh": {
        "Xã Trường Sinh": {
            "state": "Tuyên Quang",
            "city": "Xã Trường Sinh",
            "ward": "Xã Trường Sinh"
        }
    },
    "Xã Tát Ngà": {
        "Xã Tát Ngà": {
            "state": "Tuyên Quang",
            "city": "Xã Tát Ngà",
            "ward": "Xã Tát Ngà"
        }
    },
    "Xã Tân An": {
        "Xã Tân An": {
            "state": "Tuyên Quang",
            "city": "Xã Tân An",
            "ward": "Xã Tân An"
        }
    },
    "Xã Tân Long": {
        "Xã Tân Long": {
            "state": "Tuyên Quang",
            "city": "Xã Tân Long",
            "ward": "Xã Tân Long"
        }
    },
    "Xã Tân Mỹ": {
        "Xã Tân Mỹ": {
            "state": "Tuyên Quang",
            "city": "Xã Tân Mỹ",
            "ward": "Xã Tân Mỹ"
        }
    },
    "Xã Tân Quang": {
        "Xã Tân Quang": {
            "state": "Tuyên Quang",
            "city": "Xã Tân Quang",
            "ward": "Xã Tân Quang"
        }
    },
    "Xã Tân Thanh": {
        "Xã Tân Thanh": {
            "state": "Tuyên Quang",
            "city": "Xã Tân Thanh",
            "ward": "Xã Tân Thanh"
        }
    },
    "Xã Tân Tiến": {
        "Xã Tân Tiến": {
            "state": "Tuyên Quang",
            "city": "Xã Tân Tiến",
            "ward": "Xã Tân Tiến"
        }
    },
    "Xã Tân Trào": {
        "Xã Tân Trào": {
            "state": "Tuyên Quang",
            "city": "Xã Tân Trào",
            "ward": "Xã Tân Trào"
        }
    },
    "Xã Tân Trịnh": {
        "Xã Tân Trịnh": {
            "state": "Tuyên Quang",
            "city": "Xã Tân Trịnh",
            "ward": "Xã Tân Trịnh"
        }
    },
    "Xã Tùng Bá": {
        "Xã Tùng Bá": {
            "state": "Tuyên Quang",
            "city": "Xã Tùng Bá",
            "ward": "Xã Tùng Bá"
        }
    },
    "Xã Tùng Vài": {
        "Xã Tùng Vài": {
            "state": "Tuyên Quang",
            "city": "Xã Tùng Vài",
            "ward": "Xã Tùng Vài"
        }
    },
    "Xã Việt Lâm": {
        "Xã Việt Lâm": {
            "state": "Tuyên Quang",
            "city": "Xã Việt Lâm",
            "ward": "Xã Việt Lâm"
        }
    },
    "Xã Vĩnh Tuy": {
        "Xã Vĩnh Tuy": {
            "state": "Tuyên Quang",
            "city": "Xã Vĩnh Tuy",
            "ward": "Xã Vĩnh Tuy"
        }
    },
    "Xã Vị Xuyên": {
        "Xã Vị Xuyên": {
            "state": "Tuyên Quang",
            "city": "Xã Vị Xuyên",
            "ward": "Xã Vị Xuyên"
        }
    },
    "Xã Xuân Giang": {
        "Xã Xuân Giang": {
            "state": "Tuyên Quang",
            "city": "Xã Xuân Giang",
            "ward": "Xã Xuân Giang"
        }
    },
    "Xã Xuân Vân": {
        "Xã Xuân Vân": {
            "state": "Tuyên Quang",
            "city": "Xã Xuân Vân",
            "ward": "Xã Xuân Vân"
        }
    },
    "Xã Xín Mần": {
        "Xã Xín Mần": {
            "state": "Tuyên Quang",
            "city": "Xã Xín Mần",
            "ward": "Xã Xín Mần"
        }
    },
    "Xã Yên Cường": {
        "Xã Yên Cường": {
            "state": "Tuyên Quang",
            "city": "Xã Yên Cường",
            "ward": "Xã Yên Cường"
        }
    },
    "Xã Yên Hoa": {
        "Xã Yên Hoa": {
            "state": "Tuyên Quang",
            "city": "Xã Yên Hoa",
            "ward": "Xã Yên Hoa"
        }
    },
    "Xã Yên Lập": {
        "Xã Yên Lập": {
            "state": "Tuyên Quang",
            "city": "Xã Yên Lập",
            "ward": "Xã Yên Lập"
        }
    },
    "Xã Yên Minh": {
        "Xã Yên Minh": {
            "state": "Tuyên Quang",
            "city": "Xã Yên Minh",
            "ward": "Xã Yên Minh"
        }
    },
    "Xã Yên Nguyên": {
        "Xã Yên Nguyên": {
            "state": "Tuyên Quang",
            "city": "Xã Yên Nguyên",
            "ward": "Xã Yên Nguyên"
        }
    },
    "Xã Yên Phú": {
        "Xã Yên Phú": {
            "state": "Tuyên Quang",
            "city": "Xã Yên Phú",
            "ward": "Xã Yên Phú"
        }
    },
    "Xã Yên Sơn": {
        "Xã Yên Sơn": {
            "state": "Tuyên Quang",
            "city": "Xã Yên Sơn",
            "ward": "Xã Yên Sơn"
        }
    },
    "Xã Yên Thành": {
        "Xã Yên Thành": {
            "state": "Tuyên Quang",
            "city": "Xã Yên Thành",
            "ward": "Xã Yên Thành"
        }
    },
    "Xã Đông Thọ": {
        "Xã Đông Thọ": {
            "state": "Tuyên Quang",
            "city": "Xã Đông Thọ",
            "ward": "Xã Đông Thọ"
        }
    },
    "Xã Đường Hồng": {
        "Xã Đường Hồng": {
            "state": "Tuyên Quang",
            "city": "Xã Đường Hồng",
            "ward": "Xã Đường Hồng"
        }
    },
    "Xã Đường Thượng": {
        "Xã Đường Thượng": {
            "state": "Tuyên Quang",
            "city": "Xã Đường Thượng",
            "ward": "Xã Đường Thượng"
        }
    },
    "Xã Đồng Tâm": {
        "Xã Đồng Tâm": {
            "state": "Tuyên Quang",
            "city": "Xã Đồng Tâm",
            "ward": "Xã Đồng Tâm"
        }
    },
    "Xã Đồng Văn": {
        "Xã Đồng Văn": {
            "state": "Tuyên Quang",
            "city": "Xã Đồng Văn",
            "ward": "Xã Đồng Văn"
        }
    },
    "Xã Đồng Yên": {
        "Xã Đồng Yên": {
            "state": "Tuyên Quang",
            "city": "Xã Đồng Yên",
            "ward": "Xã Đồng Yên"
        }
    }
}